{
  "type": "FeatureCollection",
  "features": [
    {
      "type": "Feature",
      "properties": {
        "name": "Volkspark Jungfernheide (intensiv)",
        "info": "",
        "category": "Grünanlage"
      },
      "geometry": {
        "type": "Point",
        "coordinates": [
          13.286288471112766,
          52.54382509193763
        ]
      }
    },
    {
      "type": "Feature",
      "properties": {
        "name": "Schlosspark Charlottenburg",
        "info": "",
        "category": "Grünanlage"
      },
      "geometry": {
        "type": "Point",
        "coordinates": [
          13.29297923374619,
          52.52427523419676
        ]
      }
    },
    {
      "type": "Feature",
      "properties": {
        "name": "Ruhwaldpark",
        "info": "",
        "category": "Grünanlage"
      },
      "geometry": {
        "type": "Point",
        "coordinates": [
          13.258999341426085,
          52.523989304685855
        ]
      }
    },
    {
      "type": "Feature",
      "properties": {
        "name": "Goebelplatz - Grünanlage",
        "info": "",
        "category": "Grünanlage"
      },
      "geometry": {
        "type": "Point",
        "coordinates": [
          13.28018456668688,
          52.538506772619364
        ]
      }
    },
    {
      "type": "Feature",
      "properties": {
        "name": "Murellenweg - Grüngürtel am Olympiastadion",
        "info": "ehem. Olympiastadion, Grüngürtel",
        "category": "Grünanlage"
      },
      "geometry": {
        "type": "Point",
        "coordinates": [
          13.241822364531625,
          52.52178898898267
        ]
      }
    },
    {
      "type": "Feature",
      "properties": {
        "name": "Platz am Wilden Eber - Grünanlage",
        "info": "Platzmitte",
        "category": "Grünanlage"
      },
      "geometry": {
        "type": "Point",
        "coordinates": [
          13.289666400094196,
          52.47047168556803
        ]
      }
    },
    {
      "type": "Feature",
      "properties": {
        "name": "Warnemünder Str. - Mittelstreifen - GA",
        "info": "Straßenpromenade",
        "category": "Grünanlage"
      },
      "geometry": {
        "type": "Point",
        "coordinates": [
          13.290286141023797,
          52.47444417850511
        ]
      }
    },
    {
      "type": "Feature",
      "properties": {
        "name": "Abendruh (ehem. Gärtnerei) - Grünanlage",
        "info": "Grünanlage (Straße 70, Nr. 18)",
        "category": "Grünanlage"
      },
      "geometry": {
        "type": "Point",
        "coordinates": [
          13.303801472327365,
          52.543591294986975
        ]
      }
    },
    {
      "type": "Feature",
      "properties": {
        "name": "Steinplatz - Grünanlage",
        "info": "",
        "category": "Grünanlage"
      },
      "geometry": {
        "type": "Point",
        "coordinates": [
          13.325852805574282,
          52.50872385693971
        ]
      }
    },
    {
      "type": "Feature",
      "properties": {
        "name": "Sophie-Charlotten-Platz - GA",
        "info": "",
        "category": "Grünanlage"
      },
      "geometry": {
        "type": "Point",
        "coordinates": [
          13.296654964386665,
          52.511420422101494
        ]
      }
    },
    {
      "type": "Feature",
      "properties": {
        "name": "Klausenerplatz - Grünanlage",
        "info": "",
        "category": "Grünanlage"
      },
      "geometry": {
        "type": "Point",
        "coordinates": [
          13.29106004754349,
          52.518150440703074
        ]
      }
    },
    {
      "type": "Feature",
      "properties": {
        "name": "Schustehruspark - Grünanlage",
        "info": "",
        "category": "Grünanlage"
      },
      "geometry": {
        "type": "Point",
        "coordinates": [
          13.298918231352722,
          52.51628320530345
        ]
      }
    },
    {
      "type": "Feature",
      "properties": {
        "name": "Mierendorffplatz - Grünanlage",
        "info": "",
        "category": "Grünanlage"
      },
      "geometry": {
        "type": "Point",
        "coordinates": [
          13.304973638714584,
          52.52621426372936
        ]
      }
    },
    {
      "type": "Feature",
      "properties": {
        "name": "Kuno-Fischer-Platz - Grünanlage",
        "info": "",
        "category": "Grünanlage"
      },
      "geometry": {
        "type": "Point",
        "coordinates": [
          13.289882396034026,
          52.50478830483198
        ]
      }
    },
    {
      "type": "Feature",
      "properties": {
        "name": "Amtsgerichtsplatz - Grünanlage",
        "info": "",
        "category": "Grünanlage"
      },
      "geometry": {
        "type": "Point",
        "coordinates": [
          13.295451616809926,
          52.50650279577847
        ]
      }
    },
    {
      "type": "Feature",
      "properties": {
        "name": "Spandauer Damm 268/Ruhwaldweg - GA",
        "info": "Grünanlage am Spandauer Bock",
        "category": "Grünanlage"
      },
      "geometry": {
        "type": "Point",
        "coordinates": [
          13.250826677542783,
          52.52393892201189
        ]
      }
    },
    {
      "type": "Feature",
      "properties": {
        "name": "Ruhwaldweg/Wiesendamm - GA",
        "info": "Spreeblick",
        "category": "Grünanlage"
      },
      "geometry": {
        "type": "Point",
        "coordinates": [
          13.249156818083165,
          52.524778191793885
        ]
      }
    },
    {
      "type": "Feature",
      "properties": {
        "name": "Lietzenseepark/Nord",
        "info": "",
        "category": "Grünanlage"
      },
      "geometry": {
        "type": "Point",
        "coordinates": [
          13.287272726807151,
          52.508403995222054
        ]
      }
    },
    {
      "type": "Feature",
      "properties": {
        "name": "Ruhwaldweg 2 - Grünanlage zur Spree",
        "info": "nördl. S-Bhf Siemensstadt-Fürstenbrunn",
        "category": "Grünanlage"
      },
      "geometry": {
        "type": "Point",
        "coordinates": [
          13.2679741166745,
          52.5287171115859
        ]
      }
    },
    {
      "type": "Feature",
      "properties": {
        "name": "Theodor-Heuss-Platz - Grünanlage",
        "info": "Mittelinsel",
        "category": "Grünanlage"
      },
      "geometry": {
        "type": "Point",
        "coordinates": [
          13.272478823729925,
          52.50931038429236
        ]
      }
    },
    {
      "type": "Feature",
      "properties": {
        "name": "Reichsstr./Spandauer Damm - GA",
        "info": "",
        "category": "Grünanlage"
      },
      "geometry": {
        "type": "Point",
        "coordinates": [
          13.24949710970656,
          52.52297902205034
        ]
      }
    },
    {
      "type": "Feature",
      "properties": {
        "name": "Erwin-Barth-Platz (Kaiserdammdreieck) - GA",
        "info": "Wundt-/Soph.-Charl.-Str/Kaiserdamm",
        "category": "Grünanlage"
      },
      "geometry": {
        "type": "Point",
        "coordinates": [
          13.290126021317276,
          52.51007019330461
        ]
      }
    },
    {
      "type": "Feature",
      "properties": {
        "name": "Tegeler Weg - Grünanlage",
        "info": "Bonhoefferufer bis Bhf. Jungfernheide",
        "category": "Grünanlage"
      },
      "geometry": {
        "type": "Point",
        "coordinates": [
          13.297035461039068,
          52.52616031581418
        ]
      }
    },
    {
      "type": "Feature",
      "properties": {
        "name": "Havelchaussee 150 - Stößenseebrücke - GA",
        "info": "nördl. der Heerstr.",
        "category": "Grünanlage"
      },
      "geometry": {
        "type": "Point",
        "coordinates": [
          13.216199375349237,
          52.50952083130357
        ]
      }
    },
    {
      "type": "Feature",
      "properties": {
        "name": "Sömmeringstr. 005 - Grünanlage",
        "info": "Österreichpark",
        "category": "Grünanlage"
      },
      "geometry": {
        "type": "Point",
        "coordinates": [
          13.304084036842694,
          52.5220789629539
        ]
      }
    },
    {
      "type": "Feature",
      "properties": {
        "name": "Schirwindter Allee - Wäldchen - GA",
        "info": "Angerburger Allee bis Tharauer Allee",
        "category": "Grünanlage"
      },
      "geometry": {
        "type": "Point",
        "coordinates": [
          13.227993630627356,
          52.50853379558201
        ]
      }
    },
    {
      "type": "Feature",
      "properties": {
        "name": "Goslarer Ufer - Grünanlage Gaußstr.",
        "info": "Gaußstr. bis S-Bahn",
        "category": "Grünanlage"
      },
      "geometry": {
        "type": "Point",
        "coordinates": [
          13.312884393556049,
          52.53098124522497
        ]
      }
    },
    {
      "type": "Feature",
      "properties": {
        "name": "Havelchaussee 148 - Stößenseebrücke - GA",
        "info": "südl. der Heerstr.",
        "category": "Grünanlage"
      },
      "geometry": {
        "type": "Point",
        "coordinates": [
          13.215320828077886,
          52.50876625916274
        ]
      }
    },
    {
      "type": "Feature",
      "properties": {
        "name": "Siemensdamm/Letterhausweg - GA",
        "info": "Grünanlage westl. Letterhausweg",
        "category": "Grünanlage"
      },
      "geometry": {
        "type": "Point",
        "coordinates": [
          13.280051819187362,
          52.53465595829383
        ]
      }
    },
    {
      "type": "Feature",
      "properties": {
        "name": "Eosanderstr. 20c - Grünanlage",
        "info": "\"Eosanderplatz\"",
        "category": "Grünanlage"
      },
      "geometry": {
        "type": "Point",
        "coordinates": [
          13.300419693406862,
          52.52010598014464
        ]
      }
    },
    {
      "type": "Feature",
      "properties": {
        "name": "Kracauerplatz - Grünanlage",
        "info": "ehem. Holtzendorffplatz",
        "category": "Grünanlage"
      },
      "geometry": {
        "type": "Point",
        "coordinates": [
          13.296004415503768,
          52.50185449832575
        ]
      }
    },
    {
      "type": "Feature",
      "properties": {
        "name": "Gervinusstr. 28 - Grünanlage",
        "info": "/Holtzendorffstr.",
        "category": "Grünanlage"
      },
      "geometry": {
        "type": "Point",
        "coordinates": [
          13.296816614643795,
          52.50254560925554
        ]
      }
    },
    {
      "type": "Feature",
      "properties": {
        "name": "Shakespeareplatz - Grünanlage",
        "info": "",
        "category": "Grünanlage"
      },
      "geometry": {
        "type": "Point",
        "coordinates": [
          13.308975036679186,
          52.51127530167288
        ]
      }
    },
    {
      "type": "Feature",
      "properties": {
        "name": "Lietzenseepark/Süd - Gr. Kaskade",
        "info": "Dernburgplatz",
        "category": "Grünanlage"
      },
      "geometry": {
        "type": "Point",
        "coordinates": [
          13.289183632961015,
          52.503315275849985
        ]
      }
    },
    {
      "type": "Feature",
      "properties": {
        "name": "Savignyplatz - Grünanlage",
        "info": "",
        "category": "Grünanlage"
      },
      "geometry": {
        "type": "Point",
        "coordinates": [
          13.32235062095144,
          52.50544759885664
        ]
      }
    },
    {
      "type": "Feature",
      "properties": {
        "name": "Iburger Ufer - Grünanlage",
        "info": "Grünzug an der Spree",
        "category": "Grünanlage"
      },
      "geometry": {
        "type": "Point",
        "coordinates": [
          13.30993719851276,
          52.52024405483021
        ]
      }
    },
    {
      "type": "Feature",
      "properties": {
        "name": "Charlottenburger Ufer - Grünanlage",
        "info": "Grünzug an der Spree",
        "category": "Grünanlage"
      },
      "geometry": {
        "type": "Point",
        "coordinates": [
          13.301721731317723,
          52.52153825552877
        ]
      }
    },
    {
      "type": "Feature",
      "properties": {
        "name": "Spreebogen - Grünanlage",
        "info": "Kucharskistr. 5",
        "category": "Grünanlage"
      },
      "geometry": {
        "type": "Point",
        "coordinates": [
          13.327772375653081,
          52.522609744858784
        ]
      }
    },
    {
      "type": "Feature",
      "properties": {
        "name": "Lüdtgeweg - Grünanlage",
        "info": "",
        "category": "Grünanlage"
      },
      "geometry": {
        "type": "Point",
        "coordinates": [
          13.312118486216638,
          52.51973451775372
        ]
      }
    },
    {
      "type": "Feature",
      "properties": {
        "name": "Fließwiese Ruhleben - NSG",
        "info": "Naturschutzgebiet",
        "category": "Grünanlage"
      },
      "geometry": {
        "type": "Point",
        "coordinates": [
          13.234309853470892,
          52.522671581908
        ]
      }
    },
    {
      "type": "Feature",
      "properties": {
        "name": "Raußendorffplatz/Westteil - Grünanlage",
        "info": "",
        "category": "Grünanlage"
      },
      "geometry": {
        "type": "Point",
        "coordinates": [
          13.258638672461617,
          52.50892297477794
        ]
      }
    },
    {
      "type": "Feature",
      "properties": {
        "name": "Seestraße 1-2 - Grünanlage",
        "info": "Grünanlage am Westhafen",
        "category": "Grünanlage"
      },
      "geometry": {
        "type": "Point",
        "coordinates": [
          13.327290222915778,
          52.53792243731387
        ]
      }
    },
    {
      "type": "Feature",
      "properties": {
        "name": "Richard-Wagner-Str./Krumme Str. - GA",
        "info": "Grünanlage am Stadtbad",
        "category": "Grünanlage"
      },
      "geometry": {
        "type": "Point",
        "coordinates": [
          13.308483192972536,
          52.51530124805598
        ]
      }
    },
    {
      "type": "Feature",
      "properties": {
        "name": "Branitzer Platz - Grünanlage",
        "info": "",
        "category": "Grünanlage"
      },
      "geometry": {
        "type": "Point",
        "coordinates": [
          13.271082572709668,
          52.51613101568431
        ]
      }
    },
    {
      "type": "Feature",
      "properties": {
        "name": "Anneliese-und-Georg-Groscurth-Platz - GA",
        "info": "ehem. Lindenplatz",
        "category": "Grünanlage"
      },
      "geometry": {
        "type": "Point",
        "coordinates": [
          13.274849318941067,
          52.51694336779976
        ]
      }
    },
    {
      "type": "Feature",
      "properties": {
        "name": "Ortelsburgpark",
        "info": "",
        "category": "Grünanlage"
      },
      "geometry": {
        "type": "Point",
        "coordinates": [
          13.250587157643984,
          52.50717310008847
        ]
      }
    },
    {
      "type": "Feature",
      "properties": {
        "name": "Karolingerplatz - Grünanlage",
        "info": "",
        "category": "Grünanlage"
      },
      "geometry": {
        "type": "Point",
        "coordinates": [
          13.269152616551263,
          52.5076400326531
        ]
      }
    },
    {
      "type": "Feature",
      "properties": {
        "name": "Kühler Weg - Grünanlage",
        "info": "Wäldchen zw. Maikäferpfad u. Alte Allee",
        "category": "Grünanlage"
      },
      "geometry": {
        "type": "Point",
        "coordinates": [
          13.259877850886134,
          52.49462306239365
        ]
      }
    },
    {
      "type": "Feature",
      "properties": {
        "name": "Karl-August-Platz - Grünanlage",
        "info": "",
        "category": "Grünanlage"
      },
      "geometry": {
        "type": "Point",
        "coordinates": [
          13.310218141515147,
          52.50815210884921
        ]
      }
    },
    {
      "type": "Feature",
      "properties": {
        "name": "Charlottenburg Nord - Grünzug Heilmannring",
        "info": "Schwarzer Weg/Heilmannring",
        "category": "Grünanlage"
      },
      "geometry": {
        "type": "Point",
        "coordinates": [
          13.289367442130537,
          52.53795009400868
        ]
      }
    },
    {
      "type": "Feature",
      "properties": {
        "name": "Einsteinufer - Grünanlage",
        "info": "Grünzug am Landwehrkanal",
        "category": "Grünanlage"
      },
      "geometry": {
        "type": "Point",
        "coordinates": [
          13.328296018816742,
          52.51461140026898
        ]
      }
    },
    {
      "type": "Feature",
      "properties": {
        "name": "Goslarer Platz - Grünanlage",
        "info": "",
        "category": "Grünanlage"
      },
      "geometry": {
        "type": "Point",
        "coordinates": [
          13.314242929294334,
          52.5251424734381
        ]
      }
    },
    {
      "type": "Feature",
      "properties": {
        "name": "Friedrich-Olbricht-Damm/Kol. Heideschl - GA",
        "info": "nördlicher Randstreifen an der BAB",
        "category": "Grünanlage"
      },
      "geometry": {
        "type": "Point",
        "coordinates": [
          13.322219319483724,
          52.537755871686585
        ]
      }
    },
    {
      "type": "Feature",
      "properties": {
        "name": "Goerdelerdamm/Kurt-Schumacher-Damm - GA",
        "info": "Randstreifen Paul-Hertz-Siedlung",
        "category": "Grünanlage"
      },
      "geometry": {
        "type": "Point",
        "coordinates": [
          13.297660028709293,
          52.53487085413592
        ]
      }
    },
    {
      "type": "Feature",
      "properties": {
        "name": "Kurt-Schumacher-Damm/Heckerdamm - GA",
        "info": "westl. Randstreifen der Paul-Hertz-Siedlung",
        "category": "Grünanlage"
      },
      "geometry": {
        "type": "Point",
        "coordinates": [
          13.294964213350646,
          52.53836869387708
        ]
      }
    },
    {
      "type": "Feature",
      "properties": {
        "name": "Kranzallee - Grünanlage",
        "info": "Grünanlage zw. Lyckallee u. Heerstr.",
        "category": "Grünanlage"
      },
      "geometry": {
        "type": "Point",
        "coordinates": [
          13.242722302796942,
          52.50691300456325
        ]
      }
    },
    {
      "type": "Feature",
      "properties": {
        "name": "Waldschulallee/Bhf. Eichkamp - GA",
        "info": "Wäldchen zw. Mommsenstadion u. Eichkampstr.",
        "category": "Grünanlage"
      },
      "geometry": {
        "type": "Point",
        "coordinates": [
          13.2675873203155,
          52.49893797148557
        ]
      }
    },
    {
      "type": "Feature",
      "properties": {
        "name": "Schuhmannplatz - Grünanlage",
        "info": "Waldschulallee/Harbigstr.",
        "category": "Grünanlage"
      },
      "geometry": {
        "type": "Point",
        "coordinates": [
          13.262785486710927,
          52.50117665031701
        ]
      }
    },
    {
      "type": "Feature",
      "properties": {
        "name": "Heilsberger Dreieck - Grünanlage",
        "info": "Heerstr./Heilsberger Allee Flatowall",
        "category": "Grünanlage"
      },
      "geometry": {
        "type": "Point",
        "coordinates": [
          13.243692712035259,
          52.50835623371291
        ]
      }
    },
    {
      "type": "Feature",
      "properties": {
        "name": "Ruhwaldhöhenweg/Fürstenbrunner Weg 81 - GA",
        "info": "Grünanlage",
        "category": "Grünanlage"
      },
      "geometry": {
        "type": "Point",
        "coordinates": [
          13.269168046614585,
          52.527155163838174
        ]
      }
    },
    {
      "type": "Feature",
      "properties": {
        "name": "Tegeler Weg - Hundeauslauf - GA",
        "info": "Tegeler Weg / Schleusenkanal",
        "category": "Grünanlage"
      },
      "geometry": {
        "type": "Point",
        "coordinates": [
          13.294565191655856,
          52.531652567915295
        ]
      }
    },
    {
      "type": "Feature",
      "properties": {
        "name": "Nonnendamm 26-30 - GA",
        "info": "Nonnendamm bis Mörschbrücke",
        "category": "Grünanlage"
      },
      "geometry": {
        "type": "Point",
        "coordinates": [
          13.289483481807853,
          52.53211194851658
        ]
      }
    },
    {
      "type": "Feature",
      "properties": {
        "name": "Wiesendamm/Spreeuferweg - GA (Dahlemer Wiese)",
        "info": "Dahlemer Wiese",
        "category": "Grünanlage"
      },
      "geometry": {
        "type": "Point",
        "coordinates": [
          13.252084072014297,
          52.52702715954347
        ]
      }
    },
    {
      "type": "Feature",
      "properties": {
        "name": "Rathenauplatz 05 - Grünanlage",
        "info": "",
        "category": "Grünanlage"
      },
      "geometry": {
        "type": "Point",
        "coordinates": [
          13.284624620742463,
          52.494644023251155
        ]
      }
    },
    {
      "type": "Feature",
      "properties": {
        "name": "Hagenplatz - Grünanlage",
        "info": "",
        "category": "Grünanlage"
      },
      "geometry": {
        "type": "Point",
        "coordinates": [
          13.266377036751603,
          52.483289621610325
        ]
      }
    },
    {
      "type": "Feature",
      "properties": {
        "name": "Hubertussee - Delbrückstr. - GA",
        "info": "Uferanlage - Bismarck- bis Hubertusallee",
        "category": "Grünanlage"
      },
      "geometry": {
        "type": "Point",
        "coordinates": [
          13.280289605307912,
          52.48586116530409
        ]
      }
    },
    {
      "type": "Feature",
      "properties": {
        "name": "Koenigsallee 45a - Grünanlage",
        "info": "Uferanlage Dianasee",
        "category": "Grünanlage"
      },
      "geometry": {
        "type": "Point",
        "coordinates": [
          13.268216911160206,
          52.48600476214652
        ]
      }
    },
    {
      "type": "Feature",
      "properties": {
        "name": "Koenigsallee 75a - Grünanlage",
        "info": "",
        "category": "Grünanlage"
      },
      "geometry": {
        "type": "Point",
        "coordinates": [
          13.260326441192616,
          52.48139271216544
        ]
      }
    },
    {
      "type": "Feature",
      "properties": {
        "name": "Koenigsallee 31-33 - Grünanlage",
        "info": "Grünanlage Koenigssee",
        "category": "Grünanlage"
      },
      "geometry": {
        "type": "Point",
        "coordinates": [
          13.27170576067218,
          52.48753370731231
        ]
      }
    },
    {
      "type": "Feature",
      "properties": {
        "name": "Breite Str. 37a-b/Kirchstr. - GA",
        "info": "Grünanlage",
        "category": "Grünanlage"
      },
      "geometry": {
        "type": "Point",
        "coordinates": [
          13.29407474273828,
          52.47398751304342
        ]
      }
    },
    {
      "type": "Feature",
      "properties": {
        "name": "Forckenbeckstr. - Aufhaltebecken - GA",
        "info": "Grünanlage  (Aufhaltebecken)",
        "category": "Grünanlage"
      },
      "geometry": {
        "type": "Point",
        "coordinates": [
          13.292987285644696,
          52.482161700955096
        ]
      }
    },
    {
      "type": "Feature",
      "properties": {
        "name": "Douglasstr. 7/Fontanestr. 15 - GA",
        "info": "Villa Harteneck",
        "category": "Grünanlage"
      },
      "geometry": {
        "type": "Point",
        "coordinates": [
          13.263558790308721,
          52.48435888410572
        ]
      }
    },
    {
      "type": "Feature",
      "properties": {
        "name": "Hasensprung 5 - Grünanlage",
        "info": "",
        "category": "Grünanlage"
      },
      "geometry": {
        "type": "Point",
        "coordinates": [
          13.270125864952886,
          52.487405606321616
        ]
      }
    },
    {
      "type": "Feature",
      "properties": {
        "name": "Bernhard-Wieck-Promenade - GA",
        "info": "",
        "category": "Grünanlage"
      },
      "geometry": {
        "type": "Point",
        "coordinates": [
          13.270509578368593,
          52.479673750533685
        ]
      }
    },
    {
      "type": "Feature",
      "properties": {
        "name": "Johannaplatz - Grünanlage",
        "info": "",
        "category": "Grünanlage"
      },
      "geometry": {
        "type": "Point",
        "coordinates": [
          13.281983799550456,
          52.48978905426614
        ]
      }
    },
    {
      "type": "Feature",
      "properties": {
        "name": "Krampasplatz - Grünanlage",
        "info": "",
        "category": "Grünanlage"
      },
      "geometry": {
        "type": "Point",
        "coordinates": [
          13.29169572805837,
          52.47216396858051
        ]
      }
    },
    {
      "type": "Feature",
      "properties": {
        "name": "Fontanestr. 16 - Grünanlage",
        "info": "",
        "category": "Grünanlage"
      },
      "geometry": {
        "type": "Point",
        "coordinates": [
          13.265630120796443,
          52.48490877867861
        ]
      }
    },
    {
      "type": "Feature",
      "properties": {
        "name": "Messelpark",
        "info": "",
        "category": "Grünanlage"
      },
      "geometry": {
        "type": "Point",
        "coordinates": [
          13.283493092950753,
          52.471064933308405
        ]
      }
    },
    {
      "type": "Feature",
      "properties": {
        "name": "Kolberger Platz - Grünanlage",
        "info": "",
        "category": "Grünanlage"
      },
      "geometry": {
        "type": "Point",
        "coordinates": [
          13.290956661341225,
          52.4769791625229
        ]
      }
    },
    {
      "type": "Feature",
      "properties": {
        "name": "Rhoda-Erdmann-Park",
        "info": "(ehem.) Koenigsallee 27/Baraschstr. 8 - GA",
        "category": "Grünanlage"
      },
      "geometry": {
        "type": "Point",
        "coordinates": [
          13.274664711078467,
          52.48950827132382
        ]
      }
    },
    {
      "type": "Feature",
      "properties": {
        "name": "Wallotstr. 17a/19/Erbacher Str. 7 - GA",
        "info": "",
        "category": "Grünanlage"
      },
      "geometry": {
        "type": "Point",
        "coordinates": [
          13.276749811063207,
          52.491918358553185
        ]
      }
    },
    {
      "type": "Feature",
      "properties": {
        "name": "Carl-Ludwig-Schleich-Promenade",
        "info": "Grünanlage",
        "category": "Grünanlage"
      },
      "geometry": {
        "type": "Point",
        "coordinates": [
          13.284151732047123,
          52.48430356860937
        ]
      }
    },
    {
      "type": "Feature",
      "properties": {
        "name": "Flinsberger Platz - Grünanlage",
        "info": "",
        "category": "Grünanlage"
      },
      "geometry": {
        "type": "Point",
        "coordinates": [
          13.291476512639845,
          52.48413489862063
        ]
      }
    },
    {
      "type": "Feature",
      "properties": {
        "name": "Kissinger Platz - Grünanlage",
        "info": "",
        "category": "Grünanlage"
      },
      "geometry": {
        "type": "Point",
        "coordinates": [
          13.294778927788306,
          52.479208741210726
        ]
      }
    },
    {
      "type": "Feature",
      "properties": {
        "name": "Bismarckallee 25a - Grünanlage",
        "info": "Herthasee - Uferanlage",
        "category": "Grünanlage"
      },
      "geometry": {
        "type": "Point",
        "coordinates": [
          13.276371902158601,
          52.48747567599255
        ]
      }
    },
    {
      "type": "Feature",
      "properties": {
        "name": "Joseph-Joachim-Platz - Grünanlage",
        "info": "",
        "category": "Grünanlage"
      },
      "geometry": {
        "type": "Point",
        "coordinates": [
          13.280840236760199,
          52.48240792253008
        ]
      }
    },
    {
      "type": "Feature",
      "properties": {
        "name": "Melli-Beese-Anlage - GA",
        "info": "",
        "category": "Grünanlage"
      },
      "geometry": {
        "type": "Point",
        "coordinates": [
          13.289555658677509,
          52.494425986738044
        ]
      }
    },
    {
      "type": "Feature",
      "properties": {
        "name": "Trabener Str. 70a - Grünanlage",
        "info": "Uferanlage Halensee",
        "category": "Grünanlage"
      },
      "geometry": {
        "type": "Point",
        "coordinates": [
          13.279368993287386,
          52.49496149043472
        ]
      }
    },
    {
      "type": "Feature",
      "properties": {
        "name": "Betty-Hirsch-Platz - Grünanlage",
        "info": "ehem. Platz S",
        "category": "Grünanlage"
      },
      "geometry": {
        "type": "Point",
        "coordinates": [
          13.282600805241,
          52.476315745938614
        ]
      }
    },
    {
      "type": "Feature",
      "properties": {
        "name": "Delbrückstr. 02 - Grünanlage",
        "info": "Herthasee - Uferanlage",
        "category": "Grünanlage"
      },
      "geometry": {
        "type": "Point",
        "coordinates": [
          13.275056671880685,
          52.487694623725694
        ]
      }
    },
    {
      "type": "Feature",
      "properties": {
        "name": "Robert-Stolz-Anlage-GA",
        "info": "",
        "category": "Grünanlage"
      },
      "geometry": {
        "type": "Point",
        "coordinates": [
          13.276988713032157,
          52.4748198771416
        ]
      }
    },
    {
      "type": "Feature",
      "properties": {
        "name": "Friedenthalpark",
        "info": "Halenseestr. 11 (ehem. Halenseepark)",
        "category": "Grünanlage"
      },
      "geometry": {
        "type": "Point",
        "coordinates": [
          13.282078936596657,
          52.496183399771446
        ]
      }
    },
    {
      "type": "Feature",
      "properties": {
        "name": "Bismarckplatz - Grünanlage",
        "info": "",
        "category": "Grünanlage"
      },
      "geometry": {
        "type": "Point",
        "coordinates": [
          13.285256197386412,
          52.49191721859579
        ]
      }
    },
    {
      "type": "Feature",
      "properties": {
        "name": "Stuttgarter Platz - Grünanlage",
        "info": "ggb. 1-11, Wilmersdorfer bis Lewisham",
        "category": "Grünanlage"
      },
      "geometry": {
        "type": "Point",
        "coordinates": [
          13.304651944208699,
          52.50540638574669
        ]
      }
    },
    {
      "type": "Feature",
      "properties": {
        "name": "Stuttgarter Platz 30 - Grünanlage",
        "info": "Windscheidtstr. bis Lewishamstr.",
        "category": "Grünanlage"
      },
      "geometry": {
        "type": "Point",
        "coordinates": [
          13.300389372019115,
          52.50454535315465
        ]
      }
    },
    {
      "type": "Feature",
      "properties": {
        "name": "Spreeuferweg / Tiefer Grund - GA",
        "info": "nördl. Kol. Tiefer Grund II",
        "category": "Grünanlage"
      },
      "geometry": {
        "type": "Point",
        "coordinates": [
          13.27104572750719,
          52.5288206218906
        ]
      }
    },
    {
      "type": "Feature",
      "properties": {
        "name": "Siemensdamm-Popitzweg - GA",
        "info": "Verbindungsweg",
        "category": "Grünanlage"
      },
      "geometry": {
        "type": "Point",
        "coordinates": [
          13.27615198579267,
          52.53623328967498
        ]
      }
    },
    {
      "type": "Feature",
      "properties": {
        "name": "Am Spreebord - Grünanlage",
        "info": "Uferstreifen (ehem. Ladestr.)",
        "category": "Grünanlage"
      },
      "geometry": {
        "type": "Point",
        "coordinates": [
          13.310482553838066,
          52.52090788123471
        ]
      }
    },
    {
      "type": "Feature",
      "properties": {
        "name": "Prager Platz - Grünanlage",
        "info": "Platzmitte",
        "category": "Grünanlage"
      },
      "geometry": {
        "type": "Point",
        "coordinates": [
          13.333036753494543,
          52.49317890410764
        ]
      }
    },
    {
      "type": "Feature",
      "properties": {
        "name": "Schoelerpark",
        "info": "Grünanlage",
        "category": "Grünanlage"
      },
      "geometry": {
        "type": "Point",
        "coordinates": [
          13.326778532358944,
          52.48458594989171
        ]
      }
    },
    {
      "type": "Feature",
      "properties": {
        "name": "Goerdelerdamm - Paul-Hertz-Siedlung - GA",
        "info": "Grünfläche am Goerdelersteg",
        "category": "Grünanlage"
      },
      "geometry": {
        "type": "Point",
        "coordinates": [
          13.303431551483033,
          52.535152299546105
        ]
      }
    },
    {
      "type": "Feature",
      "properties": {
        "name": "Brixplatz - Grünanlage",
        "info": "",
        "category": "Grünanlage"
      },
      "geometry": {
        "type": "Point",
        "coordinates": [
          13.25539372100705,
          52.51890332116815
        ]
      }
    },
    {
      "type": "Feature",
      "properties": {
        "name": "Alt-Lietzow - Grünanlage",
        "info": "Mittelinsel",
        "category": "Grünanlage"
      },
      "geometry": {
        "type": "Point",
        "coordinates": [
          13.312022053570969,
          52.51809715731232
        ]
      }
    },
    {
      "type": "Feature",
      "properties": {
        "name": "Fürstenplatz - Grünanlage",
        "info": "",
        "category": "Grünanlage"
      },
      "geometry": {
        "type": "Point",
        "coordinates": [
          13.264650518309553,
          52.51156969629846
        ]
      }
    },
    {
      "type": "Feature",
      "properties": {
        "name": "Olivaer Platz - Grünanlage",
        "info": "",
        "category": "Grünanlage"
      },
      "geometry": {
        "type": "Point",
        "coordinates": [
          13.313947729319915,
          52.4994227267621
        ]
      }
    },
    {
      "type": "Feature",
      "properties": {
        "name": "Volkspark Wilmersdorf",
        "info": "",
        "category": "Grünanlage"
      },
      "geometry": {
        "type": "Point",
        "coordinates": [
          13.323176740739191,
          52.484119795019005
        ]
      }
    },
    {
      "type": "Feature",
      "properties": {
        "name": "Rudolstädter Str. 70/Berliner Str. - GA",
        "info": "Grünzug",
        "category": "Grünanlage"
      },
      "geometry": {
        "type": "Point",
        "coordinates": [
          13.307331797922885,
          52.486426042275546
        ]
      }
    },
    {
      "type": "Feature",
      "properties": {
        "name": "Ludwigkirchplatz - Grünanlage",
        "info": "",
        "category": "Grünanlage"
      },
      "geometry": {
        "type": "Point",
        "coordinates": [
          13.321094746391578,
          52.49769771974101
        ]
      }
    },
    {
      "type": "Feature",
      "properties": {
        "name": "Nürnberger Platz - Grünanlage",
        "info": "",
        "category": "Grünanlage"
      },
      "geometry": {
        "type": "Point",
        "coordinates": [
          13.33444370850557,
          52.49805307900414
        ]
      }
    },
    {
      "type": "Feature",
      "properties": {
        "name": "Gerhart-Hauptmann-Park",
        "info": "",
        "category": "Grünanlage"
      },
      "geometry": {
        "type": "Point",
        "coordinates": [
          13.329931035863877,
          52.497399417791016
        ]
      }
    },
    {
      "type": "Feature",
      "properties": {
        "name": "Brabanter Platz - Grünanlage",
        "info": "",
        "category": "Grünanlage"
      },
      "geometry": {
        "type": "Point",
        "coordinates": [
          13.316433014224488,
          52.48176554314494
        ]
      }
    },
    {
      "type": "Feature",
      "properties": {
        "name": "Preußenpark",
        "info": "",
        "category": "Grünanlage"
      },
      "geometry": {
        "type": "Point",
        "coordinates": [
          13.312988298777302,
          52.49269433443328
        ]
      }
    },
    {
      "type": "Feature",
      "properties": {
        "name": "Darwinstr. 2/Goslarer Ufer 1e - GA",
        "info": "Spreeuferanlage",
        "category": "Grünanlage"
      },
      "geometry": {
        "type": "Point",
        "coordinates": [
          13.315601207129628,
          52.52045625472693
        ]
      }
    },
    {
      "type": "Feature",
      "properties": {
        "name": "Charlottenburg Nord - Paul-Hertz-S. - GA",
        "info": "Grünzug U-Bahntrasse",
        "category": "Grünanlage"
      },
      "geometry": {
        "type": "Point",
        "coordinates": [
          13.295902539736375,
          52.53607283891841
        ]
      }
    },
    {
      "type": "Feature",
      "properties": {
        "name": "Hochmeisterplatz - Grünanlage",
        "info": "",
        "category": "Grünanlage"
      },
      "geometry": {
        "type": "Point",
        "coordinates": [
          13.300625498298587,
          52.49596006815362
        ]
      }
    },
    {
      "type": "Feature",
      "properties": {
        "name": "Heidelberger Platz - Grünanlage",
        "info": "",
        "category": "Grünanlage"
      },
      "geometry": {
        "type": "Point",
        "coordinates": [
          13.311456838408048,
          52.47904054896846
        ]
      }
    },
    {
      "type": "Feature",
      "properties": {
        "name": "Ludwig-Barnay-Platz - Grünanlage",
        "info": "",
        "category": "Grünanlage"
      },
      "geometry": {
        "type": "Point",
        "coordinates": [
          13.314650214438306,
          52.46807294871593
        ]
      }
    },
    {
      "type": "Feature",
      "properties": {
        "name": "Rüdesheimer Platz - Grünanlage",
        "info": "",
        "category": "Grünanlage"
      },
      "geometry": {
        "type": "Point",
        "coordinates": [
          13.315613084101088,
          52.47307088011413
        ]
      }
    },
    {
      "type": "Feature",
      "properties": {
        "name": "Kuppenheimer Str. - Grünanlage",
        "info": "Wexstr. bis Durlacher Str.",
        "category": "Grünanlage"
      },
      "geometry": {
        "type": "Point",
        "coordinates": [
          13.335399514980232,
          52.47914334557677
        ]
      }
    },
    {
      "type": "Feature",
      "properties": {
        "name": "Wilhelmsaue - Mittelpromenade - GA",
        "info": "Grünanlage",
        "category": "Grünanlage"
      },
      "geometry": {
        "type": "Point",
        "coordinates": [
          13.323700766790585,
          52.485433622478354
        ]
      }
    },
    {
      "type": "Feature",
      "properties": {
        "name": "Konstanzer Str. 24 - Grünanlage",
        "info": "",
        "category": "Grünanlage"
      },
      "geometry": {
        "type": "Point",
        "coordinates": [
          13.308780503643296,
          52.49155442430755
        ]
      }
    },
    {
      "type": "Feature",
      "properties": {
        "name": "Hohenzollernplatz - Grünanlage",
        "info": "",
        "category": "Grünanlage"
      },
      "geometry": {
        "type": "Point",
        "coordinates": [
          13.326004235954727,
          52.49420027862926
        ]
      }
    },
    {
      "type": "Feature",
      "properties": {
        "name": "Franz-Cornelsen-Weg - Grünanlage",
        "info": "Grünzug",
        "category": "Grünanlage"
      },
      "geometry": {
        "type": "Point",
        "coordinates": [
          13.30293975881093,
          52.47214278705237
        ]
      }
    },
    {
      "type": "Feature",
      "properties": {
        "name": "Lise-Meitner-Str. - Uferanlage - GA",
        "info": "Uferwanderweg",
        "category": "Grünanlage"
      },
      "geometry": {
        "type": "Point",
        "coordinates": [
          13.310470690856054,
          52.534759369679044
        ]
      }
    },
    {
      "type": "Feature",
      "properties": {
        "name": "Hebbelstr./Otto-Grüneberg-Weg - GA",
        "info": "",
        "category": "Grünanlage"
      },
      "geometry": {
        "type": "Point",
        "coordinates": [
          13.297271701937758,
          52.51385508040481
        ]
      }
    },
    {
      "type": "Feature",
      "properties": {
        "name": "Rominter Allee - Grünanlage Bahnseite",
        "info": "Grünfläche Bahnseite",
        "category": "Grünanlage"
      },
      "geometry": {
        "type": "Point",
        "coordinates": [
          13.247654082099634,
          52.51956499175529
        ]
      }
    },
    {
      "type": "Feature",
      "properties": {
        "name": "Goslarer Ufer/Südspitze - Grünanlage",
        "info": "Spreeufer-Grünanlage",
        "category": "Grünanlage"
      },
      "geometry": {
        "type": "Point",
        "coordinates": [
          13.316465111495871,
          52.520862372094236
        ]
      }
    },
    {
      "type": "Feature",
      "properties": {
        "name": "Georg-Kolbe-Hain - Grünanlage",
        "info": "",
        "category": "Grünanlage"
      },
      "geometry": {
        "type": "Point",
        "coordinates": [
          13.250479967456592,
          52.50959653370256
        ]
      }
    },
    {
      "type": "Feature",
      "properties": {
        "name": "Adam-von-Trott-Str. - Grünanlage",
        "info": "Grünzug am Pfefferluchgraben",
        "category": "Grünanlage"
      },
      "geometry": {
        "type": "Point",
        "coordinates": [
          13.306761689751156,
          52.54532605860309
        ]
      }
    },
    {
      "type": "Feature",
      "properties": {
        "name": "Hannah-Karminski-Str. - Grünanlage",
        "info": "Spreeuferanlage",
        "category": "Grünanlage"
      },
      "geometry": {
        "type": "Point",
        "coordinates": [
          13.329443512065852,
          52.518113003476266
        ]
      }
    },
    {
      "type": "Feature",
      "properties": {
        "name": "Saatwinkler Damm - Grünanlage",
        "info": "ggb. Haus-Nr. 9-13",
        "category": "Grünanlage"
      },
      "geometry": {
        "type": "Point",
        "coordinates": [
          13.326996109203103,
          52.54067991107668
        ]
      }
    },
    {
      "type": "Feature",
      "properties": {
        "name": "Pfalzburger Str. 35-38 - Grünanlage",
        "info": "",
        "category": "Grünanlage"
      },
      "geometry": {
        "type": "Point",
        "coordinates": [
          13.320523081639067,
          52.489310749393084
        ]
      }
    },
    {
      "type": "Feature",
      "properties": {
        "name": "Olympische Str. 33 - Grünanlage",
        "info": "Grünanlage am Friedhof",
        "category": "Grünanlage"
      },
      "geometry": {
        "type": "Point",
        "coordinates": [
          13.254399818455925,
          52.512340354137976
        ]
      }
    },
    {
      "type": "Feature",
      "properties": {
        "name": "Spreewiesen - GA",
        "info": "Rahmengrün Kleingartenkolonie",
        "category": "Grünanlage"
      },
      "geometry": {
        "type": "Point",
        "coordinates": [
          13.279733641455806,
          52.528880836541255
        ]
      }
    },
    {
      "type": "Feature",
      "properties": {
        "name": "Pfefferluch - GA",
        "info": "Wasserverband",
        "category": "Grünanlage"
      },
      "geometry": {
        "type": "Point",
        "coordinates": [
          13.303221282716942,
          52.54369405501199
        ]
      }
    },
    {
      "type": "Feature",
      "properties": {
        "name": "Hempelsteig - GA",
        "info": "Grünflächen am Friedhof",
        "category": "Grünanlage"
      },
      "geometry": {
        "type": "Point",
        "coordinates": [
          13.23340552599061,
          52.52516434226029
        ]
      }
    },
    {
      "type": "Feature",
      "properties": {
        "name": "Danckelmannstr. 16 - Grünanlage",
        "info": "Block 128",
        "category": "Grünanlage"
      },
      "geometry": {
        "type": "Point",
        "coordinates": [
          13.289750843817668,
          52.51437593840426
        ]
      }
    },
    {
      "type": "Feature",
      "properties": {
        "name": "Dovestr. 1d - Grünanlage",
        "info": "Uferpromenade",
        "category": "Grünanlage"
      },
      "geometry": {
        "type": "Point",
        "coordinates": [
          13.31836511848122,
          52.520233362084376
        ]
      }
    },
    {
      "type": "Feature",
      "properties": {
        "name": "Galvanistr. - Grünanlage",
        "info": "Grünzug an der Spree",
        "category": "Grünanlage"
      },
      "geometry": {
        "type": "Point",
        "coordinates": [
          13.315055523922362,
          52.51964259919326
        ]
      }
    },
    {
      "type": "Feature",
      "properties": {
        "name": "Sensburger Allee - Grünanlage",
        "info": "\"Flohteich\"-Anlage",
        "category": "Grünanlage"
      },
      "geometry": {
        "type": "Point",
        "coordinates": [
          13.251517329200777,
          52.511271717101344
        ]
      }
    },
    {
      "type": "Feature",
      "properties": {
        "name": "Volkspark Wilmersdorf - Fennseeanlage",
        "info": "Rudolstädter Str. bis Blissestr.",
        "category": "Grünanlage"
      },
      "geometry": {
        "type": "Point",
        "coordinates": [
          13.313209231109973,
          52.48385320705477
        ]
      }
    },
    {
      "type": "Feature",
      "properties": {
        "name": "Oderstraße",
        "info": "",
        "category": "Grünanlage"
      },
      "geometry": {
        "type": "Point",
        "coordinates": [
          13.420252177035243,
          52.46983747979032
        ]
      }
    },
    {
      "type": "Feature",
      "properties": {
        "name": "Britzer Zweigkanal",
        "info": "",
        "category": "Grünanlage"
      },
      "geometry": {
        "type": "Point",
        "coordinates": [
          13.473600621240795,
          52.45919523786361
        ]
      }
    },
    {
      "type": "Feature",
      "properties": {
        "name": "Wendehalsweg",
        "info": "",
        "category": "Grünanlage"
      },
      "geometry": {
        "type": "Point",
        "coordinates": [
          13.467285611897546,
          52.44038020891204
        ]
      }
    },
    {
      "type": "Feature",
      "properties": {
        "name": "Kirchhofweg",
        "info": "",
        "category": "Grünanlage"
      },
      "geometry": {
        "type": "Point",
        "coordinates": [
          13.424538658942314,
          52.471450574748424
        ]
      }
    },
    {
      "type": "Feature",
      "properties": {
        "name": "Rhodeländer Weg",
        "info": "",
        "category": "Grünanlage"
      },
      "geometry": {
        "type": "Point",
        "coordinates": [
          13.49049764361908,
          52.412493324519545
        ]
      }
    },
    {
      "type": "Feature",
      "properties": {
        "name": "Schloßgarten Britz",
        "info": "",
        "category": "Grünanlage"
      },
      "geometry": {
        "type": "Point",
        "coordinates": [
          13.439485678277231,
          52.446432921080195
        ]
      }
    },
    {
      "type": "Feature",
      "properties": {
        "name": "Britzer Garten",
        "info": "",
        "category": "Grünanlage"
      },
      "geometry": {
        "type": "Point",
        "coordinates": [
          13.419226130058586,
          52.43309791968122
        ]
      }
    },
    {
      "type": "Feature",
      "properties": {
        "name": "Drusenheimer Weg-Grünanlage",
        "info": "",
        "category": "Grünanlage"
      },
      "geometry": {
        "type": "Point",
        "coordinates": [
          13.421297973049086,
          52.41087531238601
        ]
      }
    },
    {
      "type": "Feature",
      "properties": {
        "name": "Koppelweg-Grünanlage",
        "info": "",
        "category": "Grünanlage"
      },
      "geometry": {
        "type": "Point",
        "coordinates": [
          13.42692933597775,
          52.44683374005287
        ]
      }
    },
    {
      "type": "Feature",
      "properties": {
        "name": "Lilienthalstraße-Grünanlage",
        "info": "",
        "category": "Grünanlage"
      },
      "geometry": {
        "type": "Point",
        "coordinates": [
          13.408553274643015,
          52.48692344531898
        ]
      }
    },
    {
      "type": "Feature",
      "properties": {
        "name": "Künheimerweg 7",
        "info": "",
        "category": "Grünanlage"
      },
      "geometry": {
        "type": "Point",
        "coordinates": [
          13.41101773102952,
          52.41542677937801
        ]
      }
    },
    {
      "type": "Feature",
      "properties": {
        "name": "Kottbusser Damm",
        "info": "",
        "category": "Grünanlage"
      },
      "geometry": {
        "type": "Point",
        "coordinates": [
          13.424179651975326,
          52.49169839143277
        ]
      }
    },
    {
      "type": "Feature",
      "properties": {
        "name": "Grünverbindung Ostburger Weg",
        "info": "",
        "category": "Grünanlage"
      },
      "geometry": {
        "type": "Point",
        "coordinates": [
          13.515650269051308,
          52.41160448199645
        ]
      }
    },
    {
      "type": "Feature",
      "properties": {
        "name": "Neudeckerweg-Grünanlage",
        "info": "",
        "category": "Grünanlage"
      },
      "geometry": {
        "type": "Point",
        "coordinates": [
          13.515752164872238,
          52.4202079072232
        ]
      }
    },
    {
      "type": "Feature",
      "properties": {
        "name": "Verbindungsweg Süd zum Landschaftspark",
        "info": "",
        "category": "Grünanlage"
      },
      "geometry": {
        "type": "Point",
        "coordinates": [
          13.51506736420933,
          52.401594982313384
        ]
      }
    },
    {
      "type": "Feature",
      "properties": {
        "name": "Gutshof Britz - Teil 1",
        "info": "",
        "category": "Grünanlage"
      },
      "geometry": {
        "type": "Point",
        "coordinates": [
          13.437527291528113,
          52.44578459398931
        ]
      }
    },
    {
      "type": "Feature",
      "properties": {
        "name": "Kienpfuhl Britz",
        "info": "",
        "category": "Grünanlage"
      },
      "geometry": {
        "type": "Point",
        "coordinates": [
          13.428634170104774,
          52.44547983427918
        ]
      }
    },
    {
      "type": "Feature",
      "properties": {
        "name": "Kirchteich Britz-Grünanlage",
        "info": "",
        "category": "Grünanlage"
      },
      "geometry": {
        "type": "Point",
        "coordinates": [
          13.437198472370786,
          52.44787863924685
        ]
      }
    },
    {
      "type": "Feature",
      "properties": {
        "name": "Schulvorplatz Britzer Damm",
        "info": "",
        "category": "Grünanlage"
      },
      "geometry": {
        "type": "Point",
        "coordinates": [
          13.434977371305468,
          52.447928786307074
        ]
      }
    },
    {
      "type": "Feature",
      "properties": {
        "name": "Gutspark Britz",
        "info": "",
        "category": "Grünanlage"
      },
      "geometry": {
        "type": "Point",
        "coordinates": [
          13.440809310919565,
          52.446827354752806
        ]
      }
    },
    {
      "type": "Feature",
      "properties": {
        "name": "Onkel-Bräsig-Strasse",
        "info": "vor der Fritz - Karsen - Schule",
        "category": "Grünanlage"
      },
      "geometry": {
        "type": "Point",
        "coordinates": [
          13.444510513795876,
          52.4484152242853
        ]
      }
    },
    {
      "type": "Feature",
      "properties": {
        "name": "Friedrichsbrunner Platz-Grünanlage",
        "info": "",
        "category": "Grünanlage"
      },
      "geometry": {
        "type": "Point",
        "coordinates": [
          13.428782430516899,
          52.459880647795586
        ]
      }
    },
    {
      "type": "Feature",
      "properties": {
        "name": "Buschkrugallee",
        "info": "",
        "category": "Grünanlage"
      },
      "geometry": {
        "type": "Point",
        "coordinates": [
          13.453008842997646,
          52.449009947568015
        ]
      }
    },
    {
      "type": "Feature",
      "properties": {
        "name": "Buschrosenplatz",
        "info": "",
        "category": "Grünanlage"
      },
      "geometry": {
        "type": "Point",
        "coordinates": [
          13.440900458754257,
          52.45496055081386
        ]
      }
    },
    {
      "type": "Feature",
      "properties": {
        "name": "Hufeisenteich-Grünanlage",
        "info": "",
        "category": "Grünanlage"
      },
      "geometry": {
        "type": "Point",
        "coordinates": [
          13.449138826054291,
          52.447992059301065
        ]
      }
    },
    {
      "type": "Feature",
      "properties": {
        "name": "Treseburger Ufer",
        "info": "",
        "category": "Grünanlage"
      },
      "geometry": {
        "type": "Point",
        "coordinates": [
          13.433002377835013,
          52.45810619126199
        ]
      }
    },
    {
      "type": "Feature",
      "properties": {
        "name": "Vor dem Sportplatz Buschkrugallee",
        "info": "",
        "category": "Grünanlage"
      },
      "geometry": {
        "type": "Point",
        "coordinates": [
          13.453980813342321,
          52.44888746858347
        ]
      }
    },
    {
      "type": "Feature",
      "properties": {
        "name": "Krugpfuhl-Grünanlage",
        "info": "",
        "category": "Grünanlage"
      },
      "geometry": {
        "type": "Point",
        "coordinates": [
          13.450636445320399,
          52.448181209478214
        ]
      }
    },
    {
      "type": "Feature",
      "properties": {
        "name": "Akazienwäldchen-Grünanlage",
        "info": "",
        "category": "Grünanlage"
      },
      "geometry": {
        "type": "Point",
        "coordinates": [
          13.447083232310714,
          52.45194371083332
        ]
      }
    },
    {
      "type": "Feature",
      "properties": {
        "name": "Fennpfuhl-Grünanlage",
        "info": "",
        "category": "Grünanlage"
      },
      "geometry": {
        "type": "Point",
        "coordinates": [
          13.443194915956381,
          52.44979363423137
        ]
      }
    },
    {
      "type": "Feature",
      "properties": {
        "name": "Braunschweiger Ufer-Grünanlage",
        "info": "",
        "category": "Grünanlage"
      },
      "geometry": {
        "type": "Point",
        "coordinates": [
          13.44527299288841,
          52.45864596229079
        ]
      }
    },
    {
      "type": "Feature",
      "properties": {
        "name": "Park am Buschkrug-Grünanlage",
        "info": "",
        "category": "Grünanlage"
      },
      "geometry": {
        "type": "Point",
        "coordinates": [
          13.447946794616058,
          52.45392909746116
        ]
      }
    },
    {
      "type": "Feature",
      "properties": {
        "name": "Delfter Ufer-Grünanlage",
        "info": "",
        "category": "Grünanlage"
      },
      "geometry": {
        "type": "Point",
        "coordinates": [
          13.45883139917714,
          52.455228505200964
        ]
      }
    },
    {
      "type": "Feature",
      "properties": {
        "name": "Südpark-Grünanlage",
        "info": "",
        "category": "Grünanlage"
      },
      "geometry": {
        "type": "Point",
        "coordinates": [
          13.507657144500133,
          52.40074534077174
        ]
      }
    },
    {
      "type": "Feature",
      "properties": {
        "name": "Schirpitzer Weg-Grünanlage",
        "info": "",
        "category": "Grünanlage"
      },
      "geometry": {
        "type": "Point",
        "coordinates": [
          13.510423503340455,
          52.417529669704614
        ]
      }
    },
    {
      "type": "Feature",
      "properties": {
        "name": "Breitunger Weg",
        "info": "",
        "category": "Grünanlage"
      },
      "geometry": {
        "type": "Point",
        "coordinates": [
          13.413033703407518,
          52.42932319014057
        ]
      }
    },
    {
      "type": "Feature",
      "properties": {
        "name": "Herrfurthplatz-Grünanlage",
        "info": "",
        "category": "Grünanlage"
      },
      "geometry": {
        "type": "Point",
        "coordinates": [
          13.421721669157172,
          52.47723497324409
        ]
      }
    },
    {
      "type": "Feature",
      "properties": {
        "name": "Herbert-Krause Park",
        "info": "",
        "category": "Grünanlage"
      },
      "geometry": {
        "type": "Point",
        "coordinates": [
          13.4705759791005,
          52.46485508089909
        ]
      }
    },
    {
      "type": "Feature",
      "properties": {
        "name": "Hänselstrasse",
        "info": "",
        "category": "Grünanlage"
      },
      "geometry": {
        "type": "Point",
        "coordinates": [
          13.473057136484336,
          52.466147595313736
        ]
      }
    },
    {
      "type": "Feature",
      "properties": {
        "name": "Heidekampgraben-Grünanlage",
        "info": "",
        "category": "Grünanlage"
      },
      "geometry": {
        "type": "Point",
        "coordinates": [
          13.475820426035183,
          52.46722197619511
        ]
      }
    },
    {
      "type": "Feature",
      "properties": {
        "name": "Comeniusgarten",
        "info": "",
        "category": "Grünanlage"
      },
      "geometry": {
        "type": "Point",
        "coordinates": [
          13.442725813105895,
          52.47500975748657
        ]
      }
    },
    {
      "type": "Feature",
      "properties": {
        "name": "Von-der-Schulenburg-Park-Grünanlage",
        "info": "",
        "category": "Grünanlage"
      },
      "geometry": {
        "type": "Point",
        "coordinates": [
          13.470598857974299,
          52.46761602339858
        ]
      }
    },
    {
      "type": "Feature",
      "properties": {
        "name": "Venusplatz-Grünanlage",
        "info": "",
        "category": "Grünanlage"
      },
      "geometry": {
        "type": "Point",
        "coordinates": [
          13.466247636097645,
          52.46869415147024
        ]
      }
    },
    {
      "type": "Feature",
      "properties": {
        "name": "Böhmische Strasse",
        "info": "",
        "category": "Grünanlage"
      },
      "geometry": {
        "type": "Point",
        "coordinates": [
          13.446441149951323,
          52.47548307960897
        ]
      }
    },
    {
      "type": "Feature",
      "properties": {
        "name": "Jan-Hus-Weg-Grünanlage",
        "info": "",
        "category": "Grünanlage"
      },
      "geometry": {
        "type": "Point",
        "coordinates": [
          13.442562021745438,
          52.47668759837764
        ]
      }
    },
    {
      "type": "Feature",
      "properties": {
        "name": "Richardplatz-Grünanlage",
        "info": "",
        "category": "Grünanlage"
      },
      "geometry": {
        "type": "Point",
        "coordinates": [
          13.446447459128345,
          52.47425532418648
        ]
      }
    },
    {
      "type": "Feature",
      "properties": {
        "name": "Volkspark Hasenheide-Grünanlage",
        "info": "",
        "category": "Grünanlage"
      },
      "geometry": {
        "type": "Point",
        "coordinates": [
          13.41414920113469,
          52.48683354122783
        ]
      }
    },
    {
      "type": "Feature",
      "properties": {
        "name": "Hertzbergplatz-Grünanlage",
        "info": "",
        "category": "Grünanlage"
      },
      "geometry": {
        "type": "Point",
        "coordinates": [
          13.448796746309723,
          52.47805079740826
        ]
      }
    },
    {
      "type": "Feature",
      "properties": {
        "name": "Wartheplatz-Grünanlage",
        "info": "",
        "category": "Grünanlage"
      },
      "geometry": {
        "type": "Point",
        "coordinates": [
          13.424027103262725,
          52.46979276295755
        ]
      }
    },
    {
      "type": "Feature",
      "properties": {
        "name": "Selkestraße-Grünanlage",
        "info": "",
        "category": "Grünanlage"
      },
      "geometry": {
        "type": "Point",
        "coordinates": [
          13.436342916558472,
          52.471161263750005
        ]
      }
    },
    {
      "type": "Feature",
      "properties": {
        "name": "Lessinghöhe-Grünanlage",
        "info": "",
        "category": "Grünanlage"
      },
      "geometry": {
        "type": "Point",
        "coordinates": [
          13.436091535942513,
          52.47554008264066
        ]
      }
    },
    {
      "type": "Feature",
      "properties": {
        "name": "Rübelandstraße",
        "info": "",
        "category": "Grünanlage"
      },
      "geometry": {
        "type": "Point",
        "coordinates": [
          13.437544792696773,
          52.472359970901124
        ]
      }
    },
    {
      "type": "Feature",
      "properties": {
        "name": "Körnerpark",
        "info": "",
        "category": "Grünanlage"
      },
      "geometry": {
        "type": "Point",
        "coordinates": [
          13.437898349029894,
          52.47139334470833
        ]
      }
    },
    {
      "type": "Feature",
      "properties": {
        "name": "Boddinplatz",
        "info": "",
        "category": "Grünanlage"
      },
      "geometry": {
        "type": "Point",
        "coordinates": [
          13.428706917698117,
          52.47997957245878
        ]
      }
    },
    {
      "type": "Feature",
      "properties": {
        "name": "Reuterplatz-Grünanlage",
        "info": "",
        "category": "Grünanlage"
      },
      "geometry": {
        "type": "Point",
        "coordinates": [
          13.429635458050582,
          52.48921796462751
        ]
      }
    },
    {
      "type": "Feature",
      "properties": {
        "name": "Truseplatz-Grünanlage",
        "info": "",
        "category": "Grünanlage"
      },
      "geometry": {
        "type": "Point",
        "coordinates": [
          13.447780765906574,
          52.48238179999128
        ]
      }
    },
    {
      "type": "Feature",
      "properties": {
        "name": "Schillerpromenade-Grünanlage",
        "info": "",
        "category": "Grünanlage"
      },
      "geometry": {
        "type": "Point",
        "coordinates": [
          13.422386758262387,
          52.476124183400664
        ]
      }
    },
    {
      "type": "Feature",
      "properties": {
        "name": "Thomashöhe-Grünanlage",
        "info": "",
        "category": "Grünanlage"
      },
      "geometry": {
        "type": "Point",
        "coordinates": [
          13.436908454526366,
          52.473722584864284
        ]
      }
    },
    {
      "type": "Feature",
      "properties": {
        "name": "Weichselplatz-Grünanlage",
        "info": "",
        "category": "Grünanlage"
      },
      "geometry": {
        "type": "Point",
        "coordinates": [
          13.439290108324405,
          52.487815830722774
        ]
      }
    },
    {
      "type": "Feature",
      "properties": {
        "name": "Wildenbruchplatz-Grünanlage",
        "info": "",
        "category": "Grünanlage"
      },
      "geometry": {
        "type": "Point",
        "coordinates": [
          13.444915027692769,
          52.48387628237414
        ]
      }
    },
    {
      "type": "Feature",
      "properties": {
        "name": "Meskengraben",
        "info": "",
        "category": "Grünanlage"
      },
      "geometry": {
        "type": "Point",
        "coordinates": [
          13.494922774057434,
          52.408150890008564
        ]
      }
    },
    {
      "type": "Feature",
      "properties": {
        "name": "Rohrpfuhl-Grünanlage",
        "info": "",
        "category": "Grünanlage"
      },
      "geometry": {
        "type": "Point",
        "coordinates": [
          13.49298191753367,
          52.41056496363493
        ]
      }
    },
    {
      "type": "Feature",
      "properties": {
        "name": "Dörferblick",
        "info": "",
        "category": "Grünanlage"
      },
      "geometry": {
        "type": "Point",
        "coordinates": [
          13.482095114283823,
          52.39743893664363
        ]
      }
    },
    {
      "type": "Feature",
      "properties": {
        "name": "Lolopfuhl-Grünanlage",
        "info": "",
        "category": "Grünanlage"
      },
      "geometry": {
        "type": "Point",
        "coordinates": [
          13.497258079845714,
          52.40578177146936
        ]
      }
    },
    {
      "type": "Feature",
      "properties": {
        "name": "Rudower Fließ-Grünanlage",
        "info": "",
        "category": "Grünanlage"
      },
      "geometry": {
        "type": "Point",
        "coordinates": [
          13.479474853858818,
          52.40424873242799
        ]
      }
    },
    {
      "type": "Feature",
      "properties": {
        "name": "BBR-Grünanlage",
        "info": "",
        "category": "Grünanlage"
      },
      "geometry": {
        "type": "Point",
        "coordinates": [
          13.449749192995496,
          52.428670553513186
        ]
      }
    },
    {
      "type": "Feature",
      "properties": {
        "name": "NME-Grünanlage",
        "info": "",
        "category": "Grünanlage"
      },
      "geometry": {
        "type": "Point",
        "coordinates": [
          13.481419183158085,
          52.417660511037624
        ]
      }
    },
    {
      "type": "Feature",
      "properties": {
        "name": "Kattenpfuhl-Grünanlage",
        "info": "",
        "category": "Grünanlage"
      },
      "geometry": {
        "type": "Point",
        "coordinates": [
          13.500960524098966,
          52.41702123360219
        ]
      }
    },
    {
      "type": "Feature",
      "properties": {
        "name": "Am Schönbergweg",
        "info": "",
        "category": "Grünanlage"
      },
      "geometry": {
        "type": "Point",
        "coordinates": [
          13.521676148301815,
          52.41396945616535
        ]
      }
    },
    {
      "type": "Feature",
      "properties": {
        "name": "Katzenpfuhl-Grünanlage",
        "info": "",
        "category": "Grünanlage"
      },
      "geometry": {
        "type": "Point",
        "coordinates": [
          13.506961002370298,
          52.407315086727365
        ]
      }
    },
    {
      "type": "Feature",
      "properties": {
        "name": "Nordpark-Grünanlage",
        "info": "",
        "category": "Grünanlage"
      },
      "geometry": {
        "type": "Point",
        "coordinates": [
          13.503334361918542,
          52.40446960529146
        ]
      }
    },
    {
      "type": "Feature",
      "properties": {
        "name": "Espenpfuhl-Grünanlage",
        "info": "",
        "category": "Grünanlage"
      },
      "geometry": {
        "type": "Point",
        "coordinates": [
          13.510442317595874,
          52.40814942279174
        ]
      }
    },
    {
      "type": "Feature",
      "properties": {
        "name": "Klarpfuhl-Grünanlage",
        "info": "",
        "category": "Grünanlage"
      },
      "geometry": {
        "type": "Point",
        "coordinates": [
          13.513514264979278,
          52.40297005045425
        ]
      }
    },
    {
      "type": "Feature",
      "properties": {
        "name": "Margueritenring-Grünanlage",
        "info": "",
        "category": "Grünanlage"
      },
      "geometry": {
        "type": "Point",
        "coordinates": [
          13.499920221123737,
          52.421590281329095
        ]
      }
    },
    {
      "type": "Feature",
      "properties": {
        "name": "E. Keller BR.-Hafen Rudow West",
        "info": "",
        "category": "Grünanlage"
      },
      "geometry": {
        "type": "Point",
        "coordinates": [
          13.487815268006486,
          52.43766647142369
        ]
      }
    },
    {
      "type": "Feature",
      "properties": {
        "name": "Uferpromenade Martin-Mährlein-Weg",
        "info": "",
        "category": "Grünanlage"
      },
      "geometry": {
        "type": "Point",
        "coordinates": [
          13.469692287102161,
          52.446551730669874
        ]
      }
    },
    {
      "type": "Feature",
      "properties": {
        "name": "Röthepfuhl-Grünanlage",
        "info": "",
        "category": "Grünanlage"
      },
      "geometry": {
        "type": "Point",
        "coordinates": [
          13.509200732535595,
          52.407080149375794
        ]
      }
    },
    {
      "type": "Feature",
      "properties": {
        "name": "Laubsängerweg",
        "info": "",
        "category": "Grünanlage"
      },
      "geometry": {
        "type": "Point",
        "coordinates": [
          13.462605399523444,
          52.439194376260374
        ]
      }
    },
    {
      "type": "Feature",
      "properties": {
        "name": "Rohrdommelweg-Grünanlage",
        "info": "",
        "category": "Grünanlage"
      },
      "geometry": {
        "type": "Point",
        "coordinates": [
          13.473195512931229,
          52.43891284373383
        ]
      }
    },
    {
      "type": "Feature",
      "properties": {
        "name": "Britzer Wiesen-Grünanlage",
        "info": "",
        "category": "Grünanlage"
      },
      "geometry": {
        "type": "Point",
        "coordinates": [
          13.4636384094228,
          52.446568144742336
        ]
      }
    },
    {
      "type": "Feature",
      "properties": {
        "name": "Schmiedeteich-Grünanlage",
        "info": "",
        "category": "Grünanlage"
      },
      "geometry": {
        "type": "Point",
        "coordinates": [
          13.49592922124379,
          52.41840167564896
        ]
      }
    },
    {
      "type": "Feature",
      "properties": {
        "name": "Rudower Höhe-Grünanlage",
        "info": "",
        "category": "Grünanlage"
      },
      "geometry": {
        "type": "Point",
        "coordinates": [
          13.519515766585446,
          52.418512241606116
        ]
      }
    },
    {
      "type": "Feature",
      "properties": {
        "name": "Papenpfuhl-Grünanlage",
        "info": "",
        "category": "Grünanlage"
      },
      "geometry": {
        "type": "Point",
        "coordinates": [
          13.42547109964319,
          52.43833459784833
        ]
      }
    },
    {
      "type": "Feature",
      "properties": {
        "name": "Hochspannungsweg-Grünanlage",
        "info": "",
        "category": "Grünanlage"
      },
      "geometry": {
        "type": "Point",
        "coordinates": [
          13.42530220259943,
          52.42553444451405
        ]
      }
    },
    {
      "type": "Feature",
      "properties": {
        "name": "Gielower Strasse-Grünanlage",
        "info": "",
        "category": "Grünanlage"
      },
      "geometry": {
        "type": "Point",
        "coordinates": [
          13.454591372323193,
          52.4424137568111
        ]
      }
    },
    {
      "type": "Feature",
      "properties": {
        "name": "Roetepfuhl-Grünanlage",
        "info": "",
        "category": "Grünanlage"
      },
      "geometry": {
        "type": "Point",
        "coordinates": [
          13.427917198856155,
          52.441745346116996
        ]
      }
    },
    {
      "type": "Feature",
      "properties": {
        "name": "Fritz-Reuter-Allee-Grünanlage",
        "info": "",
        "category": "Grünanlage"
      },
      "geometry": {
        "type": "Point",
        "coordinates": [
          13.446752561314952,
          52.44112731343256
        ]
      }
    },
    {
      "type": "Feature",
      "properties": {
        "name": "Walnußweg-Grünanlage",
        "info": "",
        "category": "Grünanlage"
      },
      "geometry": {
        "type": "Point",
        "coordinates": [
          13.412282676366166,
          52.44036280679569
        ]
      }
    },
    {
      "type": "Feature",
      "properties": {
        "name": "Am Gewerbedreieck",
        "info": "",
        "category": "Grünanlage"
      },
      "geometry": {
        "type": "Point",
        "coordinates": [
          13.434165718567463,
          52.44182962194361
        ]
      }
    },
    {
      "type": "Feature",
      "properties": {
        "name": "Neumarkplan",
        "info": "",
        "category": "Grünanlage"
      },
      "geometry": {
        "type": "Point",
        "coordinates": [
          13.431206672835753,
          52.442243503367415
        ]
      }
    },
    {
      "type": "Feature",
      "properties": {
        "name": "Britz-Süd-Grünanlage",
        "info": "",
        "category": "Grünanlage"
      },
      "geometry": {
        "type": "Point",
        "coordinates": [
          13.44189859394987,
          52.44144621239749
        ]
      }
    },
    {
      "type": "Feature",
      "properties": {
        "name": "Friedland II-Grünanlage",
        "info": "",
        "category": "Grünanlage"
      },
      "geometry": {
        "type": "Point",
        "coordinates": [
          13.421938911980591,
          52.440677633922675
        ]
      }
    },
    {
      "type": "Feature",
      "properties": {
        "name": "Gerlinger Straße 52",
        "info": "",
        "category": "Grünanlage"
      },
      "geometry": {
        "type": "Point",
        "coordinates": [
          13.423280110609037,
          52.41575309288598
        ]
      }
    },
    {
      "type": "Feature",
      "properties": {
        "name": "In den Gärten-Grünanlage",
        "info": "",
        "category": "Grünanlage"
      },
      "geometry": {
        "type": "Point",
        "coordinates": [
          13.420920837287728,
          52.420169485361164
        ]
      }
    },
    {
      "type": "Feature",
      "properties": {
        "name": "Siedlung Spruch-Grünanlage",
        "info": "",
        "category": "Grünanlage"
      },
      "geometry": {
        "type": "Point",
        "coordinates": [
          13.411293892860952,
          52.42185639988052
        ]
      }
    },
    {
      "type": "Feature",
      "properties": {
        "name": "Wildmeisterdamm 252/254",
        "info": "",
        "category": "Grünanlage"
      },
      "geometry": {
        "type": "Point",
        "coordinates": [
          13.446733820547175,
          52.42532225986156
        ]
      }
    },
    {
      "type": "Feature",
      "properties": {
        "name": "Siedlung Neue Heimstatt",
        "info": "",
        "category": "Grünanlage"
      },
      "geometry": {
        "type": "Point",
        "coordinates": [
          13.410269691517534,
          52.41878258708405
        ]
      }
    },
    {
      "type": "Feature",
      "properties": {
        "name": "Alt-Buckow 25-33",
        "info": "",
        "category": "Grünanlage"
      },
      "geometry": {
        "type": "Point",
        "coordinates": [
          13.4321901233285,
          52.42180486057496
        ]
      }
    },
    {
      "type": "Feature",
      "properties": {
        "name": "Schlierbacher Weg",
        "info": "",
        "category": "Grünanlage"
      },
      "geometry": {
        "type": "Point",
        "coordinates": [
          13.400906683321207,
          52.41661820174613
        ]
      }
    },
    {
      "type": "Feature",
      "properties": {
        "name": "Alt-Buckow Dorfteich-Grünanlage",
        "info": "",
        "category": "Grünanlage"
      },
      "geometry": {
        "type": "Point",
        "coordinates": [
          13.43228581494993,
          52.42259564676313
        ]
      }
    },
    {
      "type": "Feature",
      "properties": {
        "name": "Begonienplatz WG",
        "info": "",
        "category": "Grünanlage"
      },
      "geometry": {
        "type": "Point",
        "coordinates": [
          13.31059905912555,
          52.451322075430355
        ]
      }
    },
    {
      "type": "Feature",
      "properties": {
        "name": "Hortensienplatz WG",
        "info": "",
        "category": "Grünanlage"
      },
      "geometry": {
        "type": "Point",
        "coordinates": [
          13.309910811908304,
          52.45001369558148
        ]
      }
    },
    {
      "type": "Feature",
      "properties": {
        "name": "Oehlertplatz WG",
        "info": "",
        "category": "Grünanlage"
      },
      "geometry": {
        "type": "Point",
        "coordinates": [
          13.351002019904668,
          52.45432523566343
        ]
      }
    },
    {
      "type": "Feature",
      "properties": {
        "name": "Stadtpark Steglitz - Teil 2/2",
        "info": "",
        "category": "Grünanlage"
      },
      "geometry": {
        "type": "Point",
        "coordinates": [
          13.335409128129646,
          52.44823308929871
        ]
      }
    },
    {
      "type": "Feature",
      "properties": {
        "name": "Munsterdamm WG-1/2",
        "info": "Kolonie Rauhe Berge",
        "category": "Grünanlage"
      },
      "geometry": {
        "type": "Point",
        "coordinates": [
          13.347988254176942,
          52.45451980397973
        ]
      }
    },
    {
      "type": "Feature",
      "properties": {
        "name": "Munsterdamm WG-2/2",
        "info": "Ostseite",
        "category": "Grünanlage"
      },
      "geometry": {
        "type": "Point",
        "coordinates": [
          13.34931563299224,
          52.45464231185591
        ]
      }
    },
    {
      "type": "Feature",
      "properties": {
        "name": "Friedrichsruher Platz WG",
        "info": "",
        "category": "Grünanlage"
      },
      "geometry": {
        "type": "Point",
        "coordinates": [
          13.336053373075394,
          52.45876151410477
        ]
      }
    },
    {
      "type": "Feature",
      "properties": {
        "name": "Althoffplatz WG",
        "info": "",
        "category": "Grünanlage"
      },
      "geometry": {
        "type": "Point",
        "coordinates": [
          13.332005163117861,
          52.45713493677168
        ]
      }
    },
    {
      "type": "Feature",
      "properties": {
        "name": "Jochen-Klepper-Park WG",
        "info": "Kottesteig bis Gurlittstraße",
        "category": "Grünanlage"
      },
      "geometry": {
        "type": "Point",
        "coordinates": [
          13.35056060167737,
          52.45275274647011
        ]
      }
    },
    {
      "type": "Feature",
      "properties": {
        "name": "Carmerplatz WG",
        "info": "",
        "category": "Grünanlage"
      },
      "geometry": {
        "type": "Point",
        "coordinates": [
          13.320400391537845,
          52.452763126495526
        ]
      }
    },
    {
      "type": "Feature",
      "properties": {
        "name": "Ahornplatz WG",
        "info": "",
        "category": "Grünanlage"
      },
      "geometry": {
        "type": "Point",
        "coordinates": [
          13.321352508804406,
          52.46130829773323
        ]
      }
    },
    {
      "type": "Feature",
      "properties": {
        "name": "Markusplatz WG",
        "info": "",
        "category": "Grünanlage"
      },
      "geometry": {
        "type": "Point",
        "coordinates": [
          13.342184197045441,
          52.44899205638559
        ]
      }
    },
    {
      "type": "Feature",
      "properties": {
        "name": "Wickenhagenweg WG",
        "info": "",
        "category": "Grünanlage"
      },
      "geometry": {
        "type": "Point",
        "coordinates": [
          13.15769972576377,
          52.41608672771908
        ]
      }
    },
    {
      "type": "Feature",
      "properties": {
        "name": "Kleistgrab WG - Teil 2/2",
        "info": "Königstraße 70",
        "category": "Grünanlage"
      },
      "geometry": {
        "type": "Point",
        "coordinates": [
          13.174626117470687,
          52.4193881231908
        ]
      }
    },
    {
      "type": "Feature",
      "properties": {
        "name": "Altvaterstraße WG",
        "info": "",
        "category": "Grünanlage"
      },
      "geometry": {
        "type": "Point",
        "coordinates": [
          13.212109211058618,
          52.43915050853787
        ]
      }
    },
    {
      "type": "Feature",
      "properties": {
        "name": "Nibelungenstraße WG",
        "info": "",
        "category": "Grünanlage"
      },
      "geometry": {
        "type": "Point",
        "coordinates": [
          13.179424392212109,
          52.4196659748003
        ]
      }
    },
    {
      "type": "Feature",
      "properties": {
        "name": "Argentinische Allee WG",
        "info": "Ecke Clayallee",
        "category": "Grünanlage"
      },
      "geometry": {
        "type": "Point",
        "coordinates": [
          13.269494345661393,
          52.45070386700796
        ]
      }
    },
    {
      "type": "Feature",
      "properties": {
        "name": "Kaiser-Wilhelm-Platz WG",
        "info": "",
        "category": "Grünanlage"
      },
      "geometry": {
        "type": "Point",
        "coordinates": [
          13.296812971392056,
          52.46339819975066
        ]
      }
    },
    {
      "type": "Feature",
      "properties": {
        "name": "Wilskistraße WG",
        "info": "",
        "category": "Grünanlage"
      },
      "geometry": {
        "type": "Point",
        "coordinates": [
          13.248125044828896,
          52.44722319033053
        ]
      }
    },
    {
      "type": "Feature",
      "properties": {
        "name": "Gemeindewäldchen WG-2/2",
        "info": "Forststraße bis S-Bahn-Brücke",
        "category": "Grünanlage"
      },
      "geometry": {
        "type": "Point",
        "coordinates": [
          13.244161935309373,
          52.43427942352454
        ]
      }
    },
    {
      "type": "Feature",
      "properties": {
        "name": "Landschaftspark Glienicke N - Teil 1/2",
        "info": "",
        "category": "Grünanlage"
      },
      "geometry": {
        "type": "Point",
        "coordinates": [
          13.100162627698046,
          52.418533013137925
        ]
      }
    },
    {
      "type": "Feature",
      "properties": {
        "name": "Krummes Fenn N",
        "info": "",
        "category": "Grünanlage"
      },
      "geometry": {
        "type": "Point",
        "coordinates": [
          13.230524775492125,
          52.42398762125813
        ]
      }
    },
    {
      "type": "Feature",
      "properties": {
        "name": "Im Gehege WG",
        "info": "Estrongo-Nachama-Platz",
        "category": "Grünanlage"
      },
      "geometry": {
        "type": "Point",
        "coordinates": [
          13.2838673783448,
          52.45977073289039
        ]
      }
    },
    {
      "type": "Feature",
      "properties": {
        "name": "Rehwiese N",
        "info": "",
        "category": "Grünanlage"
      },
      "geometry": {
        "type": "Point",
        "coordinates": [
          13.199998195683943,
          52.4244620562559
        ]
      }
    },
    {
      "type": "Feature",
      "properties": {
        "name": "Lückhoffstraße WG",
        "info": "Ecke Kirchweg",
        "category": "Grünanlage"
      },
      "geometry": {
        "type": "Point",
        "coordinates": [
          13.200900628785027,
          52.42999035163606
        ]
      }
    },
    {
      "type": "Feature",
      "properties": {
        "name": "Stewardstraße WG",
        "info": "Ecke Am Waldfriedhof",
        "category": "Grünanlage"
      },
      "geometry": {
        "type": "Point",
        "coordinates": [
          13.263901496006117,
          52.45259144780301
        ]
      }
    },
    {
      "type": "Feature",
      "properties": {
        "name": "Dreipfuhlpark WG",
        "info": "Garystraße bis Schützallee",
        "category": "Grünanlage"
      },
      "geometry": {
        "type": "Point",
        "coordinates": [
          13.272896940347984,
          52.44759148691023
        ]
      }
    },
    {
      "type": "Feature",
      "properties": {
        "name": "Paul-Ernst-Park (Westlicher Teil) N",
        "info": "",
        "category": "Grünanlage"
      },
      "geometry": {
        "type": "Point",
        "coordinates": [
          13.209512960772228,
          52.43990483830378
        ]
      }
    },
    {
      "type": "Feature",
      "properties": {
        "name": "Flensburger Löwe WG",
        "info": "Zum Heckeshorn",
        "category": "Grünanlage"
      },
      "geometry": {
        "type": "Point",
        "coordinates": [
          13.16481565387621,
          52.43404195431636
        ]
      }
    },
    {
      "type": "Feature",
      "properties": {
        "name": "Am Erlenbusch WG",
        "info": "",
        "category": "Grünanlage"
      },
      "geometry": {
        "type": "Point",
        "coordinates": [
          13.303522571845413,
          52.46409897260073
        ]
      }
    },
    {
      "type": "Feature",
      "properties": {
        "name": "Finkenpark WG",
        "info": "",
        "category": "Grünanlage"
      },
      "geometry": {
        "type": "Point",
        "coordinates": [
          13.28436399936638,
          52.465333578341294
        ]
      }
    },
    {
      "type": "Feature",
      "properties": {
        "name": "Garystraße WG",
        "info": "Ecke Clayallee",
        "category": "Grünanlage"
      },
      "geometry": {
        "type": "Point",
        "coordinates": [
          13.274956283835847,
          52.44983618561268
        ]
      }
    },
    {
      "type": "Feature",
      "properties": {
        "name": "Thielpark und Triestpark Teil 1/2",
        "info": "Auf dem Grat bis Löhleinstraße",
        "category": "Grünanlage"
      },
      "geometry": {
        "type": "Point",
        "coordinates": [
          13.280976685569474,
          52.45407362326587
        ]
      }
    },
    {
      "type": "Feature",
      "properties": {
        "name": "Kleistgrab WG - Teil 1/2",
        "info": "Bismarckstraße",
        "category": "Grünanlage"
      },
      "geometry": {
        "type": "Point",
        "coordinates": [
          13.171816615201353,
          52.418819159618444
        ]
      }
    },
    {
      "type": "Feature",
      "properties": {
        "name": "Jochen-Klepper-Weg WG - Teil 2/2",
        "info": "Von-Luck-Straße bis Wasgenstraße",
        "category": "Grünanlage"
      },
      "geometry": {
        "type": "Point",
        "coordinates": [
          13.209767153184394,
          52.42952313471336
        ]
      }
    },
    {
      "type": "Feature",
      "properties": {
        "name": "Messelpark WG",
        "info": "",
        "category": "Grünanlage"
      },
      "geometry": {
        "type": "Point",
        "coordinates": [
          13.291672380924588,
          52.465252928597614
        ]
      }
    },
    {
      "type": "Feature",
      "properties": {
        "name": "Clayallee WG",
        "info": "",
        "category": "Grünanlage"
      },
      "geometry": {
        "type": "Point",
        "coordinates": [
          13.273002448308418,
          52.45621106550572
        ]
      }
    },
    {
      "type": "Feature",
      "properties": {
        "name": "Jürgen-Fuchs-Platz WG",
        "info": "Platz Ecke Königin-Luise-Straße",
        "category": "Grünanlage"
      },
      "geometry": {
        "type": "Point",
        "coordinates": [
          13.298956761259829,
          52.45748743084115
        ]
      }
    },
    {
      "type": "Feature",
      "properties": {
        "name": "Jochen-Klepper-Weg WG - Teil 1/2",
        "info": "Kirchweg bis Von-Luck-Straße",
        "category": "Grünanlage"
      },
      "geometry": {
        "type": "Point",
        "coordinates": [
          13.205371869217982,
          52.42873070196551
        ]
      }
    },
    {
      "type": "Feature",
      "properties": {
        "name": "Landweg WG",
        "info": "Durchgang zur Réaumurstraße",
        "category": "Grünanlage"
      },
      "geometry": {
        "type": "Point",
        "coordinates": [
          13.319129412944536,
          52.41106154108641
        ]
      }
    },
    {
      "type": "Feature",
      "properties": {
        "name": "Stephanstraße 20-22 WG",
        "info": "",
        "category": "Grünanlage"
      },
      "geometry": {
        "type": "Point",
        "coordinates": [
          13.347358992416805,
          52.44707828615768
        ]
      }
    },
    {
      "type": "Feature",
      "properties": {
        "name": "Krahmerstraße WG-2/2",
        "info": "Teltowkanal bis Ostpreußendamm",
        "category": "Grünanlage"
      },
      "geometry": {
        "type": "Point",
        "coordinates": [
          13.321166896649332,
          52.43681395868961
        ]
      }
    },
    {
      "type": "Feature",
      "properties": {
        "name": "Hospitalgraben WG",
        "info": "Malteserstraße bis Wedellstraße",
        "category": "Grünanlage"
      },
      "geometry": {
        "type": "Point",
        "coordinates": [
          13.35548504536304,
          52.434674324875346
        ]
      }
    },
    {
      "type": "Feature",
      "properties": {
        "name": "Wupperstraße WG",
        "info": "östlich der Wupperstraße",
        "category": "Grünanlage"
      },
      "geometry": {
        "type": "Point",
        "coordinates": [
          13.272924898288373,
          52.41261193099294
        ]
      }
    },
    {
      "type": "Feature",
      "properties": {
        "name": "Grünzug am Buschgraben WG-1/3",
        "info": "Machnower Straße 109",
        "category": "Grünanlage"
      },
      "geometry": {
        "type": "Point",
        "coordinates": [
          13.249284642445659,
          52.411235085654226
        ]
      }
    },
    {
      "type": "Feature",
      "properties": {
        "name": "Yehudi-Menuhin-Park WG",
        "info": "Am Rohrgarten/Wiesenschlag",
        "category": "Grünanlage"
      },
      "geometry": {
        "type": "Point",
        "coordinates": [
          13.220294142546793,
          52.42554525526386
        ]
      }
    },
    {
      "type": "Feature",
      "properties": {
        "name": "Onkel-Toms-Hütte N",
        "info": "Onkel-Tom-Straße 172",
        "category": "Grünanlage"
      },
      "geometry": {
        "type": "Point",
        "coordinates": [
          13.248286972996919,
          52.45486428443091
        ]
      }
    },
    {
      "type": "Feature",
      "properties": {
        "name": "Wupperstraße N",
        "info": "",
        "category": "Grünanlage"
      },
      "geometry": {
        "type": "Point",
        "coordinates": [
          13.272454457856457,
          52.4113188758754
        ]
      }
    },
    {
      "type": "Feature",
      "properties": {
        "name": "Mörchinger Straße WG",
        "info": "Berliner Str. 88 bis Dahl. u. Colm. Weg",
        "category": "Grünanlage"
      },
      "geometry": {
        "type": "Point",
        "coordinates": [
          13.279918037078835,
          52.43854411748509
        ]
      }
    },
    {
      "type": "Feature",
      "properties": {
        "name": "Gustav-Mahler-Platz WG",
        "info": "",
        "category": "Grünanlage"
      },
      "geometry": {
        "type": "Point",
        "coordinates": [
          13.30532940492643,
          52.46154714268493
        ]
      }
    },
    {
      "type": "Feature",
      "properties": {
        "name": "Charkiw-Park",
        "info": "Rothenburgstraße / Grunewaldstraße",
        "category": "Grünanlage"
      },
      "geometry": {
        "type": "Point",
        "coordinates": [
          13.318132227242591,
          52.45734361961482
        ]
      }
    },
    {
      "type": "Feature",
      "properties": {
        "name": "Ruth-Andreas-Friedrich-Park WG",
        "info": "einschl. Zeunepromenade",
        "category": "Grünanlage"
      },
      "geometry": {
        "type": "Point",
        "coordinates": [
          13.309421153392373,
          52.455598826667725
        ]
      }
    },
    {
      "type": "Feature",
      "properties": {
        "name": "Matthäuskirche WG",
        "info": "Schloßstraße bis Rothenburgstraße",
        "category": "Grünanlage"
      },
      "geometry": {
        "type": "Point",
        "coordinates": [
          13.317342650005608,
          52.456525652812
        ]
      }
    },
    {
      "type": "Feature",
      "properties": {
        "name": "Harry-Bresslau-Park WG",
        "info": "Treitschkestraße",
        "category": "Grünanlage"
      },
      "geometry": {
        "type": "Point",
        "coordinates": [
          13.322171586586984,
          52.46353961808407
        ]
      }
    },
    {
      "type": "Feature",
      "properties": {
        "name": "Knausplatz WG",
        "info": "Thorwaldsenstraße / Knausstraße",
        "category": "Grünanlage"
      },
      "geometry": {
        "type": "Point",
        "coordinates": [
          13.339257041280534,
          52.46480053976325
        ]
      }
    },
    {
      "type": "Feature",
      "properties": {
        "name": "Elisabeth-Bergner-Park WG",
        "info": "Schildhornstraße / Gritznerstraße.",
        "category": "Grünanlage"
      },
      "geometry": {
        "type": "Point",
        "coordinates": [
          13.315962539622769,
          52.46497510342731
        ]
      }
    },
    {
      "type": "Feature",
      "properties": {
        "name": "Schildhornstraße WG",
        "info": "",
        "category": "Grünanlage"
      },
      "geometry": {
        "type": "Point",
        "coordinates": [
          13.312668582751417,
          52.46620432094649
        ]
      }
    },
    {
      "type": "Feature",
      "properties": {
        "name": "Björnsonstraße WG",
        "info": "",
        "category": "Grünanlage"
      },
      "geometry": {
        "type": "Point",
        "coordinates": [
          13.312914053427745,
          52.46508780274998
        ]
      }
    },
    {
      "type": "Feature",
      "properties": {
        "name": "Lauenburger Platz WG",
        "info": "Kniephofstraße 47",
        "category": "Grünanlage"
      },
      "geometry": {
        "type": "Point",
        "coordinates": [
          13.339019793098425,
          52.461169491400305
        ]
      }
    },
    {
      "type": "Feature",
      "properties": {
        "name": "Laehr\"scher Jagdweg WG (Rindenmulchweg)",
        "info": "Verbindungsweg zum Teltower Damm",
        "category": "Grünanlage"
      },
      "geometry": {
        "type": "Point",
        "coordinates": [
          13.268352957469807,
          52.4101985673526
        ]
      }
    },
    {
      "type": "Feature",
      "properties": {
        "name": "Königstraße 68 a-c N",
        "info": "Lebensretter",
        "category": "Grünanlage"
      },
      "geometry": {
        "type": "Point",
        "coordinates": [
          13.170122331919117,
          52.42047885344416
        ]
      }
    },
    {
      "type": "Feature",
      "properties": {
        "name": "Sachtlebenstraße WG",
        "info": "",
        "category": "Grünanlage"
      },
      "geometry": {
        "type": "Point",
        "coordinates": [
          13.2515013089178,
          52.411364252698895
        ]
      }
    },
    {
      "type": "Feature",
      "properties": {
        "name": "Bolchener Straße WG",
        "info": "Armywiese",
        "category": "Grünanlage"
      },
      "geometry": {
        "type": "Point",
        "coordinates": [
          13.27835348934292,
          52.4335863981851
        ]
      }
    },
    {
      "type": "Feature",
      "properties": {
        "name": "Grünzug am Buschgraben WG-2/3",
        "info": "Ludwigsfelder Straße",
        "category": "Grünanlage"
      },
      "geometry": {
        "type": "Point",
        "coordinates": [
          13.24436659927463,
          52.42363972923654
        ]
      }
    },
    {
      "type": "Feature",
      "properties": {
        "name": "Mexikoplatz WG",
        "info": "Bülowstraße bis Am Schlachtensee",
        "category": "Grünanlage"
      },
      "geometry": {
        "type": "Point",
        "coordinates": [
          13.23295842529358,
          52.43776254771939
        ]
      }
    },
    {
      "type": "Feature",
      "properties": {
        "name": "Ringelsteinweg WG",
        "info": "zu Kleinmachnower Weg u. Andreezeile",
        "category": "Grünanlage"
      },
      "geometry": {
        "type": "Point",
        "coordinates": [
          13.263696226465212,
          52.41003117802558
        ]
      }
    },
    {
      "type": "Feature",
      "properties": {
        "name": "Wasgenstraße WG",
        "info": "Verbindung zur Tewsstr. und zur Kurstr.",
        "category": "Grünanlage"
      },
      "geometry": {
        "type": "Point",
        "coordinates": [
          13.213691270588876,
          52.430098550067925
        ]
      }
    },
    {
      "type": "Feature",
      "properties": {
        "name": "Heinrich-Laehr-Park",
        "info": "einschl. Durchgang zur Jänickestraße",
        "category": "Grünanlage"
      },
      "geometry": {
        "type": "Point",
        "coordinates": [
          13.269993038143431,
          52.41800749080825
        ]
      }
    },
    {
      "type": "Feature",
      "properties": {
        "name": "Potsdamer Chaussee WG - Teil 1/2",
        "info": "S-Bahnbrücke Zhdf bis Lindenthaler Allee",
        "category": "Grünanlage"
      },
      "geometry": {
        "type": "Point",
        "coordinates": [
          13.23182672601757,
          52.431073513627084
        ]
      }
    },
    {
      "type": "Feature",
      "properties": {
        "name": "Am Hegewinkel WG",
        "info": "Ecke Am Waldfriedhof",
        "category": "Grünanlage"
      },
      "geometry": {
        "type": "Point",
        "coordinates": [
          13.262676046775454,
          52.454030090486796
        ]
      }
    },
    {
      "type": "Feature",
      "properties": {
        "name": "Potsdamer Chaussee WG - Teil 2/2",
        "info": "Lindenthaler Allee bis Am Waldhaus",
        "category": "Grünanlage"
      },
      "geometry": {
        "type": "Point",
        "coordinates": [
          13.210028014245374,
          52.42594910015024
        ]
      }
    },
    {
      "type": "Feature",
      "properties": {
        "name": "Teltowkanalwiesen N",
        "info": "östlich der Teltowwerft",
        "category": "Grünanlage"
      },
      "geometry": {
        "type": "Point",
        "coordinates": [
          13.254484278574017,
          52.406695798968144
        ]
      }
    },
    {
      "type": "Feature",
      "properties": {
        "name": "Dampferanlegestelle Wannsee N",
        "info": "Grünfläche am S-Bhf Wannsee",
        "category": "Grünanlage"
      },
      "geometry": {
        "type": "Point",
        "coordinates": [
          13.175992400572166,
          52.42146377065477
        ]
      }
    },
    {
      "type": "Feature",
      "properties": {
        "name": "Fischtalpark WG",
        "info": "",
        "category": "Grünanlage"
      },
      "geometry": {
        "type": "Point",
        "coordinates": [
          13.256780016507168,
          52.44419736914652
        ]
      }
    },
    {
      "type": "Feature",
      "properties": {
        "name": "Hohenzollernplatz WG",
        "info": "S-Bhf Nikolassee bis Alemannenstraße",
        "category": "Grünanlage"
      },
      "geometry": {
        "type": "Point",
        "coordinates": [
          13.194765714594618,
          52.430854535304505
        ]
      }
    },
    {
      "type": "Feature",
      "properties": {
        "name": "Echtermeyerstraße WG",
        "info": "",
        "category": "Grünanlage"
      },
      "geometry": {
        "type": "Point",
        "coordinates": [
          13.27249992506324,
          52.4324268691557
        ]
      }
    },
    {
      "type": "Feature",
      "properties": {
        "name": "Breitensteinweg WG",
        "info": "Verbindung zum Kleinmachnower Weg",
        "category": "Grünanlage"
      },
      "geometry": {
        "type": "Point",
        "coordinates": [
          13.256770479206736,
          52.40937434246945
        ]
      }
    },
    {
      "type": "Feature",
      "properties": {
        "name": "Schweizerhof Park",
        "info": "",
        "category": "Grünanlage"
      },
      "geometry": {
        "type": "Point",
        "coordinates": [
          13.259744203491254,
          52.42454840890314
        ]
      }
    },
    {
      "type": "Feature",
      "properties": {
        "name": "Schönower Park",
        "info": "",
        "category": "Grünanlage"
      },
      "geometry": {
        "type": "Point",
        "coordinates": [
          13.263079747071332,
          52.426699895209644
        ]
      }
    },
    {
      "type": "Feature",
      "properties": {
        "name": "Zinnowweg WG",
        "info": "Zinnowweg",
        "category": "Grünanlage"
      },
      "geometry": {
        "type": "Point",
        "coordinates": [
          13.244917396082423,
          52.442994466236634
        ]
      }
    },
    {
      "type": "Feature",
      "properties": {
        "name": "Karl-Schmidt -Rottluff-Weg WG",
        "info": "Berliner Straße bis Schützallee",
        "category": "Grünanlage"
      },
      "geometry": {
        "type": "Point",
        "coordinates": [
          13.275678656930575,
          52.44031883409033
        ]
      }
    },
    {
      "type": "Feature",
      "properties": {
        "name": "Onkel-Tom-Straße WG",
        "info": "Platz Ecke Riemeisterstraße",
        "category": "Grünanlage"
      },
      "geometry": {
        "type": "Point",
        "coordinates": [
          13.250725849685862,
          52.45326237441303
        ]
      }
    },
    {
      "type": "Feature",
      "properties": {
        "name": "Rodelbahn Onkel-Tom-Straße N",
        "info": "",
        "category": "Grünanlage"
      },
      "geometry": {
        "type": "Point",
        "coordinates": [
          13.251760992678985,
          52.455331190189696
        ]
      }
    },
    {
      "type": "Feature",
      "properties": {
        "name": "Vierling WG",
        "info": "",
        "category": "Grünanlage"
      },
      "geometry": {
        "type": "Point",
        "coordinates": [
          13.238282715580908,
          52.445482490536506
        ]
      }
    },
    {
      "type": "Feature",
      "properties": {
        "name": "Sundgauer Straße WG",
        "info": "Fuchsplatz",
        "category": "Grünanlage"
      },
      "geometry": {
        "type": "Point",
        "coordinates": [
          13.275547004921128,
          52.43454808684279
        ]
      }
    },
    {
      "type": "Feature",
      "properties": {
        "name": "Kronprinzessinnenweg 23 N",
        "info": "Uferstreifen",
        "category": "Grünanlage"
      },
      "geometry": {
        "type": "Point",
        "coordinates": [
          13.183392613912156,
          52.43125456207144
        ]
      }
    },
    {
      "type": "Feature",
      "properties": {
        "name": "Von-der-Trenck-Straße 9 WG",
        "info": "Barnhelmstraße bis Von-der-Trenck-Straße",
        "category": "Grünanlage"
      },
      "geometry": {
        "type": "Point",
        "coordinates": [
          13.200601227578742,
          52.42047075466135
        ]
      }
    },
    {
      "type": "Feature",
      "properties": {
        "name": "Kilstetter Straße WG",
        "info": "Hampsteadstraße bis Sundgauer Straße",
        "category": "Grünanlage"
      },
      "geometry": {
        "type": "Point",
        "coordinates": [
          13.271862378770475,
          52.435264238140796
        ]
      }
    },
    {
      "type": "Feature",
      "properties": {
        "name": "Dorfaue Zehlendorf WG",
        "info": "Teltower Damm / Kirchstraße",
        "category": "Grünanlage"
      },
      "geometry": {
        "type": "Point",
        "coordinates": [
          13.259390329961729,
          52.433661197622534
        ]
      }
    },
    {
      "type": "Feature",
      "properties": {
        "name": "Paul-Mebes-Park WG",
        "info": "",
        "category": "Grünanlage"
      },
      "geometry": {
        "type": "Point",
        "coordinates": [
          13.24618302470532,
          52.43289559056498
        ]
      }
    },
    {
      "type": "Feature",
      "properties": {
        "name": "Sandmeyerplatz WG",
        "info": "",
        "category": "Grünanlage"
      },
      "geometry": {
        "type": "Point",
        "coordinates": [
          13.257813312925775,
          52.421634173638054
        ]
      }
    },
    {
      "type": "Feature",
      "properties": {
        "name": "Grünzug Düppel-Süd WG",
        "info": "Berlepschstraße bis Neuruppiner Straße",
        "category": "Grünanlage"
      },
      "geometry": {
        "type": "Point",
        "coordinates": [
          13.233039693926974,
          52.422191159253934
        ]
      }
    },
    {
      "type": "Feature",
      "properties": {
        "name": "Sven-Hedin-Platz WG",
        "info": "",
        "category": "Grünanlage"
      },
      "geometry": {
        "type": "Point",
        "coordinates": [
          13.24502399887288,
          52.44102164874242
        ]
      }
    },
    {
      "type": "Feature",
      "properties": {
        "name": "Paul-Ernst-Park (Östlicher Teil) N",
        "info": "einschließlich Wolfsschlucht",
        "category": "Grünanlage"
      },
      "geometry": {
        "type": "Point",
        "coordinates": [
          13.218987689441112,
          52.44263959298943
        ]
      }
    },
    {
      "type": "Feature",
      "properties": {
        "name": "Gemeindewäldchen WG-1/2",
        "info": "Onkel-Tom-Straße bis Forststraße",
        "category": "Grünanlage"
      },
      "geometry": {
        "type": "Point",
        "coordinates": [
          13.252185034463613,
          52.436127220144236
        ]
      }
    },
    {
      "type": "Feature",
      "properties": {
        "name": "Marga-Meusel-Platz WG",
        "info": "Karl-Hofer-Straße 34",
        "category": "Grünanlage"
      },
      "geometry": {
        "type": "Point",
        "coordinates": [
          13.238156647481485,
          52.43758897466097
        ]
      }
    },
    {
      "type": "Feature",
      "properties": {
        "name": "Molsheimer Platz WG",
        "info": "Schützallee",
        "category": "Grünanlage"
      },
      "geometry": {
        "type": "Point",
        "coordinates": [
          13.275021673872882,
          52.442657674592354
        ]
      }
    },
    {
      "type": "Feature",
      "properties": {
        "name": "Krumme Lanke N-2/2",
        "info": "südlich Quermatenweg",
        "category": "Grünanlage"
      },
      "geometry": {
        "type": "Point",
        "coordinates": [
          13.244267613181805,
          52.4504722762796
        ]
      }
    },
    {
      "type": "Feature",
      "properties": {
        "name": "Klopstockstraße WG",
        "info": "Platz",
        "category": "Grünanlage"
      },
      "geometry": {
        "type": "Point",
        "coordinates": [
          13.227325433448122,
          52.44136844774011
        ]
      }
    },
    {
      "type": "Feature",
      "properties": {
        "name": "Corrensplatz WG",
        "info": "",
        "category": "Grünanlage"
      },
      "geometry": {
        "type": "Point",
        "coordinates": [
          13.285091718424395,
          52.44644738899271
        ]
      }
    },
    {
      "type": "Feature",
      "properties": {
        "name": "Thielpark und Triestpark Teil 2/2",
        "info": "Brümmerstraße bis Kaiserswerther Straße",
        "category": "Grünanlage"
      },
      "geometry": {
        "type": "Point",
        "coordinates": [
          13.284290460243986,
          52.44915810044822
        ]
      }
    },
    {
      "type": "Feature",
      "properties": {
        "name": "Pappritz- / Wichurastraße WG-2/2",
        "info": "Preysingstraße bis Malteserstraße",
        "category": "Grünanlage"
      },
      "geometry": {
        "type": "Point",
        "coordinates": [
          13.359932987775519,
          52.42361563985427
        ]
      }
    },
    {
      "type": "Feature",
      "properties": {
        "name": "Pfaueninsel",
        "info": "",
        "category": "Grünanlage"
      },
      "geometry": {
        "type": "Point",
        "coordinates": [
          13.128456960865718,
          52.43459616212983
        ]
      }
    },
    {
      "type": "Feature",
      "properties": {
        "name": "Botanischer Garten",
        "info": "Unter den Eichen 5 - 10",
        "category": "Grünanlage"
      },
      "geometry": {
        "type": "Point",
        "coordinates": [
          13.30562174738125,
          52.45429055649785
        ]
      }
    },
    {
      "type": "Feature",
      "properties": {
        "name": "Grünzug am Buschgraben WG-3/3",
        "info": "Hegauer Weg",
        "category": "Grünanlage"
      },
      "geometry": {
        "type": "Point",
        "coordinates": [
          13.246899928931242,
          52.42757283545001
        ]
      }
    },
    {
      "type": "Feature",
      "properties": {
        "name": "Landschaftspark Glienicke",
        "info": "Pleasureground",
        "category": "Grünanlage"
      },
      "geometry": {
        "type": "Point",
        "coordinates": [
          13.094473014830259,
          52.41475076003294
        ]
      }
    },
    {
      "type": "Feature",
      "properties": {
        "name": "Grabertstraße WG",
        "info": "Steglitzer Damm/Grabertstraße",
        "category": "Grünanlage"
      },
      "geometry": {
        "type": "Point",
        "coordinates": [
          13.353463629140549,
          52.44939226715788
        ]
      }
    },
    {
      "type": "Feature",
      "properties": {
        "name": "Krumme Lanke N-1/2",
        "info": "nördlich Quermatenweg",
        "category": "Grünanlage"
      },
      "geometry": {
        "type": "Point",
        "coordinates": [
          13.238653060807598,
          52.45213595027597
        ]
      }
    },
    {
      "type": "Feature",
      "properties": {
        "name": "Schünemannweg N",
        "info": "Schünemannweg 6A u.16A; Tuttlinger Weg",
        "category": "Grünanlage"
      },
      "geometry": {
        "type": "Point",
        "coordinates": [
          13.352263058725951,
          52.44501797822594
        ]
      }
    },
    {
      "type": "Feature",
      "properties": {
        "name": "Stammbahn N",
        "info": "Benschallee bis Schrockstraße",
        "category": "Grünanlage"
      },
      "geometry": {
        "type": "Point",
        "coordinates": [
          13.232117276857949,
          52.42306254351706
        ]
      }
    },
    {
      "type": "Feature",
      "properties": {
        "name": "Limonenteich N",
        "info": "Altensteinstraße / Limonenstraße",
        "category": "Grünanlage"
      },
      "geometry": {
        "type": "Point",
        "coordinates": [
          13.299069107449233,
          52.45325261007798
        ]
      }
    },
    {
      "type": "Feature",
      "properties": {
        "name": "Waldsee N",
        "info": "",
        "category": "Grünanlage"
      },
      "geometry": {
        "type": "Point",
        "coordinates": [
          13.237408529723567,
          52.443709942237994
        ]
      }
    },
    {
      "type": "Feature",
      "properties": {
        "name": "Brettnacher Straße WG",
        "info": "an der S-Bahn",
        "category": "Grünanlage"
      },
      "geometry": {
        "type": "Point",
        "coordinates": [
          13.276109559858238,
          52.43666111410442
        ]
      }
    },
    {
      "type": "Feature",
      "properties": {
        "name": "Döhlauer Pfad WG - Teil 2/2",
        "info": "Alt-Lankwitz bis Kamenzer Damm",
        "category": "Grünanlage"
      },
      "geometry": {
        "type": "Point",
        "coordinates": [
          13.36275834950817,
          52.43554556906053
        ]
      }
    },
    {
      "type": "Feature",
      "properties": {
        "name": "Edwin-Redslob-Straße WG",
        "info": "",
        "category": "Grünanlage"
      },
      "geometry": {
        "type": "Point",
        "coordinates": [
          13.295710627625477,
          52.45994499974443
        ]
      }
    },
    {
      "type": "Feature",
      "properties": {
        "name": "Tambacher Straße WG",
        "info": "",
        "category": "Grünanlage"
      },
      "geometry": {
        "type": "Point",
        "coordinates": [
          13.354895079207472,
          52.41855270172056
        ]
      }
    },
    {
      "type": "Feature",
      "properties": {
        "name": "Achenseeweg WG",
        "info": "Silzerweg / Achenseeweg",
        "category": "Grünanlage"
      },
      "geometry": {
        "type": "Point",
        "coordinates": [
          13.334543185469508,
          52.41018308832002
        ]
      }
    },
    {
      "type": "Feature",
      "properties": {
        "name": "Wolfensteindamm WG-1/2",
        "info": "nördlich des Bahngeländes",
        "category": "Grünanlage"
      },
      "geometry": {
        "type": "Point",
        "coordinates": [
          13.320003959312148,
          52.45405433799322
        ]
      }
    },
    {
      "type": "Feature",
      "properties": {
        "name": "Marchandstraße WG",
        "info": "Verbindung zur Kolonie Königsgraben",
        "category": "Grünanlage"
      },
      "geometry": {
        "type": "Point",
        "coordinates": [
          13.35535931758509,
          52.42300430213504
        ]
      }
    },
    {
      "type": "Feature",
      "properties": {
        "name": "Wedellstraße WG",
        "info": "Verbindung Halbauer Weg und Malteserstr.",
        "category": "Grünanlage"
      },
      "geometry": {
        "type": "Point",
        "coordinates": [
          13.3615901154997,
          52.43278457520098
        ]
      }
    },
    {
      "type": "Feature",
      "properties": {
        "name": "Mühlenstraße (Stegl.) 32 WG",
        "info": "Malteser Straße / Mühlenstraße",
        "category": "Grünanlage"
      },
      "geometry": {
        "type": "Point",
        "coordinates": [
          13.352965353192296,
          52.435761679977105
        ]
      }
    },
    {
      "type": "Feature",
      "properties": {
        "name": "Lankegraben WG",
        "info": "Wedellstraße bis Alt Lankwitz",
        "category": "Grünanlage"
      },
      "geometry": {
        "type": "Point",
        "coordinates": [
          13.357126805287146,
          52.43558960223406
        ]
      }
    },
    {
      "type": "Feature",
      "properties": {
        "name": "Gemeindepark Lankwitz - Teil 2/2",
        "info": "",
        "category": "Grünanlage"
      },
      "geometry": {
        "type": "Point",
        "coordinates": [
          13.352545495428739,
          52.429835372987036
        ]
      }
    },
    {
      "type": "Feature",
      "properties": {
        "name": "Apoldaer Straße WG",
        "info": "Hildburghauser Str. bis Trippsteinstr.",
        "category": "Grünanlage"
      },
      "geometry": {
        "type": "Point",
        "coordinates": [
          13.34321265730384,
          52.417504100259976
        ]
      }
    },
    {
      "type": "Feature",
      "properties": {
        "name": "Schilfluch- / Moorgraben WG",
        "info": "Weg von Wismarer Str. bis Ostpreußendamm",
        "category": "Grünanlage"
      },
      "geometry": {
        "type": "Point",
        "coordinates": [
          13.298202915882733,
          52.416413455587744
        ]
      }
    },
    {
      "type": "Feature",
      "properties": {
        "name": "Dillgesstraße 11 WG",
        "info": "",
        "category": "Grünanlage"
      },
      "geometry": {
        "type": "Point",
        "coordinates": [
          13.341511314325233,
          52.434616496603624
        ]
      }
    },
    {
      "type": "Feature",
      "properties": {
        "name": "Dreifaltigkeitskirche WG",
        "info": "Paul-Schneider-Straße",
        "category": "Grünanlage"
      },
      "geometry": {
        "type": "Point",
        "coordinates": [
          13.346746947887114,
          52.43556729944298
        ]
      }
    },
    {
      "type": "Feature",
      "properties": {
        "name": "Dorfaue Alt-Lankwitz WG",
        "info": "",
        "category": "Grünanlage"
      },
      "geometry": {
        "type": "Point",
        "coordinates": [
          13.354969343220432,
          52.43855802375111
        ]
      }
    },
    {
      "type": "Feature",
      "properties": {
        "name": "Döhlauer Pfad WG - Teil 1/2",
        "info": "Wunsiedeler Weg bis Alt-Lankwitz",
        "category": "Grünanlage"
      },
      "geometry": {
        "type": "Point",
        "coordinates": [
          13.36293309595203,
          52.437884036945796
        ]
      }
    },
    {
      "type": "Feature",
      "properties": {
        "name": "Bernkastler Platz WG",
        "info": "",
        "category": "Grünanlage"
      },
      "geometry": {
        "type": "Point",
        "coordinates": [
          13.345483715307598,
          52.44038411664028
        ]
      }
    },
    {
      "type": "Feature",
      "properties": {
        "name": "Rathaus Lankwitz WG",
        "info": "Leonorenstraße",
        "category": "Grünanlage"
      },
      "geometry": {
        "type": "Point",
        "coordinates": [
          13.342759554645525,
          52.43805329181114
        ]
      }
    },
    {
      "type": "Feature",
      "properties": {
        "name": "Teltowkanalpromenade - Teil 1/3",
        "info": "Bäkepark bis Königsberger Straße",
        "category": "Grünanlage"
      },
      "geometry": {
        "type": "Point",
        "coordinates": [
          13.321604562757482,
          52.440023430504745
        ]
      }
    },
    {
      "type": "Feature",
      "properties": {
        "name": "Teltowkanalpromenade - Teil 2/3",
        "info": "Königsberger Straße bis Prettauer Pfad",
        "category": "Grünanlage"
      },
      "geometry": {
        "type": "Point",
        "coordinates": [
          13.306474034964923,
          52.42571312414976
        ]
      }
    },
    {
      "type": "Feature",
      "properties": {
        "name": "Ahlener Weg WG",
        "info": "Lippstädter Straße bis Ahlener Weg",
        "category": "Grünanlage"
      },
      "geometry": {
        "type": "Point",
        "coordinates": [
          13.303934018523902,
          52.41126557612656
        ]
      }
    },
    {
      "type": "Feature",
      "properties": {
        "name": "Dorfaue Lichterfelde West WG",
        "info": "Hindenburgdamm",
        "category": "Grünanlage"
      },
      "geometry": {
        "type": "Point",
        "coordinates": [
          13.314440747053448,
          52.4366720277278
        ]
      }
    },
    {
      "type": "Feature",
      "properties": {
        "name": "Schloßpark Lichterfelde N",
        "info": "Naturschutzgebiet",
        "category": "Grünanlage"
      },
      "geometry": {
        "type": "Point",
        "coordinates": [
          13.319092412648558,
          52.438409255478035
        ]
      }
    },
    {
      "type": "Feature",
      "properties": {
        "name": "Schwatlograben WG",
        "info": "Ostpreußendamm bis Barnackufer",
        "category": "Grünanlage"
      },
      "geometry": {
        "type": "Point",
        "coordinates": [
          13.310696072947563,
          52.42376901072557
        ]
      }
    },
    {
      "type": "Feature",
      "properties": {
        "name": "Schloßpark Lichterfelde",
        "info": "",
        "category": "Grünanlage"
      },
      "geometry": {
        "type": "Point",
        "coordinates": [
          13.317774038744046,
          52.43941932269215
        ]
      }
    },
    {
      "type": "Feature",
      "properties": {
        "name": "Augustaplatz WG",
        "info": "",
        "category": "Grünanlage"
      },
      "geometry": {
        "type": "Point",
        "coordinates": [
          13.307455346144657,
          52.442828886076036
        ]
      }
    },
    {
      "type": "Feature",
      "properties": {
        "name": "Maulbronner Ufer WG",
        "info": "Attilastraße 86",
        "category": "Grünanlage"
      },
      "geometry": {
        "type": "Point",
        "coordinates": [
          13.355527906210275,
          52.44302746172914
        ]
      }
    },
    {
      "type": "Feature",
      "properties": {
        "name": "Georg-Von-Siemens-Park WG",
        "info": "",
        "category": "Grünanlage"
      },
      "geometry": {
        "type": "Point",
        "coordinates": [
          13.358221258894375,
          52.448957250322515
        ]
      }
    },
    {
      "type": "Feature",
      "properties": {
        "name": "Marienplatz WG",
        "info": "",
        "category": "Grünanlage"
      },
      "geometry": {
        "type": "Point",
        "coordinates": [
          13.324195683554217,
          52.432599418865344
        ]
      }
    },
    {
      "type": "Feature",
      "properties": {
        "name": "Eduard-Spranger-Promenade - Teil 2/2",
        "info": "Teltowkanalpark",
        "category": "Grünanlage"
      },
      "geometry": {
        "type": "Point",
        "coordinates": [
          13.319019649522867,
          52.435418387837004
        ]
      }
    },
    {
      "type": "Feature",
      "properties": {
        "name": "Rathaus Lichterfelde Ost WG",
        "info": "Ostpreußendamm / Schillerstraße",
        "category": "Grünanlage"
      },
      "geometry": {
        "type": "Point",
        "coordinates": [
          13.316663709848122,
          52.42900984269082
        ]
      }
    },
    {
      "type": "Feature",
      "properties": {
        "name": "Bäkepark",
        "info": "",
        "category": "Grünanlage"
      },
      "geometry": {
        "type": "Point",
        "coordinates": [
          13.322396388338962,
          52.44669894233445
        ]
      }
    },
    {
      "type": "Feature",
      "properties": {
        "name": "Oberhofer Platz WG",
        "info": "",
        "category": "Grünanlage"
      },
      "geometry": {
        "type": "Point",
        "coordinates": [
          13.328396383356438,
          52.424987673351346
        ]
      }
    },
    {
      "type": "Feature",
      "properties": {
        "name": "Wolfensteindamm WG-2/2",
        "info": "Wolfensteindamm 10; südl. des Bahngeländ",
        "category": "Grünanlage"
      },
      "geometry": {
        "type": "Point",
        "coordinates": [
          13.318722277835413,
          52.45230620875615
        ]
      }
    },
    {
      "type": "Feature",
      "properties": {
        "name": "Johann-Baptist-Gradl-Grünanlage WG",
        "info": "Blanckertzweg bis Stadtgrenze",
        "category": "Grünanlage"
      },
      "geometry": {
        "type": "Point",
        "coordinates": [
          13.327556329292461,
          52.4086696530678
        ]
      }
    },
    {
      "type": "Feature",
      "properties": {
        "name": "Asternplatz WG",
        "info": "",
        "category": "Grünanlage"
      },
      "geometry": {
        "type": "Point",
        "coordinates": [
          13.304363714042285,
          52.448984436444206
        ]
      }
    },
    {
      "type": "Feature",
      "properties": {
        "name": "Saaleckplatz WG",
        "info": "",
        "category": "Grünanlage"
      },
      "geometry": {
        "type": "Point",
        "coordinates": [
          13.324083357275985,
          52.416476070114584
        ]
      }
    },
    {
      "type": "Feature",
      "properties": {
        "name": "Lilienthal-Gedenkstätte WG - Teil 2/3",
        "info": "Schütte-Lanz-Str. bis Hildburghauser Str",
        "category": "Grünanlage"
      },
      "geometry": {
        "type": "Point",
        "coordinates": [
          13.33027174862612,
          52.41298202289943
        ]
      }
    },
    {
      "type": "Feature",
      "properties": {
        "name": "Teltowkanalpromenade - Teil 3/3 WG",
        "info": "Prettauer Pfad bis Teltower Damm",
        "category": "Grünanlage"
      },
      "geometry": {
        "type": "Point",
        "coordinates": [
          13.280114076012723,
          52.40812941510814
        ]
      }
    },
    {
      "type": "Feature",
      "properties": {
        "name": "Bismarckstraße 50 WG",
        "info": "Hünesteig / Bismarkstraße",
        "category": "Grünanlage"
      },
      "geometry": {
        "type": "Point",
        "coordinates": [
          13.339355595327108,
          52.454058329094124
        ]
      }
    },
    {
      "type": "Feature",
      "properties": {
        "name": "Osdorfer Straße N",
        "info": "Wasserrückhaltebecken",
        "category": "Grünanlage"
      },
      "geometry": {
        "type": "Point",
        "coordinates": [
          13.317984515943728,
          52.413284134749425
        ]
      }
    },
    {
      "type": "Feature",
      "properties": {
        "name": "Waltershauser Straße WG",
        "info": "incl. Weg an der Kolonie Lankwitz Zieten",
        "category": "Grünanlage"
      },
      "geometry": {
        "type": "Point",
        "coordinates": [
          13.344901873785462,
          52.42245136522542
        ]
      }
    },
    {
      "type": "Feature",
      "properties": {
        "name": "Onkel-Emil-Park WG",
        "info": "Guthsmuthsstraße / Hackerstraße",
        "category": "Grünanlage"
      },
      "geometry": {
        "type": "Point",
        "coordinates": [
          13.324790924702272,
          52.465316421567096
        ]
      }
    },
    {
      "type": "Feature",
      "properties": {
        "name": "Dessauerstraße WG",
        "info": "Weg zur Kolonie Alt Lankwitz",
        "category": "Grünanlage"
      },
      "geometry": {
        "type": "Point",
        "coordinates": [
          13.340751305052647,
          52.42541689169159
        ]
      }
    },
    {
      "type": "Feature",
      "properties": {
        "name": "Schilfluch- / Moorgraben N",
        "info": "Landschaftsschutzgebiet Lichterfelde",
        "category": "Grünanlage"
      },
      "geometry": {
        "type": "Point",
        "coordinates": [
          13.301677583467136,
          52.41720166990345
        ]
      }
    },
    {
      "type": "Feature",
      "properties": {
        "name": "Wichurastraße 82 WG",
        "info": "Felgentreustraße / Wichurastraße",
        "category": "Grünanlage"
      },
      "geometry": {
        "type": "Point",
        "coordinates": [
          13.36317415676434,
          52.42876349232227
        ]
      }
    },
    {
      "type": "Feature",
      "properties": {
        "name": "Jochemplatz WG",
        "info": "",
        "category": "Grünanlage"
      },
      "geometry": {
        "type": "Point",
        "coordinates": [
          13.328442845672411,
          52.46142344227323
        ]
      }
    },
    {
      "type": "Feature",
      "properties": {
        "name": "Am Bäkequell WG",
        "info": "",
        "category": "Grünanlage"
      },
      "geometry": {
        "type": "Point",
        "coordinates": [
          13.316212200688973,
          52.45337877018512
        ]
      }
    },
    {
      "type": "Feature",
      "properties": {
        "name": "Pappritz- / Wichurastraße WG-1/2",
        "info": "Keffenbrinkweg bis Preysingstraße",
        "category": "Grünanlage"
      },
      "geometry": {
        "type": "Point",
        "coordinates": [
          13.360795891285452,
          52.426904470060336
        ]
      }
    },
    {
      "type": "Feature",
      "properties": {
        "name": "Rathauspark",
        "info": "",
        "category": "Grünanlage"
      },
      "geometry": {
        "type": "Point",
        "coordinates": [
          13.323490139124901,
          52.59052129845562
        ]
      }
    },
    {
      "type": "Feature",
      "properties": {
        "name": "Peter-Witte-Park",
        "info": "Oranienburger Str.-Eichborndamm",
        "category": "Grünanlage"
      },
      "geometry": {
        "type": "Point",
        "coordinates": [
          13.328174897663606,
          52.58817131033272
        ]
      }
    },
    {
      "type": "Feature",
      "properties": {
        "name": "Spießweg zur Dorfaue, Durchg. Altenheim",
        "info": "",
        "category": "Grünanlage"
      },
      "geometry": {
        "type": "Point",
        "coordinates": [
          13.324521057828983,
          52.59368072506124
        ]
      }
    },
    {
      "type": "Feature",
      "properties": {
        "name": "Volkspark Wittenau",
        "info": "HGP Pilotfläche",
        "category": "Grünanlage"
      },
      "geometry": {
        "type": "Point",
        "coordinates": [
          13.329377594152838,
          52.595266820979276
        ]
      }
    },
    {
      "type": "Feature",
      "properties": {
        "name": "Roedernallee/Alt-Wittenau",
        "info": "",
        "category": "Grünanlage"
      },
      "geometry": {
        "type": "Point",
        "coordinates": [
          13.337156014583021,
          52.58996559761496
        ]
      }
    },
    {
      "type": "Feature",
      "properties": {
        "name": "Oranienburger Str. bis Fräsersteig (Grünzug)",
        "info": "Wanderweg am Nordgraben",
        "category": "Grünanlage"
      },
      "geometry": {
        "type": "Point",
        "coordinates": [
          13.337309576635649,
          52.588119506270885
        ]
      }
    },
    {
      "type": "Feature",
      "properties": {
        "name": "Hermsdorfer Str. 9-10",
        "info": "",
        "category": "Grünanlage"
      },
      "geometry": {
        "type": "Point",
        "coordinates": [
          13.324225932413139,
          52.59623200794515
        ]
      }
    },
    {
      "type": "Feature",
      "properties": {
        "name": "Alt-Wittenau, Dorfaue",
        "info": "",
        "category": "Grünanlage"
      },
      "geometry": {
        "type": "Point",
        "coordinates": [
          13.324247482018643,
          52.592601443994035
        ]
      }
    },
    {
      "type": "Feature",
      "properties": {
        "name": "Mümmelmannweg - Im Rehgrund, Wald",
        "info": "",
        "category": "Grünanlage"
      },
      "geometry": {
        "type": "Point",
        "coordinates": [
          13.242280580977402,
          52.61197751197077
        ]
      }
    },
    {
      "type": "Feature",
      "properties": {
        "name": "Treuenbrietzener Str./Packereigraben, Grünanlage",
        "info": "",
        "category": "Grünanlage"
      },
      "geometry": {
        "type": "Point",
        "coordinates": [
          13.36205553089367,
          52.59989604480895
        ]
      }
    },
    {
      "type": "Feature",
      "properties": {
        "name": "Schorfheidestr. - Dannenwalder Weg",
        "info": "",
        "category": "Grünanlage"
      },
      "geometry": {
        "type": "Point",
        "coordinates": [
          13.346287948692485,
          52.59002678499342
        ]
      }
    },
    {
      "type": "Feature",
      "properties": {
        "name": "Am Packereigraben",
        "info": "Wittenauer Str./Welzower Steig",
        "category": "Grünanlage"
      },
      "geometry": {
        "type": "Point",
        "coordinates": [
          13.342846780790179,
          52.60639008662044
        ]
      }
    },
    {
      "type": "Feature",
      "properties": {
        "name": "Mittelfeldbecken",
        "info": "",
        "category": "Grünanlage"
      },
      "geometry": {
        "type": "Point",
        "coordinates": [
          13.356352570438107,
          52.603208659908034
        ]
      }
    },
    {
      "type": "Feature",
      "properties": {
        "name": "Seggeluchbecken",
        "info": "Grünzug Seggeluchbecken-Senftenberger Ri",
        "category": "Grünanlage"
      },
      "geometry": {
        "type": "Point",
        "coordinates": [
          13.349915099761585,
          52.60202058785887
        ]
      }
    },
    {
      "type": "Feature",
      "properties": {
        "name": "Senftenberger Ring/Packereigraben (Dorfplatz)",
        "info": "",
        "category": "Grünanlage"
      },
      "geometry": {
        "type": "Point",
        "coordinates": [
          13.354663137507655,
          52.59994010676557
        ]
      }
    },
    {
      "type": "Feature",
      "properties": {
        "name": "Waidmannsluster Damm 52-54 (Durchgang)",
        "info": "Am Schwedenhaus",
        "category": "Grünanlage"
      },
      "geometry": {
        "type": "Point",
        "coordinates": [
          13.298739951504894,
          52.597708012860586
        ]
      }
    },
    {
      "type": "Feature",
      "properties": {
        "name": "Steinbergpark",
        "info": "",
        "category": "Grünanlage"
      },
      "geometry": {
        "type": "Point",
        "coordinates": [
          13.309428471895192,
          52.59885218710643
        ]
      }
    },
    {
      "type": "Feature",
      "properties": {
        "name": "Dianaplatz, Grünanlage",
        "info": "",
        "category": "Grünanlage"
      },
      "geometry": {
        "type": "Point",
        "coordinates": [
          13.31287870330923,
          52.606124451189466
        ]
      }
    },
    {
      "type": "Feature",
      "properties": {
        "name": "Eichborndamm-Gorkistr.",
        "info": "Wanderweg am Nordgraben",
        "category": "Grünanlage"
      },
      "geometry": {
        "type": "Point",
        "coordinates": [
          13.31283580797486,
          52.589894833793636
        ]
      }
    },
    {
      "type": "Feature",
      "properties": {
        "name": "Cyclopstr., Grünanlage",
        "info": "Hermsdorfer Str.-Göschenstr.",
        "category": "Grünanlage"
      },
      "geometry": {
        "type": "Point",
        "coordinates": [
          13.327117632931209,
          52.600385696196135
        ]
      }
    },
    {
      "type": "Feature",
      "properties": {
        "name": "Triftpark",
        "info": "",
        "category": "Grünanlage"
      },
      "geometry": {
        "type": "Point",
        "coordinates": [
          13.31765966197029,
          52.592922348824224
        ]
      }
    },
    {
      "type": "Feature",
      "properties": {
        "name": "Tramper Weg, Grünanlage am Wanderweg (neben Nordgraben)",
        "info": "",
        "category": "Grünanlage"
      },
      "geometry": {
        "type": "Point",
        "coordinates": [
          13.354842132217488,
          52.5911808853933
        ]
      }
    },
    {
      "type": "Feature",
      "properties": {
        "name": "Herrenholzbecken, von B 96 - Wittenauer Str. 123",
        "info": "Wanderwege u. Grünanlage",
        "category": "Grünanlage"
      },
      "geometry": {
        "type": "Point",
        "coordinates": [
          13.329834232792342,
          52.604450731408825
        ]
      }
    },
    {
      "type": "Feature",
      "properties": {
        "name": "Finsterwalderstr. 62-28 ggü - Grünzug",
        "info": "",
        "category": "Grünanlage"
      },
      "geometry": {
        "type": "Point",
        "coordinates": [
          13.343753312174295,
          52.60118984106829
        ]
      }
    },
    {
      "type": "Feature",
      "properties": {
        "name": "Rosentreterpromenade, Wanderweg bis Hermsdorfer Str.",
        "info": "",
        "category": "Grünanlage"
      },
      "geometry": {
        "type": "Point",
        "coordinates": [
          13.316843276115838,
          52.596833694553254
        ]
      }
    },
    {
      "type": "Feature",
      "properties": {
        "name": "Jean-Jaures-Str., Grünanlage",
        "info": "",
        "category": "Grünanlage"
      },
      "geometry": {
        "type": "Point",
        "coordinates": [
          13.320758256565542,
          52.60596604890628
        ]
      }
    },
    {
      "type": "Feature",
      "properties": {
        "name": "Waidmannsluster Damm/Dianastr.",
        "info": "ehem. Antony-Platz",
        "category": "Grünanlage"
      },
      "geometry": {
        "type": "Point",
        "coordinates": [
          13.310083702998314,
          52.60394184559335
        ]
      }
    },
    {
      "type": "Feature",
      "properties": {
        "name": "Uferwanderweg Oberhavel",
        "info": "",
        "category": "Grünanlage"
      },
      "geometry": {
        "type": "Point",
        "coordinates": [
          13.220059179973635,
          52.594839553852324
        ]
      }
    },
    {
      "type": "Feature",
      "properties": {
        "name": "Artuswall/Olwenstr., R.A.B.",
        "info": "Artuspfuhl",
        "category": "Grünanlage"
      },
      "geometry": {
        "type": "Point",
        "coordinates": [
          13.269705476765589,
          52.62895055009314
        ]
      }
    },
    {
      "type": "Feature",
      "properties": {
        "name": "Maximiliankorso/Sigismundkorso",
        "info": "",
        "category": "Grünanlage"
      },
      "geometry": {
        "type": "Point",
        "coordinates": [
          13.270850059635245,
          52.63156601943918
        ]
      }
    },
    {
      "type": "Feature",
      "properties": {
        "name": "Fürstendamm 57-58",
        "info": "Fürstenteich",
        "category": "Grünanlage"
      },
      "geometry": {
        "type": "Point",
        "coordinates": [
          13.298816466256643,
          52.63171401780025
        ]
      }
    },
    {
      "type": "Feature",
      "properties": {
        "name": "Donnersmarckplatz",
        "info": "",
        "category": "Grünanlage"
      },
      "geometry": {
        "type": "Point",
        "coordinates": [
          13.279668430985417,
          52.629812600228746
        ]
      }
    },
    {
      "type": "Feature",
      "properties": {
        "name": "Burgfrauenstr./Im Fischgrund",
        "info": "",
        "category": "Grünanlage"
      },
      "geometry": {
        "type": "Point",
        "coordinates": [
          13.294634883576787,
          52.62973240570613
        ]
      }
    },
    {
      "type": "Feature",
      "properties": {
        "name": "Konzer Platz",
        "info": "",
        "category": "Grünanlage"
      },
      "geometry": {
        "type": "Point",
        "coordinates": [
          13.298636279271735,
          52.63871727701096
        ]
      }
    },
    {
      "type": "Feature",
      "properties": {
        "name": "Karmeliter Weg/Donnersmarckallee, R.A.B.",
        "info": "",
        "category": "Grünanlage"
      },
      "geometry": {
        "type": "Point",
        "coordinates": [
          13.275261775364081,
          52.627421972517475
        ]
      }
    },
    {
      "type": "Feature",
      "properties": {
        "name": "Im Fischgrund, \"Rosenanger\"",
        "info": "Rosenanger",
        "category": "Grünanlage"
      },
      "geometry": {
        "type": "Point",
        "coordinates": [
          13.301722655925943,
          52.62916437342527
        ]
      }
    },
    {
      "type": "Feature",
      "properties": {
        "name": "Zeltinger Platz",
        "info": "",
        "category": "Grünanlage"
      },
      "geometry": {
        "type": "Point",
        "coordinates": [
          13.290890095371124,
          52.633697303579034
        ]
      }
    },
    {
      "type": "Feature",
      "properties": {
        "name": "Langohrzeile/Im Fischgrund",
        "info": "",
        "category": "Grünanlage"
      },
      "geometry": {
        "type": "Point",
        "coordinates": [
          13.30601982171543,
          52.63045151195043
        ]
      }
    },
    {
      "type": "Feature",
      "properties": {
        "name": "Joseph Brix u. Felix Genzmer Park",
        "info": "(ehem. Edelhofdamm)",
        "category": "Grünanlage"
      },
      "geometry": {
        "type": "Point",
        "coordinates": [
          13.304808086712574,
          52.636965031451915
        ]
      }
    },
    {
      "type": "Feature",
      "properties": {
        "name": "Fürstendamm/Dinkelsbühler Steig, R.A.B.",
        "info": "",
        "category": "Grünanlage"
      },
      "geometry": {
        "type": "Point",
        "coordinates": [
          13.294394803755443,
          52.63293969402778
        ]
      }
    },
    {
      "type": "Feature",
      "properties": {
        "name": "Edelhofdamm, R.A.B.",
        "info": "Edelteich",
        "category": "Grünanlage"
      },
      "geometry": {
        "type": "Point",
        "coordinates": [
          13.299197734106132,
          52.635232434392094
        ]
      }
    },
    {
      "type": "Feature",
      "properties": {
        "name": "Karmeliterweg 23/25 - Welfenallee, R.A.B.",
        "info": "Welfenteich",
        "category": "Grünanlage"
      },
      "geometry": {
        "type": "Point",
        "coordinates": [
          13.285996119601691,
          52.628502038103655
        ]
      }
    },
    {
      "type": "Feature",
      "properties": {
        "name": "Ludolfingerplatz",
        "info": "",
        "category": "Grünanlage"
      },
      "geometry": {
        "type": "Point",
        "coordinates": [
          13.288000356036983,
          52.632450392300385
        ]
      }
    },
    {
      "type": "Feature",
      "properties": {
        "name": "Greenwichpromenade üblich",
        "info": "",
        "category": "Grünanlage"
      },
      "geometry": {
        "type": "Point",
        "coordinates": [
          13.27404391045726,
          52.587555200560615
        ]
      }
    },
    {
      "type": "Feature",
      "properties": {
        "name": "Am Ziegeleisee/Lehmgrubenteich",
        "info": "",
        "category": "Grünanlage"
      },
      "geometry": {
        "type": "Point",
        "coordinates": [
          13.336078457165067,
          52.61681688153501
        ]
      }
    },
    {
      "type": "Feature",
      "properties": {
        "name": "Poloplatz",
        "info": "",
        "category": "Grünanlage"
      },
      "geometry": {
        "type": "Point",
        "coordinates": [
          13.288012844819312,
          52.644070254887446
        ]
      }
    },
    {
      "type": "Feature",
      "properties": {
        "name": "Rosengarten",
        "info": "",
        "category": "Grünanlage"
      },
      "geometry": {
        "type": "Point",
        "coordinates": [
          13.318429734534357,
          52.56966082188838
        ]
      }
    },
    {
      "type": "Feature",
      "properties": {
        "name": "Nibelungenstr./Im Amseltal, R.A.B.",
        "info": "Amselteich",
        "category": "Grünanlage"
      },
      "geometry": {
        "type": "Point",
        "coordinates": [
          13.282468051590934,
          52.63544636168718
        ]
      }
    },
    {
      "type": "Feature",
      "properties": {
        "name": "Neubrücker Str. 7, R.A.B.",
        "info": "Neubrückerteich",
        "category": "Grünanlage"
      },
      "geometry": {
        "type": "Point",
        "coordinates": [
          13.28169730727889,
          52.64062972722646
        ]
      }
    },
    {
      "type": "Feature",
      "properties": {
        "name": "Ludwig-Lesser-Park",
        "info": "",
        "category": "Grünanlage"
      },
      "geometry": {
        "type": "Point",
        "coordinates": [
          13.289348351306948,
          52.639911156231
        ]
      }
    },
    {
      "type": "Feature",
      "properties": {
        "name": "Kreuzritterstr./Kasinoweg",
        "info": "",
        "category": "Grünanlage"
      },
      "geometry": {
        "type": "Point",
        "coordinates": [
          13.293090020498093,
          52.62913944693991
        ]
      }
    },
    {
      "type": "Feature",
      "properties": {
        "name": "Laurinsteig zw. Nr. 28 u. 30, R.A.B",
        "info": "Laurinteich",
        "category": "Grünanlage"
      },
      "geometry": {
        "type": "Point",
        "coordinates": [
          13.272755732614561,
          52.635012038125524
        ]
      }
    },
    {
      "type": "Feature",
      "properties": {
        "name": "Enkircher Str./Rüdesheimer Str.",
        "info": "",
        "category": "Grünanlage"
      },
      "geometry": {
        "type": "Point",
        "coordinates": [
          13.303268765476783,
          52.63402396261647
        ]
      }
    },
    {
      "type": "Feature",
      "properties": {
        "name": "Mehringer Str./Zeltinger Str., R.A.B.",
        "info": "Mehringteich",
        "category": "Grünanlage"
      },
      "geometry": {
        "type": "Point",
        "coordinates": [
          13.29855608663092,
          52.64012677415917
        ]
      }
    },
    {
      "type": "Feature",
      "properties": {
        "name": "Neubrücker Str. zw. Nr. 53 u. 57, R.A.B.",
        "info": "Neubrandteich",
        "category": "Grünanlage"
      },
      "geometry": {
        "type": "Point",
        "coordinates": [
          13.274026400755014,
          52.63898136994717
        ]
      }
    },
    {
      "type": "Feature",
      "properties": {
        "name": "Wiltinger Str., Denkmal",
        "info": "",
        "category": "Grünanlage"
      },
      "geometry": {
        "type": "Point",
        "coordinates": [
          13.28998882108628,
          52.63766839220418
        ]
      }
    },
    {
      "type": "Feature",
      "properties": {
        "name": "Zerndorfer Höhe",
        "info": "",
        "category": "Grünanlage"
      },
      "geometry": {
        "type": "Point",
        "coordinates": [
          13.308101774881008,
          52.63297582844592
        ]
      }
    },
    {
      "type": "Feature",
      "properties": {
        "name": "Neubrücker Str./Am Eichenhain, R.A.B.",
        "info": "Eichenpfuhl",
        "category": "Grünanlage"
      },
      "geometry": {
        "type": "Point",
        "coordinates": [
          13.265152373908624,
          52.636816477749306
        ]
      }
    },
    {
      "type": "Feature",
      "properties": {
        "name": "Remstaler Str./Gutshofstr.",
        "info": "",
        "category": "Grünanlage"
      },
      "geometry": {
        "type": "Point",
        "coordinates": [
          13.30187813970089,
          52.64063003751863
        ]
      }
    },
    {
      "type": "Feature",
      "properties": {
        "name": "Ruppiner Chaussee, Grünanlage",
        "info": "",
        "category": "Grünanlage"
      },
      "geometry": {
        "type": "Point",
        "coordinates": [
          13.237567850499193,
          52.62047345207919
        ]
      }
    },
    {
      "type": "Feature",
      "properties": {
        "name": "Berenhorstbecken",
        "info": "",
        "category": "Grünanlage"
      },
      "geometry": {
        "type": "Point",
        "coordinates": [
          13.32360393124213,
          52.56564991492674
        ]
      }
    },
    {
      "type": "Feature",
      "properties": {
        "name": "Auguste-Viktoria-Allee 17 - Grünanlage",
        "info": "Segenskirche",
        "category": "Grünanlage"
      },
      "geometry": {
        "type": "Point",
        "coordinates": [
          13.323776673017568,
          52.5706022527315
        ]
      }
    },
    {
      "type": "Feature",
      "properties": {
        "name": "Freizeitpark Lübars",
        "info": "",
        "category": "Grünanlage"
      },
      "geometry": {
        "type": "Point",
        "coordinates": [
          13.370402190034946,
          52.61054082470432
        ]
      }
    },
    {
      "type": "Feature",
      "properties": {
        "name": "Fasanenpromenade",
        "info": "",
        "category": "Grünanlage"
      },
      "geometry": {
        "type": "Point",
        "coordinates": [
          13.30962943692251,
          52.571207522904295
        ]
      }
    },
    {
      "type": "Feature",
      "properties": {
        "name": "Wilhelmsruher Damm - Quickborner Str., hinter Kol. Fechner",
        "info": "Wanderweg zur Quickborner Str.",
        "category": "Grünanlage"
      },
      "geometry": {
        "type": "Point",
        "coordinates": [
          13.369702614683835,
          52.59878076893873
        ]
      }
    },
    {
      "type": "Feature",
      "properties": {
        "name": "Deilingeweg",
        "info": "ehem. Erholungsanlage",
        "category": "Grünanlage"
      },
      "geometry": {
        "type": "Point",
        "coordinates": [
          13.344695695175375,
          52.61754503500505
        ]
      }
    },
    {
      "type": "Feature",
      "properties": {
        "name": "Avenue Charles de Gaulle 32-33",
        "info": "hinter Nimrodstr. u. am Packereigraben",
        "category": "Grünanlage"
      },
      "geometry": {
        "type": "Point",
        "coordinates": [
          13.313063617907101,
          52.60116515647467
        ]
      }
    },
    {
      "type": "Feature",
      "properties": {
        "name": "Borsigdamm, am Tegeler See",
        "info": "",
        "category": "Grünanlage"
      },
      "geometry": {
        "type": "Point",
        "coordinates": [
          13.27440483144707,
          52.5798059787185
        ]
      }
    },
    {
      "type": "Feature",
      "properties": {
        "name": "Uferweg Neheimer Straße",
        "info": "ehem. Tiefbrunnenstrecke",
        "category": "Grünanlage"
      },
      "geometry": {
        "type": "Point",
        "coordinates": [
          13.263626416763163,
          52.575826565
        ]
      }
    },
    {
      "type": "Feature",
      "properties": {
        "name": "Reinickes Hof",
        "info": "",
        "category": "Grünanlage"
      },
      "geometry": {
        "type": "Point",
        "coordinates": [
          13.331250548191825,
          52.57669732178939
        ]
      }
    },
    {
      "type": "Feature",
      "properties": {
        "name": "Zabel-Krüger-Damm 69/71",
        "info": "",
        "category": "Grünanlage"
      },
      "geometry": {
        "type": "Point",
        "coordinates": [
          13.335553301391437,
          52.61247512605768
        ]
      }
    },
    {
      "type": "Feature",
      "properties": {
        "name": "Steinbergpark Hundeplatz - am Packereigraben",
        "info": "Am Packereigraben",
        "category": "Grünanlage"
      },
      "geometry": {
        "type": "Point",
        "coordinates": [
          13.31281698020291,
          52.59829073996892
        ]
      }
    },
    {
      "type": "Feature",
      "properties": {
        "name": "Hausotterplatz",
        "info": "",
        "category": "Grünanlage"
      },
      "geometry": {
        "type": "Point",
        "coordinates": [
          13.37543068928894,
          52.56939602631438
        ]
      }
    },
    {
      "type": "Feature",
      "properties": {
        "name": "Wanderweg Bruchstücken/neben Quickborner Str. 105",
        "info": "",
        "category": "Grünanlage"
      },
      "geometry": {
        "type": "Point",
        "coordinates": [
          13.360385359318672,
          52.60718254617378
        ]
      }
    },
    {
      "type": "Feature",
      "properties": {
        "name": "Armbrustweg 2-9",
        "info": "",
        "category": "Grünanlage"
      },
      "geometry": {
        "type": "Point",
        "coordinates": [
          13.365831932849263,
          52.572887702800806
        ]
      }
    },
    {
      "type": "Feature",
      "properties": {
        "name": "Im Erpelgrund - Grünanlage",
        "info": "",
        "category": "Grünanlage"
      },
      "geometry": {
        "type": "Point",
        "coordinates": [
          13.24325983183062,
          52.60588880517008
        ]
      }
    },
    {
      "type": "Feature",
      "properties": {
        "name": "Am Dachsbau/Schulzendorfer Str., - Vogelschutzgebiet",
        "info": "",
        "category": "Grünanlage"
      },
      "geometry": {
        "type": "Point",
        "coordinates": [
          13.229399327750018,
          52.61200380597597
        ]
      }
    },
    {
      "type": "Feature",
      "properties": {
        "name": "Alt-Heiligensee 111, Aussichtsplattform",
        "info": "",
        "category": "Grünanlage"
      },
      "geometry": {
        "type": "Point",
        "coordinates": [
          13.210175574023634,
          52.60255896024667
        ]
      }
    },
    {
      "type": "Feature",
      "properties": {
        "name": "Marzahnstr., Straßenentwidmung (bis Oeserstr.)",
        "info": "",
        "category": "Grünanlage"
      },
      "geometry": {
        "type": "Point",
        "coordinates": [
          13.295284750649854,
          52.59020071114164
        ]
      }
    },
    {
      "type": "Feature",
      "properties": {
        "name": "Schönfließer Str./Oranienburger Chaussee, R.A.B.",
        "info": "",
        "category": "Grünanlage"
      },
      "geometry": {
        "type": "Point",
        "coordinates": [
          13.302904232647867,
          52.643234227510966
        ]
      }
    },
    {
      "type": "Feature",
      "properties": {
        "name": "Klemkepark",
        "info": "",
        "category": "Grünanlage"
      },
      "geometry": {
        "type": "Point",
        "coordinates": [
          13.362689174238684,
          52.57565976376788
        ]
      }
    },
    {
      "type": "Feature",
      "properties": {
        "name": "Karolinenstr. 18",
        "info": "Medical-Park",
        "category": "Grünanlage"
      },
      "geometry": {
        "type": "Point",
        "coordinates": [
          13.27976175002728,
          52.59246543429146
        ]
      }
    },
    {
      "type": "Feature",
      "properties": {
        "name": "Humboldtstr./Brusebergstr.",
        "info": "",
        "category": "Grünanlage"
      },
      "geometry": {
        "type": "Point",
        "coordinates": [
          13.341525000233164,
          52.57255996131913
        ]
      }
    },
    {
      "type": "Feature",
      "properties": {
        "name": "Kienhorstpark",
        "info": "",
        "category": "Grünanlage"
      },
      "geometry": {
        "type": "Point",
        "coordinates": [
          13.341250991548495,
          52.57725308315336
        ]
      }
    },
    {
      "type": "Feature",
      "properties": {
        "name": "Karolinenstr. 19 ggü, Durchgang Schloßstr.",
        "info": "",
        "category": "Grünanlage"
      },
      "geometry": {
        "type": "Point",
        "coordinates": [
          13.282199593830008,
          52.59264825998626
        ]
      }
    },
    {
      "type": "Feature",
      "properties": {
        "name": "BAB, Überbauung Tunnel Tegel",
        "info": "Ernststr. - Waidmannsluster Damm",
        "category": "Grünanlage"
      },
      "geometry": {
        "type": "Point",
        "coordinates": [
          13.291386320417205,
          52.586753415531646
        ]
      }
    },
    {
      "type": "Feature",
      "properties": {
        "name": "Alt-Tegel, Dorfaue",
        "info": "",
        "category": "Grünanlage"
      },
      "geometry": {
        "type": "Point",
        "coordinates": [
          13.276552977540593,
          52.587885053104884
        ]
      }
    },
    {
      "type": "Feature",
      "properties": {
        "name": "Waidmannsluster D./Buddestr.,Grünanlage",
        "info": "",
        "category": "Grünanlage"
      },
      "geometry": {
        "type": "Point",
        "coordinates": [
          13.284004607870154,
          52.59412844364772
        ]
      }
    },
    {
      "type": "Feature",
      "properties": {
        "name": "Freizeitpark Tegel",
        "info": "",
        "category": "Grünanlage"
      },
      "geometry": {
        "type": "Point",
        "coordinates": [
          13.267565787475071,
          52.59291018161134
        ]
      }
    },
    {
      "type": "Feature",
      "properties": {
        "name": "Ziekowstr.-Steinbergpark, Fuß-u. Radweg an KG",
        "info": "",
        "category": "Grünanlage"
      },
      "geometry": {
        "type": "Point",
        "coordinates": [
          13.297509799480816,
          52.59550612587032
        ]
      }
    },
    {
      "type": "Feature",
      "properties": {
        "name": "Marzahnstr./Hatzfeldtallee, Grünanlage",
        "info": "Durchgang Bollestr.",
        "category": "Grünanlage"
      },
      "geometry": {
        "type": "Point",
        "coordinates": [
          13.29547503366701,
          52.59297660248526
        ]
      }
    },
    {
      "type": "Feature",
      "properties": {
        "name": "Simmelstr., Durchg. Pankower Allee",
        "info": "",
        "category": "Grünanlage"
      },
      "geometry": {
        "type": "Point",
        "coordinates": [
          13.367677589623744,
          52.56530263212267
        ]
      }
    },
    {
      "type": "Feature",
      "properties": {
        "name": "Provinzstr. - Koloniestr.",
        "info": "inkl. Bahnhofplatz",
        "category": "Grünanlage"
      },
      "geometry": {
        "type": "Point",
        "coordinates": [
          13.381306012741927,
          52.571079920765456
        ]
      }
    },
    {
      "type": "Feature",
      "properties": {
        "name": "Breitkopfbecken",
        "info": "",
        "category": "Grünanlage"
      },
      "geometry": {
        "type": "Point",
        "coordinates": [
          13.365570805786247,
          52.57331141164696
        ]
      }
    },
    {
      "type": "Feature",
      "properties": {
        "name": "Nordgraben, Gorkistr.-Ziekowstr.",
        "info": "Grünanlage",
        "category": "Grünanlage"
      },
      "geometry": {
        "type": "Point",
        "coordinates": [
          13.296909814414336,
          52.59486283164933
        ]
      }
    },
    {
      "type": "Feature",
      "properties": {
        "name": "Tegeler Hafen, Uferpromenade",
        "info": "",
        "category": "Grünanlage"
      },
      "geometry": {
        "type": "Point",
        "coordinates": [
          13.278013576509476,
          52.590515769492924
        ]
      }
    },
    {
      "type": "Feature",
      "properties": {
        "name": "Kuhnpromenade u. Lindauer Allee 59/61",
        "info": "",
        "category": "Grünanlage"
      },
      "geometry": {
        "type": "Point",
        "coordinates": [
          13.342048673264522,
          52.57406349905196
        ]
      }
    },
    {
      "type": "Feature",
      "properties": {
        "name": "Wanderweg an der Malche",
        "info": "",
        "category": "Grünanlage"
      },
      "geometry": {
        "type": "Point",
        "coordinates": [
          13.269117144550593,
          52.592309595386844
        ]
      }
    },
    {
      "type": "Feature",
      "properties": {
        "name": "Fließtal, Karolinenstr.-Oraniendamm",
        "info": "",
        "category": "Grünanlage"
      },
      "geometry": {
        "type": "Point",
        "coordinates": [
          13.305568996824798,
          52.60428739390374
        ]
      }
    },
    {
      "type": "Feature",
      "properties": {
        "name": "Hohenzollernkanal, Hinckeldeybrücke",
        "info": "",
        "category": "Grünanlage"
      },
      "geometry": {
        "type": "Point",
        "coordinates": [
          13.300715128326352,
          52.5490441764208
        ]
      }
    },
    {
      "type": "Feature",
      "properties": {
        "name": "Oranienburger Str./ Rathauspromenade",
        "info": "",
        "category": "Grünanlage"
      },
      "geometry": {
        "type": "Point",
        "coordinates": [
          13.333395126429698,
          52.58161345449924
        ]
      }
    },
    {
      "type": "Feature",
      "properties": {
        "name": "Gorkistr./Basdorfer Zeile,Grünanlage",
        "info": "",
        "category": "Grünanlage"
      },
      "geometry": {
        "type": "Point",
        "coordinates": [
          13.300560956632552,
          52.59187709790829
        ]
      }
    },
    {
      "type": "Feature",
      "properties": {
        "name": "Alt-Heiligensee, Dorfaue",
        "info": "",
        "category": "Grünanlage"
      },
      "geometry": {
        "type": "Point",
        "coordinates": [
          13.21288763216842,
          52.608185179602344
        ]
      }
    },
    {
      "type": "Feature",
      "properties": {
        "name": "Lienemannstr. (Sackgasse)",
        "info": "",
        "category": "Grünanlage"
      },
      "geometry": {
        "type": "Point",
        "coordinates": [
          13.32307461401812,
          52.573041954811615
        ]
      }
    },
    {
      "type": "Feature",
      "properties": {
        "name": "Vor den Toren I, Mecklenburgweg/Im Winkel",
        "info": "",
        "category": "Grünanlage"
      },
      "geometry": {
        "type": "Point",
        "coordinates": [
          13.282350640759114,
          52.55022692853763
        ]
      }
    },
    {
      "type": "Feature",
      "properties": {
        "name": "Wackerweg, Kolonie",
        "info": "",
        "category": "Grünanlage"
      },
      "geometry": {
        "type": "Point",
        "coordinates": [
          13.308196030982778,
          52.57520823058219
        ]
      }
    },
    {
      "type": "Feature",
      "properties": {
        "name": "Grabens. Hlgs., Wiesengraben",
        "info": "",
        "category": "Grünanlage"
      },
      "geometry": {
        "type": "Point",
        "coordinates": [
          13.225954290073721,
          52.60800330995665
        ]
      }
    },
    {
      "type": "Feature",
      "properties": {
        "name": "Grabens. Hlgs., Weidengraben",
        "info": "",
        "category": "Grünanlage"
      },
      "geometry": {
        "type": "Point",
        "coordinates": [
          13.221921124016466,
          52.621676368795285
        ]
      }
    },
    {
      "type": "Feature",
      "properties": {
        "name": "Grabens. Hlgs., Lindengraben",
        "info": "",
        "category": "Grünanlage"
      },
      "geometry": {
        "type": "Point",
        "coordinates": [
          13.230828708813794,
          52.620893772971776
        ]
      }
    },
    {
      "type": "Feature",
      "properties": {
        "name": "Schäferseepark",
        "info": "",
        "category": "Grünanlage"
      },
      "geometry": {
        "type": "Point",
        "coordinates": [
          13.360785440564326,
          52.56325167313283
        ]
      }
    },
    {
      "type": "Feature",
      "properties": {
        "name": "Deutsche Str., Grünzug bis Stargardtstr.",
        "info": "",
        "category": "Grünanlage"
      },
      "geometry": {
        "type": "Point",
        "coordinates": [
          13.357967680675674,
          52.56689005462007
        ]
      }
    },
    {
      "type": "Feature",
      "properties": {
        "name": "Steinhövelplatz",
        "info": "Emmentaler Str.,Grünanlage",
        "category": "Grünanlage"
      },
      "geometry": {
        "type": "Point",
        "coordinates": [
          13.357541008522485,
          52.568830806320406
        ]
      }
    },
    {
      "type": "Feature",
      "properties": {
        "name": "Alt-Reinickendorf, Durchgang Lindauer Allee",
        "info": "",
        "category": "Grünanlage"
      },
      "geometry": {
        "type": "Point",
        "coordinates": [
          13.35203264988335,
          52.574273125817534
        ]
      }
    },
    {
      "type": "Feature",
      "properties": {
        "name": "Roedernallee, Alt-Rdf.-Lindauer Allee",
        "info": "",
        "category": "Grünanlage"
      },
      "geometry": {
        "type": "Point",
        "coordinates": [
          13.348152463819027,
          52.57528827562299
        ]
      }
    },
    {
      "type": "Feature",
      "properties": {
        "name": "Bahnhofspark, S-Bhf. Alt-Reinickendorf",
        "info": "",
        "category": "Grünanlage"
      },
      "geometry": {
        "type": "Point",
        "coordinates": [
          13.349053571113972,
          52.57708577942758
        ]
      }
    },
    {
      "type": "Feature",
      "properties": {
        "name": "Bumpfuhl, ND",
        "info": "",
        "category": "Grünanlage"
      },
      "geometry": {
        "type": "Point",
        "coordinates": [
          13.229308980899267,
          52.60425599182844
        ]
      }
    },
    {
      "type": "Feature",
      "properties": {
        "name": "Verlängerte Teichstraße",
        "info": "",
        "category": "Grünanlage"
      },
      "geometry": {
        "type": "Point",
        "coordinates": [
          13.34654528283676,
          52.56632814503251
        ]
      }
    },
    {
      "type": "Feature",
      "properties": {
        "name": "Grabens. Hlgs., Haselgraben",
        "info": "",
        "category": "Grünanlage"
      },
      "geometry": {
        "type": "Point",
        "coordinates": [
          13.228491297580911,
          52.61383830873916
        ]
      }
    },
    {
      "type": "Feature",
      "properties": {
        "name": "Grabens. Hlgs., Eschengraben",
        "info": "",
        "category": "Grünanlage"
      },
      "geometry": {
        "type": "Point",
        "coordinates": [
          13.221945684120168,
          52.610306725629805
        ]
      }
    },
    {
      "type": "Feature",
      "properties": {
        "name": "Nieder-Neuendorfer See, Uferstr.",
        "info": "",
        "category": "Grünanlage"
      },
      "geometry": {
        "type": "Point",
        "coordinates": [
          13.220563500066943,
          52.620773830776706
        ]
      }
    },
    {
      "type": "Feature",
      "properties": {
        "name": "LSG nördl. des Heiligensees",
        "info": "",
        "category": "Grünanlage"
      },
      "geometry": {
        "type": "Point",
        "coordinates": [
          13.217845662954021,
          52.60927488995189
        ]
      }
    },
    {
      "type": "Feature",
      "properties": {
        "name": "Grabens. Hlgs., Birkengraben",
        "info": "",
        "category": "Grünanlage"
      },
      "geometry": {
        "type": "Point",
        "coordinates": [
          13.231448434989044,
          52.616922762727405
        ]
      }
    },
    {
      "type": "Feature",
      "properties": {
        "name": "Grabens. Hlgs., Erlengraben",
        "info": "",
        "category": "Grünanlage"
      },
      "geometry": {
        "type": "Point",
        "coordinates": [
          13.22124265592709,
          52.614913937568154
        ]
      }
    },
    {
      "type": "Feature",
      "properties": {
        "name": "Brusebergstr., Grünzug  zur Gotthardstr.",
        "info": "",
        "category": "Grünanlage"
      },
      "geometry": {
        "type": "Point",
        "coordinates": [
          13.34165403366886,
          52.568367027643724
        ]
      }
    },
    {
      "type": "Feature",
      "properties": {
        "name": "Peckwischgraben, Wanderweg",
        "info": "",
        "category": "Grünanlage"
      },
      "geometry": {
        "type": "Point",
        "coordinates": [
          13.344461558711528,
          52.58499425598442
        ]
      }
    },
    {
      "type": "Feature",
      "properties": {
        "name": "Alt-Reinickendorf, Dorfaue",
        "info": "",
        "category": "Grünanlage"
      },
      "geometry": {
        "type": "Point",
        "coordinates": [
          13.351779071220006,
          52.57511495579403
        ]
      }
    },
    {
      "type": "Feature",
      "properties": {
        "name": "Fließtal, Titusweg-Veltheimstr.",
        "info": "nördl. d. Fließgew. einschl. Hermsd.See",
        "category": "Grünanlage"
      },
      "geometry": {
        "type": "Point",
        "coordinates": [
          13.327129428071327,
          52.62096227185321
        ]
      }
    },
    {
      "type": "Feature",
      "properties": {
        "name": "Seebadstr. 36a, ehem. Tongruben",
        "info": "",
        "category": "Grünanlage"
      },
      "geometry": {
        "type": "Point",
        "coordinates": [
          13.32318094609185,
          52.61624421181658
        ]
      }
    },
    {
      "type": "Feature",
      "properties": {
        "name": "Brandtstr., Innenkreis",
        "info": "Naturdenkmal",
        "category": "Grünanlage"
      },
      "geometry": {
        "type": "Point",
        "coordinates": [
          13.312434539938133,
          52.61189803703205
        ]
      }
    },
    {
      "type": "Feature",
      "properties": {
        "name": "Zehntwerder Weg/Benekendorffstr., Durchgangsweg",
        "info": "Benekendorfstr.-Tiefenbronner Str.",
        "category": "Grünanlage"
      },
      "geometry": {
        "type": "Point",
        "coordinates": [
          13.32790359199486,
          52.61142186496217
        ]
      }
    },
    {
      "type": "Feature",
      "properties": {
        "name": "Schloßstr. 33/37 - Wachsmuthstr.",
        "info": "Apostel-P.-Kirche",
        "category": "Grünanlage"
      },
      "geometry": {
        "type": "Point",
        "coordinates": [
          13.310380100758424,
          52.61733361713676
        ]
      }
    },
    {
      "type": "Feature",
      "properties": {
        "name": "Hohefeldstr. 16-18, R.A.B.",
        "info": "",
        "category": "Grünanlage"
      },
      "geometry": {
        "type": "Point",
        "coordinates": [
          13.304365005508664,
          52.62209660983972
        ]
      }
    },
    {
      "type": "Feature",
      "properties": {
        "name": "Heidenheimerstr. (Sackgasse)",
        "info": "an der Carl-Benz-Oberschule",
        "category": "Grünanlage"
      },
      "geometry": {
        "type": "Point",
        "coordinates": [
          13.298091321544227,
          52.616461007611335
        ]
      }
    },
    {
      "type": "Feature",
      "properties": {
        "name": "Waldseepark",
        "info": "",
        "category": "Grünanlage"
      },
      "geometry": {
        "type": "Point",
        "coordinates": [
          13.318506582242795,
          52.62400514582078
        ]
      }
    },
    {
      "type": "Feature",
      "properties": {
        "name": "Albtalpark (NSG)",
        "info": "",
        "category": "Grünanlage"
      },
      "geometry": {
        "type": "Point",
        "coordinates": [
          13.333764314825398,
          52.61225714765177
        ]
      }
    },
    {
      "type": "Feature",
      "properties": {
        "name": "Heidenheimer Str. (ab Friedrichsthaler Weg), Wanderweg am Wald",
        "info": "",
        "category": "Grünanlage"
      },
      "geometry": {
        "type": "Point",
        "coordinates": [
          13.295475640560747,
          52.61747325619429
        ]
      }
    },
    {
      "type": "Feature",
      "properties": {
        "name": "Alt-Hermsdorf, Dorfaue",
        "info": "",
        "category": "Grünanlage"
      },
      "geometry": {
        "type": "Point",
        "coordinates": [
          13.32063381483383,
          52.614618684856396
        ]
      }
    },
    {
      "type": "Feature",
      "properties": {
        "name": "Friedhof Am Fließtal, Entwidmungsfläche",
        "info": "Ausgliederung Friedhof",
        "category": "Grünanlage"
      },
      "geometry": {
        "type": "Point",
        "coordinates": [
          13.289990545353614,
          52.59612418501836
        ]
      }
    },
    {
      "type": "Feature",
      "properties": {
        "name": "Friedhof Heiligensee, Entwidmungsfläche",
        "info": "Ausgliederung Friedhof",
        "category": "Grünanlage"
      },
      "geometry": {
        "type": "Point",
        "coordinates": [
          13.217274528319273,
          52.59773299421966
        ]
      }
    },
    {
      "type": "Feature",
      "properties": {
        "name": "Almazeile/Beatestraße",
        "info": "",
        "category": "Grünanlage"
      },
      "geometry": {
        "type": "Point",
        "coordinates": [
          13.230877093294925,
          52.57073982578294
        ]
      }
    },
    {
      "type": "Feature",
      "properties": {
        "name": "Wittenauer Str. 214 (Klötzgraben)",
        "info": "Ecke Am Klötzgraben 16587",
        "category": "Grünanlage"
      },
      "geometry": {
        "type": "Point",
        "coordinates": [
          13.352917759867166,
          52.61417527117994
        ]
      }
    },
    {
      "type": "Feature",
      "properties": {
        "name": "Quickborner Str. 205",
        "info": "Erholungsfläche",
        "category": "Grünanlage"
      },
      "geometry": {
        "type": "Point",
        "coordinates": [
          13.353989859292948,
          52.616302334583736
        ]
      }
    },
    {
      "type": "Feature",
      "properties": {
        "name": "Wittenauer Str./Alter Bernauer Heerweg",
        "info": "Ecke Alter Bernauer Heerweg",
        "category": "Grünanlage"
      },
      "geometry": {
        "type": "Point",
        "coordinates": [
          13.352812460194624,
          52.6115582603057
        ]
      }
    },
    {
      "type": "Feature",
      "properties": {
        "name": "Stolzingstr., R.A.B.",
        "info": "Nibelungenteich, Stolzingteich",
        "category": "Grünanlage"
      },
      "geometry": {
        "type": "Point",
        "coordinates": [
          13.278404147657847,
          52.63722921646077
        ]
      }
    },
    {
      "type": "Feature",
      "properties": {
        "name": "Gorkistr./Nordgraben, Wanderweg an KG Steinberg",
        "info": "",
        "category": "Grünanlage"
      },
      "geometry": {
        "type": "Point",
        "coordinates": [
          13.303504047230762,
          52.59469728099102
        ]
      }
    },
    {
      "type": "Feature",
      "properties": {
        "name": "Alter Wiesenweg, Erholungsfläche",
        "info": "KG Am Wasserbunker",
        "category": "Grünanlage"
      },
      "geometry": {
        "type": "Point",
        "coordinates": [
          13.277589406041297,
          52.552318529511275
        ]
      }
    },
    {
      "type": "Feature",
      "properties": {
        "name": "Schluchseestr. 56, Erholungsfläche",
        "info": "vor KG Steintal",
        "category": "Grünanlage"
      },
      "geometry": {
        "type": "Point",
        "coordinates": [
          13.335919195493553,
          52.60690651377975
        ]
      }
    },
    {
      "type": "Feature",
      "properties": {
        "name": "Deilingeweg 3-5, 8 u. 10, Zehntwerderweg 210",
        "info": "ehem. Kleingartenfläche",
        "category": "Grünanlage"
      },
      "geometry": {
        "type": "Point",
        "coordinates": [
          13.344091101685517,
          52.62066698048892
        ]
      }
    },
    {
      "type": "Feature",
      "properties": {
        "name": "Kurt-Schumacher-Damm 42",
        "info": "",
        "category": "Grünanlage"
      },
      "geometry": {
        "type": "Point",
        "coordinates": [
          13.32269989611459,
          52.56126611114963
        ]
      }
    },
    {
      "type": "Feature",
      "properties": {
        "name": "Kirschblütenplatz",
        "info": "Durchgang Oranienburger Str.",
        "category": "Grünanlage"
      },
      "geometry": {
        "type": "Point",
        "coordinates": [
          13.335543424811137,
          52.58556153313688
        ]
      }
    },
    {
      "type": "Feature",
      "properties": {
        "name": "Sandhauser Str., hinter Friedhof",
        "info": "entwidmete Friedhofsfläche",
        "category": "Grünanlage"
      },
      "geometry": {
        "type": "Point",
        "coordinates": [
          13.222070320936114,
          52.59795108342313
        ]
      }
    },
    {
      "type": "Feature",
      "properties": {
        "name": "Mäckeritzwiesen, Vor den Toren IV",
        "info": "Grünanlage",
        "category": "Grünanlage"
      },
      "geometry": {
        "type": "Point",
        "coordinates": [
          13.270804342404723,
          52.55074730049696
        ]
      }
    },
    {
      "type": "Feature",
      "properties": {
        "name": "Thurgauer Str./Aroser Allee (außen)",
        "info": "Grünanlage",
        "category": "Grünanlage"
      },
      "geometry": {
        "type": "Point",
        "coordinates": [
          13.351747063400001,
          52.57102385557833
        ]
      }
    },
    {
      "type": "Feature",
      "properties": {
        "name": "Franz-Neumann-Platz",
        "info": "",
        "category": "Grünanlage"
      },
      "geometry": {
        "type": "Point",
        "coordinates": [
          13.365059736703742,
          52.56327012400431
        ]
      }
    },
    {
      "type": "Feature",
      "properties": {
        "name": "Waldstr., Grünzug",
        "info": "",
        "category": "Grünanlage"
      },
      "geometry": {
        "type": "Point",
        "coordinates": [
          13.320490349648688,
          52.57617424350897
        ]
      }
    },
    {
      "type": "Feature",
      "properties": {
        "name": "Gerlindeweg/Friederikestr.",
        "info": "",
        "category": "Grünanlage"
      },
      "geometry": {
        "type": "Point",
        "coordinates": [
          13.228472520814192,
          52.57600152313488
        ]
      }
    },
    {
      "type": "Feature",
      "properties": {
        "name": "Grabens. Hlgs., Grimbartgraben",
        "info": "",
        "category": "Grünanlage"
      },
      "geometry": {
        "type": "Point",
        "coordinates": [
          13.242696755792979,
          52.60242859173935
        ]
      }
    },
    {
      "type": "Feature",
      "properties": {
        "name": "Falkenplatz",
        "info": "",
        "category": "Grünanlage"
      },
      "geometry": {
        "type": "Point",
        "coordinates": [
          13.227385804712807,
          52.5853415964887
        ]
      }
    },
    {
      "type": "Feature",
      "properties": {
        "name": "Buntspechtstr./Nußhäherstr.",
        "info": "",
        "category": "Grünanlage"
      },
      "geometry": {
        "type": "Point",
        "coordinates": [
          13.220982566856474,
          52.57955078436897
        ]
      }
    },
    {
      "type": "Feature",
      "properties": {
        "name": "Septimerbecken (Winterthurstr.-Scharnweberstr.)",
        "info": "",
        "category": "Grünanlage"
      },
      "geometry": {
        "type": "Point",
        "coordinates": [
          13.340978015867544,
          52.56567345109938
        ]
      }
    },
    {
      "type": "Feature",
      "properties": {
        "name": "Campestr./Holwedestr.",
        "info": "",
        "category": "Grünanlage"
      },
      "geometry": {
        "type": "Point",
        "coordinates": [
          13.270629090500153,
          52.5920280691295
        ]
      }
    },
    {
      "type": "Feature",
      "properties": {
        "name": "Kolonie Am Wanderweg/JVA - Finnentroper Weg 38 A",
        "info": "",
        "category": "Grünanlage"
      },
      "geometry": {
        "type": "Point",
        "coordinates": [
          13.289286166162524,
          52.57296903288444
        ]
      }
    },
    {
      "type": "Feature",
      "properties": {
        "name": "Verlängerte Ernststraße",
        "info": "",
        "category": "Grünanlage"
      },
      "geometry": {
        "type": "Point",
        "coordinates": [
          13.310250247278443,
          52.58755166577298
        ]
      }
    },
    {
      "type": "Feature",
      "properties": {
        "name": "Sterkrader Str. (hinter Havelmüller-GS)",
        "info": "",
        "category": "Grünanlage"
      },
      "geometry": {
        "type": "Point",
        "coordinates": [
          13.286597458288153,
          52.57752194268932
        ]
      }
    },
    {
      "type": "Feature",
      "properties": {
        "name": "Flughafensee",
        "info": "",
        "category": "Grünanlage"
      },
      "geometry": {
        "type": "Point",
        "coordinates": [
          13.281037083445547,
          52.566357212224446
        ]
      }
    },
    {
      "type": "Feature",
      "properties": {
        "name": "Bollestr., Oeserstr.-Borsigaue",
        "info": "",
        "category": "Grünanlage"
      },
      "geometry": {
        "type": "Point",
        "coordinates": [
          13.297894222804516,
          52.59069439425502
        ]
      }
    },
    {
      "type": "Feature",
      "properties": {
        "name": "Bernhard-Lichtenberg-Platz",
        "info": "Bernauerstr./Seidelstr.",
        "category": "Grünanlage"
      },
      "geometry": {
        "type": "Point",
        "coordinates": [
          13.294285920835097,
          52.57569801024363
        ]
      }
    },
    {
      "type": "Feature",
      "properties": {
        "name": "Breitachzeile",
        "info": "",
        "category": "Grünanlage"
      },
      "geometry": {
        "type": "Point",
        "coordinates": [
          13.295732906664897,
          52.58902225585042
        ]
      }
    },
    {
      "type": "Feature",
      "properties": {
        "name": "Wanderweg am Hohenzollernkanal",
        "info": "Bernauer Str.-General-Ganeval-Brücke",
        "category": "Grünanlage"
      },
      "geometry": {
        "type": "Point",
        "coordinates": [
          13.296536564101773,
          52.549060053639316
        ]
      }
    },
    {
      "type": "Feature",
      "properties": {
        "name": "Borsigaue",
        "info": "",
        "category": "Grünanlage"
      },
      "geometry": {
        "type": "Point",
        "coordinates": [
          13.299469460027176,
          52.58942632999919
        ]
      }
    },
    {
      "type": "Feature",
      "properties": {
        "name": "Borsigwalder Weg/Miraustr.-Am Nordgraben (Wanderweg)",
        "info": "",
        "category": "Grünanlage"
      },
      "geometry": {
        "type": "Point",
        "coordinates": [
          13.304147555186299,
          52.58989058261229
        ]
      }
    },
    {
      "type": "Feature",
      "properties": {
        "name": "Berliner Str. 71, Anlage Borsigdenkmal",
        "info": "",
        "category": "Grünanlage"
      },
      "geometry": {
        "type": "Point",
        "coordinates": [
          13.28980925476787,
          52.58314844183695
        ]
      }
    },
    {
      "type": "Feature",
      "properties": {
        "name": "Fließtal, Freibad-Bez.-Grenze",
        "info": "",
        "category": "Grünanlage"
      },
      "geometry": {
        "type": "Point",
        "coordinates": [
          13.334614802239901,
          52.62060220588533
        ]
      }
    },
    {
      "type": "Feature",
      "properties": {
        "name": "Am Wiesenende 7 - 37 A (Klötzgraben), Grabenbiotop",
        "info": "",
        "category": "Grünanlage"
      },
      "geometry": {
        "type": "Point",
        "coordinates": [
          13.35183525884782,
          52.61245954905589
        ]
      }
    },
    {
      "type": "Feature",
      "properties": {
        "name": "Wittenauer Str. 161+151 ggü., südl. AEG-Siedlung",
        "info": "",
        "category": "Grünanlage"
      },
      "geometry": {
        "type": "Point",
        "coordinates": [
          13.348149040980942,
          52.60923604900355
        ]
      }
    },
    {
      "type": "Feature",
      "properties": {
        "name": "Klötzbecken bis Zabel-Krüger-Damm",
        "info": "einschl. Klötzbecken",
        "category": "Grünanlage"
      },
      "geometry": {
        "type": "Point",
        "coordinates": [
          13.346480785089058,
          52.61012751889191
        ]
      }
    },
    {
      "type": "Feature",
      "properties": {
        "name": "Weinmeisterhornweg-Straße 467",
        "info": "zw. HausNr. 114 und 120",
        "category": "Grünanlage"
      },
      "geometry": {
        "type": "Point",
        "coordinates": [
          13.16880626312761,
          52.51264551662764
        ]
      }
    },
    {
      "type": "Feature",
      "properties": {
        "name": "Langes Becken",
        "info": "Rückhaltebecken Heerstr-Fahremundstr",
        "category": "Grünanlage"
      },
      "geometry": {
        "type": "Point",
        "coordinates": [
          13.172510882762795,
          52.515872797078586
        ]
      }
    },
    {
      "type": "Feature",
      "properties": {
        "name": "Unkenpfuhl-Grünanlage",
        "info": "",
        "category": "Grünanlage"
      },
      "geometry": {
        "type": "Point",
        "coordinates": [
          13.133744202340221,
          52.45826367550401
        ]
      }
    },
    {
      "type": "Feature",
      "properties": {
        "name": "Egelpfuhlwiesen-Grünzug",
        "info": "Alloisius Weg und Orchideenwiese",
        "category": "Grünanlage"
      },
      "geometry": {
        "type": "Point",
        "coordinates": [
          13.179729504070893,
          52.523079902865355
        ]
      }
    },
    {
      "type": "Feature",
      "properties": {
        "name": "Földerichplatz",
        "info": "Földerichplatz",
        "category": "Grünanlage"
      },
      "geometry": {
        "type": "Point",
        "coordinates": [
          13.19339088731362,
          52.51985924690045
        ]
      }
    },
    {
      "type": "Feature",
      "properties": {
        "name": "Burgwall-Tankerhafen",
        "info": "Schulenburgbrücke bis Betckestr.",
        "category": "Grünanlage"
      },
      "geometry": {
        "type": "Point",
        "coordinates": [
          13.204456316997389,
          52.52254302712615
        ]
      }
    },
    {
      "type": "Feature",
      "properties": {
        "name": "Ruhlebener Str-Grunewaldstraße-GA",
        "info": "an der Ernst-Ludwig-Heim GS",
        "category": "Grünanlage"
      },
      "geometry": {
        "type": "Point",
        "coordinates": [
          13.205615936338765,
          52.53041127860496
        ]
      }
    },
    {
      "type": "Feature",
      "properties": {
        "name": "Straße 357 am Neustaakener Graben",
        "info": "zw Fernbahn und Staakener Straße",
        "category": "Grünanlage"
      },
      "geometry": {
        "type": "Point",
        "coordinates": [
          13.162827212614635,
          52.53734713974282
        ]
      }
    },
    {
      "type": "Feature",
      "properties": {
        "name": "Rothenbücherweg-Dr. Kleusberg-Promenade",
        "info": "Liegewiese Plessches Gelände",
        "category": "Grünanlage"
      },
      "geometry": {
        "type": "Point",
        "coordinates": [
          13.183730370608021,
          52.49491352365282
        ]
      }
    },
    {
      "type": "Feature",
      "properties": {
        "name": "Pulvermühlenweg- Grünanlage",
        "info": "",
        "category": "Grünanlage"
      },
      "geometry": {
        "type": "Point",
        "coordinates": [
          13.228015006027922,
          52.54679617718691
        ]
      }
    },
    {
      "type": "Feature",
      "properties": {
        "name": "Stresow-Plantage",
        "info": "Grunewaldstraße",
        "category": "Grünanlage"
      },
      "geometry": {
        "type": "Point",
        "coordinates": [
          13.203686517379394,
          52.53242764917283
        ]
      }
    },
    {
      "type": "Feature",
      "properties": {
        "name": "Burgwallschanze",
        "info": "Histor. Teil der Stresowbefestigung",
        "category": "Grünanlage"
      },
      "geometry": {
        "type": "Point",
        "coordinates": [
          13.203385421201034,
          52.530412168826956
        ]
      }
    },
    {
      "type": "Feature",
      "properties": {
        "name": "Freiheitswiesen",
        "info": "Bereich Tiefwerder Wiesen",
        "category": "Grünanlage"
      },
      "geometry": {
        "type": "Point",
        "coordinates": [
          13.213860838690191,
          52.524810382196804
        ]
      }
    },
    {
      "type": "Feature",
      "properties": {
        "name": "Burgwall-GA",
        "info": "Ziegelhof bis Spandauer Burgwall",
        "category": "Grünanlage"
      },
      "geometry": {
        "type": "Point",
        "coordinates": [
          13.197738258099944,
          52.529053662709735
        ]
      }
    },
    {
      "type": "Feature",
      "properties": {
        "name": "Havelmathen sog. Lechnersches Gelände",
        "info": "",
        "category": "Grünanlage"
      },
      "geometry": {
        "type": "Point",
        "coordinates": [
          13.18289002357456,
          52.476563287814855
        ]
      }
    },
    {
      "type": "Feature",
      "properties": {
        "name": "Ruhlebener Str Ecke Tiefwerderweg",
        "info": "",
        "category": "Grünanlage"
      },
      "geometry": {
        "type": "Point",
        "coordinates": [
          13.207536001077766,
          52.528380407535536
        ]
      }
    },
    {
      "type": "Feature",
      "properties": {
        "name": "Windmühlenberg mit Bockwindmühle",
        "info": "An den Berggärten",
        "category": "Grünanlage"
      },
      "geometry": {
        "type": "Point",
        "coordinates": [
          13.17657406179395,
          52.484613217325766
        ]
      }
    },
    {
      "type": "Feature",
      "properties": {
        "name": "Kleine Badewiese- Alt Gatow GA",
        "info": "Beutelscher Hof-Am Wiesenhaus",
        "category": "Grünanlage"
      },
      "geometry": {
        "type": "Point",
        "coordinates": [
          13.185844000844728,
          52.48378259741751
        ]
      }
    },
    {
      "type": "Feature",
      "properties": {
        "name": "Straße 269-Fläche H 30 a",
        "info": "Potsdamer Chaussee",
        "category": "Grünanlage"
      },
      "geometry": {
        "type": "Point",
        "coordinates": [
          13.14220713942858,
          52.489641981065056
        ]
      }
    },
    {
      "type": "Feature",
      "properties": {
        "name": "Hoher Steinweg-Alte Stadtmauer",
        "info": "Kolk-ehem. Kräutergarten",
        "category": "Grünanlage"
      },
      "geometry": {
        "type": "Point",
        "coordinates": [
          13.20643480484132,
          52.53999808441512
        ]
      }
    },
    {
      "type": "Feature",
      "properties": {
        "name": "Jonny K.- Aktivpark",
        "info": "zw KGA-Egelpfuhlwiesen I u III-Carlo-Schmid-OS",
        "category": "Grünanlage"
      },
      "geometry": {
        "type": "Point",
        "coordinates": [
          13.171055911945723,
          52.52542413539521
        ]
      }
    },
    {
      "type": "Feature",
      "properties": {
        "name": "Hahneberg-GA Wege und Plateau",
        "info": "incl. Bruno-H.-Bürgel Sternwarte",
        "category": "Grünanlage"
      },
      "geometry": {
        "type": "Point",
        "coordinates": [
          13.15001460913011,
          52.51816831952965
        ]
      }
    },
    {
      "type": "Feature",
      "properties": {
        "name": "Runeberg",
        "info": "Alte Kiesgrube",
        "category": "Grünanlage"
      },
      "geometry": {
        "type": "Point",
        "coordinates": [
          13.14765081550324,
          52.45389339271125
        ]
      }
    },
    {
      "type": "Feature",
      "properties": {
        "name": "Küfersteig Ecke Keltererweg",
        "info": "",
        "category": "Grünanlage"
      },
      "geometry": {
        "type": "Point",
        "coordinates": [
          13.186008096696018,
          52.50725726955137
        ]
      }
    },
    {
      "type": "Feature",
      "properties": {
        "name": "Bullengrabengrünzug II",
        "info": "Päwesiner Weg bis Egelpfuhlstr",
        "category": "Grünanlage"
      },
      "geometry": {
        "type": "Point",
        "coordinates": [
          13.173164762048602,
          52.53092319254194
        ]
      }
    },
    {
      "type": "Feature",
      "properties": {
        "name": "Rohrbruchwiesen-GA sog Liegewiese",
        "info": "am Hohenzollernkanal",
        "category": "Grünanlage"
      },
      "geometry": {
        "type": "Point",
        "coordinates": [
          13.235492047629688,
          52.55758347871873
        ]
      }
    },
    {
      "type": "Feature",
      "properties": {
        "name": "Groß-Glienicker See-GA sog Pferdekoppel",
        "info": "Badestelle",
        "category": "Grünanlage"
      },
      "geometry": {
        "type": "Point",
        "coordinates": [
          13.118927280238147,
          52.47161006798723
        ]
      }
    },
    {
      "type": "Feature",
      "properties": {
        "name": "Rhenaniastraße-Biotop",
        "info": "",
        "category": "Grünanlage"
      },
      "geometry": {
        "type": "Point",
        "coordinates": [
          13.23509346559784,
          52.54952016230167
        ]
      }
    },
    {
      "type": "Feature",
      "properties": {
        "name": "Temmeweg-Contessaweg",
        "info": "Sakrower Kirchweg",
        "category": "Grünanlage"
      },
      "geometry": {
        "type": "Point",
        "coordinates": [
          13.133233702403603,
          52.44893498366396
        ]
      }
    },
    {
      "type": "Feature",
      "properties": {
        "name": "Wilhelmstraße bis GS am Weinmeisterhorn",
        "info": "südl Daberkowstr parallel BWB-Flächen",
        "category": "Grünanlage"
      },
      "geometry": {
        "type": "Point",
        "coordinates": [
          13.171757876097507,
          52.50851102686711
        ]
      }
    },
    {
      "type": "Feature",
      "properties": {
        "name": "Jugendplatz",
        "info": "",
        "category": "Grünanlage"
      },
      "geometry": {
        "type": "Point",
        "coordinates": [
          13.26995910377452,
          52.53801634104241
        ]
      }
    },
    {
      "type": "Feature",
      "properties": {
        "name": "Gößweinsteiner Gang",
        "info": "",
        "category": "Grünanlage"
      },
      "geometry": {
        "type": "Point",
        "coordinates": [
          13.128621777957619,
          52.45121445994449
        ]
      }
    },
    {
      "type": "Feature",
      "properties": {
        "name": "Tiefwerder-Margareteninsel",
        "info": "Bereich Fauler See",
        "category": "Grünanlage"
      },
      "geometry": {
        "type": "Point",
        "coordinates": [
          13.213749164025726,
          52.52050450067827
        ]
      }
    },
    {
      "type": "Feature",
      "properties": {
        "name": "Zitadelle I-westl Glacis Wladimir-Gall-Weg",
        "info": "Zitadellen-Vorgelände-Umfeld",
        "category": "Grünanlage"
      },
      "geometry": {
        "type": "Point",
        "coordinates": [
          13.209880900990932,
          52.5400080580234
        ]
      }
    },
    {
      "type": "Feature",
      "properties": {
        "name": "Triftweg",
        "info": "ab Straße 265 bis Groß-Glienicker Weg",
        "category": "Grünanlage"
      },
      "geometry": {
        "type": "Point",
        "coordinates": [
          13.167117818061639,
          52.48916539527501
        ]
      }
    },
    {
      "type": "Feature",
      "properties": {
        "name": "Bullengrabengrünzug V",
        "info": "Brunsbütteler Damm ab Nennhauser Damm bis Phillipp-Gerlach-Weg",
        "category": "Grünanlage"
      },
      "geometry": {
        "type": "Point",
        "coordinates": [
          13.139180195658426,
          52.532030814569175
        ]
      }
    },
    {
      "type": "Feature",
      "properties": {
        "name": "Heidelakegraben-Grünzug",
        "info": "Finkenkruger Weg bis Stadtgrenze",
        "category": "Grünanlage"
      },
      "geometry": {
        "type": "Point",
        "coordinates": [
          13.131896817660271,
          52.54486633072553
        ]
      }
    },
    {
      "type": "Feature",
      "properties": {
        "name": "Imchen-Insel",
        "info": "",
        "category": "Grünanlage"
      },
      "geometry": {
        "type": "Point",
        "coordinates": [
          13.151268435736526,
          52.450751349239866
        ]
      }
    },
    {
      "type": "Feature",
      "properties": {
        "name": "Wilhelmstraße-Grünfläche",
        "info": "angrenzend Stadion Wilhelmstraße u Bertholdt-BrechtOS",
        "category": "Grünanlage"
      },
      "geometry": {
        "type": "Point",
        "coordinates": [
          13.19091245713048,
          52.523975244679065
        ]
      }
    },
    {
      "type": "Feature",
      "properties": {
        "name": "Heidelake-Ungewitterweg",
        "info": "",
        "category": "Grünanlage"
      },
      "geometry": {
        "type": "Point",
        "coordinates": [
          13.147873943675743,
          52.54354946087311
        ]
      }
    },
    {
      "type": "Feature",
      "properties": {
        "name": "Imchenallee-Sibeliusweg-Grünfläche",
        "info": "ehem. Golfplatz",
        "category": "Grünanlage"
      },
      "geometry": {
        "type": "Point",
        "coordinates": [
          13.151613855569842,
          52.45506427143917
        ]
      }
    },
    {
      "type": "Feature",
      "properties": {
        "name": "Rohrbruchwiesen-GA",
        "info": "sog ehem Kohlelager",
        "category": "Grünanlage"
      },
      "geometry": {
        "type": "Point",
        "coordinates": [
          13.236869950195821,
          52.55513575222377
        ]
      }
    },
    {
      "type": "Feature",
      "properties": {
        "name": "Hahneberg-Naturschutzgebiet",
        "info": "rund ums Fort Hahneberg bis Heerstraße",
        "category": "Grünanlage"
      },
      "geometry": {
        "type": "Point",
        "coordinates": [
          13.141350075740455,
          52.52324553083707
        ]
      }
    },
    {
      "type": "Feature",
      "properties": {
        "name": "Konrad-Birkholz-Platz",
        "info": "Dorfplatz Kladow am Bürgerhaus",
        "category": "Grünanlage"
      },
      "geometry": {
        "type": "Point",
        "coordinates": [
          13.14385948104285,
          52.45406320310267
        ]
      }
    },
    {
      "type": "Feature",
      "properties": {
        "name": "Groß-Glienicker See-GA sog Moorloch",
        "info": "Badestelle",
        "category": "Grünanlage"
      },
      "geometry": {
        "type": "Point",
        "coordinates": [
          13.114479040846277,
          52.459900672529606
        ]
      }
    },
    {
      "type": "Feature",
      "properties": {
        "name": "Saatwinkler Damm Ecke Gartenfelder Str.",
        "info": "Waldstück",
        "category": "Grünanlage"
      },
      "geometry": {
        "type": "Point",
        "coordinates": [
          13.246991611894847,
          52.547209535925326
        ]
      }
    },
    {
      "type": "Feature",
      "properties": {
        "name": "Charlottenburger Chaussee 54/74",
        "info": "am Güterbahnhof",
        "category": "Grünanlage"
      },
      "geometry": {
        "type": "Point",
        "coordinates": [
          13.229876567111473,
          52.52835238149783
        ]
      }
    },
    {
      "type": "Feature",
      "properties": {
        "name": "Breitehorn-Havelpromenade",
        "info": "incl. Ernst-Liesegang-Ufer",
        "category": "Grünanlage"
      },
      "geometry": {
        "type": "Point",
        "coordinates": [
          13.166236236465943,
          52.46024213278972
        ]
      }
    },
    {
      "type": "Feature",
      "properties": {
        "name": "Pegnitzring",
        "info": "",
        "category": "Grünanlage"
      },
      "geometry": {
        "type": "Point",
        "coordinates": [
          13.129502719853557,
          52.459177826320214
        ]
      }
    },
    {
      "type": "Feature",
      "properties": {
        "name": "Freiflächen Siedlung Birkenwäldchen",
        "info": "öffentliche Nutzung",
        "category": "Grünanlage"
      },
      "geometry": {
        "type": "Point",
        "coordinates": [
          13.198769509564215,
          52.51695845081285
        ]
      }
    },
    {
      "type": "Feature",
      "properties": {
        "name": "Grimnitzseepark-incl Birkenwäldchen",
        "info": "",
        "category": "Grünanlage"
      },
      "geometry": {
        "type": "Point",
        "coordinates": [
          13.20314161841004,
          52.51793265754136
        ]
      }
    },
    {
      "type": "Feature",
      "properties": {
        "name": "Wilhelm-von-Siemens-Park, intensiv",
        "info": "Heidegarten und Rhododendren",
        "category": "Grünanlage"
      },
      "geometry": {
        "type": "Point",
        "coordinates": [
          13.26432564577925,
          52.54330195228169
        ]
      }
    },
    {
      "type": "Feature",
      "properties": {
        "name": "Saatwinkler Damm-Jungfernheideweg",
        "info": "",
        "category": "Grünanlage"
      },
      "geometry": {
        "type": "Point",
        "coordinates": [
          13.269538682424189,
          52.547576498667574
        ]
      }
    },
    {
      "type": "Feature",
      "properties": {
        "name": "Sakrower Landstraße 26",
        "info": "",
        "category": "Grünanlage"
      },
      "geometry": {
        "type": "Point",
        "coordinates": [
          13.13895135665806,
          52.45329899465391
        ]
      }
    },
    {
      "type": "Feature",
      "properties": {
        "name": "Bullengrabengrünzug IV-Pietzkukenlake",
        "info": "Magistratsweg bis Stieglakebecken",
        "category": "Grünanlage"
      },
      "geometry": {
        "type": "Point",
        "coordinates": [
          13.154332243554895,
          52.5293092310903
        ]
      }
    },
    {
      "type": "Feature",
      "properties": {
        "name": "Scharfe Lanke",
        "info": "Wochenendsiedlung  Bocksfelde  angrenzend",
        "category": "Grünanlage"
      },
      "geometry": {
        "type": "Point",
        "coordinates": [
          13.18941620356479,
          52.5110973451971
        ]
      }
    },
    {
      "type": "Feature",
      "properties": {
        "name": "Burgwallgraben-Promenade",
        "info": "Krowelstr. bis Schulenburgbrücke",
        "category": "Grünanlage"
      },
      "geometry": {
        "type": "Point",
        "coordinates": [
          13.20385052136925,
          52.52419340009332
        ]
      }
    },
    {
      "type": "Feature",
      "properties": {
        "name": "Potsdamer Chaussee-Grünstreifen vor Zaun",
        "info": "zw Radweg und LsFriedhof Gatow-Zaun",
        "category": "Grünanlage"
      },
      "geometry": {
        "type": "Point",
        "coordinates": [
          13.151386883184163,
          52.496167402213004
        ]
      }
    },
    {
      "type": "Feature",
      "properties": {
        "name": "Niederheideweg-Waldweg Zaun Baumschule",
        "info": "Weg östl. angrenzend Baumschule",
        "category": "Grünanlage"
      },
      "geometry": {
        "type": "Point",
        "coordinates": [
          13.170847398966856,
          52.56550753265249
        ]
      }
    },
    {
      "type": "Feature",
      "properties": {
        "name": "Baumschule-Rahmengrün",
        "info": "innerhalb und angrenzend der KGA",
        "category": "Grünanlage"
      },
      "geometry": {
        "type": "Point",
        "coordinates": [
          13.166483679109726,
          52.56465932007858
        ]
      }
    },
    {
      "type": "Feature",
      "properties": {
        "name": "Siemens Technopark",
        "info": "Wohlrabedamm Siemensstichkanal",
        "category": "Grünanlage"
      },
      "geometry": {
        "type": "Point",
        "coordinates": [
          13.271583267704813,
          52.53111152324047
        ]
      }
    },
    {
      "type": "Feature",
      "properties": {
        "name": "Bötzowbahntrasse I parallel-östl.",
        "info": "KGA Radeland von Forst bis Radelandstr.",
        "category": "Grünanlage"
      },
      "geometry": {
        "type": "Point",
        "coordinates": [
          13.172394872544903,
          52.56170676262376
        ]
      }
    },
    {
      "type": "Feature",
      "properties": {
        "name": "Bötzowbahntrasse IV parallel-östl.",
        "info": "zw. Falkenseer Chaussee bis Spekteweg",
        "category": "Grünanlage"
      },
      "geometry": {
        "type": "Point",
        "coordinates": [
          13.169468355511166,
          52.54630074557065
        ]
      }
    },
    {
      "type": "Feature",
      "properties": {
        "name": "Bullengrabengrünzug III",
        "info": "Egelpfuhlstr bis Magistratsweg",
        "category": "Grünanlage"
      },
      "geometry": {
        "type": "Point",
        "coordinates": [
          13.167500086061803,
          52.5310532278406
        ]
      }
    },
    {
      "type": "Feature",
      "properties": {
        "name": "Schifffahrtsufer",
        "info": "Ziegelhof bis Burgwallgraben",
        "category": "Grünanlage"
      },
      "geometry": {
        "type": "Point",
        "coordinates": [
          13.200878666113624,
          52.52739427541372
        ]
      }
    },
    {
      "type": "Feature",
      "properties": {
        "name": "Fort Hahneberg-FFH-Gebiet",
        "info": "Baudenkmal und Natura 2000",
        "category": "Grünanlage"
      },
      "geometry": {
        "type": "Point",
        "coordinates": [
          13.13854895638644,
          52.52175068781185
        ]
      }
    },
    {
      "type": "Feature",
      "properties": {
        "name": "Spektegrünzug C-Teil 2 Spektelake",
        "info": "ab Str Am Kiesteich bis Falkenseer Chaussee",
        "category": "Grünanlage"
      },
      "geometry": {
        "type": "Point",
        "coordinates": [
          13.151993348024138,
          52.54633486731393
        ]
      }
    },
    {
      "type": "Feature",
      "properties": {
        "name": "Spektegrünzug D-südl Teil",
        "info": "z. Teil ehem. KGA Grenzstein",
        "category": "Grünanlage"
      },
      "geometry": {
        "type": "Point",
        "coordinates": [
          13.1490711865321,
          52.55867766064591
        ]
      }
    },
    {
      "type": "Feature",
      "properties": {
        "name": "Groß-Glienicker See-GA sog Halbinsel",
        "info": "Zugang Badestelle",
        "category": "Grünanlage"
      },
      "geometry": {
        "type": "Point",
        "coordinates": [
          13.115255549565946,
          52.4658503353713
        ]
      }
    },
    {
      "type": "Feature",
      "properties": {
        "name": "Wilhelm-von-Siemens-Park, extensiv",
        "info": "",
        "category": "Grünanlage"
      },
      "geometry": {
        "type": "Point",
        "coordinates": [
          13.267792637902218,
          52.543097593236475
        ]
      }
    },
    {
      "type": "Feature",
      "properties": {
        "name": "Südpark II-intensiv",
        "info": "HGP-Pilotflächen",
        "category": "Grünanlage"
      },
      "geometry": {
        "type": "Point",
        "coordinates": [
          13.193393091075698,
          52.51645399634284
        ]
      }
    },
    {
      "type": "Feature",
      "properties": {
        "name": "Alter Bln-Spandauer Schifffahrtskanal",
        "info": "Gartenfeld",
        "category": "Grünanlage"
      },
      "geometry": {
        "type": "Point",
        "coordinates": [
          13.237725964861413,
          52.55179411217315
        ]
      }
    },
    {
      "type": "Feature",
      "properties": {
        "name": "Ufergrünzug West-Wasserstadt",
        "info": "Zum alten Strandbad",
        "category": "Grünanlage"
      },
      "geometry": {
        "type": "Point",
        "coordinates": [
          13.215646335429804,
          52.55313802110035
        ]
      }
    },
    {
      "type": "Feature",
      "properties": {
        "name": "Waldschluchtpfad Grünfläche",
        "info": "",
        "category": "Grünanlage"
      },
      "geometry": {
        "type": "Point",
        "coordinates": [
          13.174205991285206,
          52.469238424322135
        ]
      }
    },
    {
      "type": "Feature",
      "properties": {
        "name": "Maselakekanalsteg-Grünzug",
        "info": "Nordufer Maselakekanal",
        "category": "Grünanlage"
      },
      "geometry": {
        "type": "Point",
        "coordinates": [
          13.214712145600727,
          52.5628617507967
        ]
      }
    },
    {
      "type": "Feature",
      "properties": {
        "name": "Gutsstraße-ehem Gutspark Groß-Glienicke",
        "info": "Zugang Groß-Glienicker-See",
        "category": "Grünanlage"
      },
      "geometry": {
        "type": "Point",
        "coordinates": [
          13.117613128938546,
          52.47443625552578
        ]
      }
    },
    {
      "type": "Feature",
      "properties": {
        "name": "Imchenallee Biotop am Gutspark Neukladow",
        "info": "Havelpromenade Süd ggü. Haus-Nr. 2",
        "category": "Grünanlage"
      },
      "geometry": {
        "type": "Point",
        "coordinates": [
          13.15565524914203,
          52.455057848423344
        ]
      }
    },
    {
      "type": "Feature",
      "properties": {
        "name": "Eiswerderpark-Wasserstadt",
        "info": "Quartier Eiswerder",
        "category": "Grünanlage"
      },
      "geometry": {
        "type": "Point",
        "coordinates": [
          13.220481265630589,
          52.549477122421536
        ]
      }
    },
    {
      "type": "Feature",
      "properties": {
        "name": "Ufergrünzug Salzhof-Bereich Waterkant",
        "info": "zw Kleine Eiswerder- und Pohleseestraße",
        "category": "Grünanlage"
      },
      "geometry": {
        "type": "Point",
        "coordinates": [
          13.223733315416165,
          52.5523307612377
        ]
      }
    },
    {
      "type": "Feature",
      "properties": {
        "name": "Maselakepark Havelwiesen",
        "info": "",
        "category": "Grünanlage"
      },
      "geometry": {
        "type": "Point",
        "coordinates": [
          13.215542912804425,
          52.55510148208025
        ]
      }
    },
    {
      "type": "Feature",
      "properties": {
        "name": "Hohenlohe-Grünanlage am Wohnpark",
        "info": "Wohnpark Hohenlohe",
        "category": "Grünanlage"
      },
      "geometry": {
        "type": "Point",
        "coordinates": [
          13.128630461580842,
          52.55135184900748
        ]
      }
    },
    {
      "type": "Feature",
      "properties": {
        "name": "Am Zeppelin Gewerbepark",
        "info": "Werkstraße sog Grüner Korridor",
        "category": "Grünanlage"
      },
      "geometry": {
        "type": "Point",
        "coordinates": [
          13.12374380501141,
          52.53222358371235
        ]
      }
    },
    {
      "type": "Feature",
      "properties": {
        "name": "Haveleckpark-Grünanlage",
        "info": "zw Glindowseestr-Plauer-See-Str",
        "category": "Grünanlage"
      },
      "geometry": {
        "type": "Point",
        "coordinates": [
          13.227881191249757,
          52.5564845142658
        ]
      }
    },
    {
      "type": "Feature",
      "properties": {
        "name": "Am Havelgarten",
        "info": "Bereich KGA Salzhof",
        "category": "Grünanlage"
      },
      "geometry": {
        "type": "Point",
        "coordinates": [
          13.230934463985696,
          52.555985342299266
        ]
      }
    },
    {
      "type": "Feature",
      "properties": {
        "name": "Landhausgarten Dr. Max Fraenkel",
        "info": "",
        "category": "Grünanlage"
      },
      "geometry": {
        "type": "Point",
        "coordinates": [
          13.131213372780818,
          52.444595854612515
        ]
      }
    },
    {
      "type": "Feature",
      "properties": {
        "name": "Nennhauser Damm 157 bis Heerstr",
        "info": "Am Zeppelinpark",
        "category": "Grünanlage"
      },
      "geometry": {
        "type": "Point",
        "coordinates": [
          13.128258191235636,
          52.52827107854228
        ]
      }
    },
    {
      "type": "Feature",
      "properties": {
        "name": "Rohrbruchwiesen-GA um Rohrbruchteich",
        "info": "zw KGA-Rohrbruchweisen I+II",
        "category": "Grünanlage"
      },
      "geometry": {
        "type": "Point",
        "coordinates": [
          13.23309119679389,
          52.55250908355674
        ]
      }
    },
    {
      "type": "Feature",
      "properties": {
        "name": "Eiswerderstraße bis  An der Wasserstadt",
        "info": "nord-westl. der Eiswerderbrücke",
        "category": "Grünanlage"
      },
      "geometry": {
        "type": "Point",
        "coordinates": [
          13.212889681779531,
          52.5480966811365
        ]
      }
    },
    {
      "type": "Feature",
      "properties": {
        "name": "Wäldchen am Rohrdamm",
        "info": "Str am Schaltwerk-Janischweg",
        "category": "Grünanlage"
      },
      "geometry": {
        "type": "Point",
        "coordinates": [
          13.25762128282691,
          52.54312802574266
        ]
      }
    },
    {
      "type": "Feature",
      "properties": {
        "name": "Imchenplatz",
        "info": "",
        "category": "Grünanlage"
      },
      "geometry": {
        "type": "Point",
        "coordinates": [
          13.149850986213412,
          52.45245063888266
        ]
      }
    },
    {
      "type": "Feature",
      "properties": {
        "name": "Asnièrestraße-Am Wasserbogen",
        "info": "Bereich Wasserstadtbrücke",
        "category": "Grünanlage"
      },
      "geometry": {
        "type": "Point",
        "coordinates": [
          13.222454128380775,
          52.560159504188434
        ]
      }
    },
    {
      "type": "Feature",
      "properties": {
        "name": "Verlängerte Uferpromenade-Straße 133",
        "info": "",
        "category": "Grünanlage"
      },
      "geometry": {
        "type": "Point",
        "coordinates": [
          13.11653645803245,
          52.455026785577935
        ]
      }
    },
    {
      "type": "Feature",
      "properties": {
        "name": "Aalemannufer-Am Teufelsbruch-Grünfläche",
        "info": "Wasserstadt II",
        "category": "Grünanlage"
      },
      "geometry": {
        "type": "Point",
        "coordinates": [
          13.212523075464343,
          52.57440452934901
        ]
      }
    },
    {
      "type": "Feature",
      "properties": {
        "name": "Radelandstraße 202-204",
        "info": "ehem Standort Asylantenunterkunft",
        "category": "Grünanlage"
      },
      "geometry": {
        "type": "Point",
        "coordinates": [
          13.16149354749211,
          52.56450340634822
        ]
      }
    },
    {
      "type": "Feature",
      "properties": {
        "name": "Maximilian-Kolbe Straße bis Triftweg-Grünfläche",
        "info": "südl parallel Graben J",
        "category": "Grünanlage"
      },
      "geometry": {
        "type": "Point",
        "coordinates": [
          13.160127129750736,
          52.49575057671084
        ]
      }
    },
    {
      "type": "Feature",
      "properties": {
        "name": "Sparnecker Weg-Grünverbindung",
        "info": "ehem  Am Kohleweg",
        "category": "Grünanlage"
      },
      "geometry": {
        "type": "Point",
        "coordinates": [
          13.142725125110763,
          52.462815207183354
        ]
      }
    },
    {
      "type": "Feature",
      "properties": {
        "name": "Straße 269 Ecke Triftweg-Grünfläche",
        "info": "",
        "category": "Grünanlage"
      },
      "geometry": {
        "type": "Point",
        "coordinates": [
          13.168200003487907,
          52.488799487434974
        ]
      }
    },
    {
      "type": "Feature",
      "properties": {
        "name": "Niederheideweg- Waldweg hinter Pferdekoppel",
        "info": "nördlich KGA Waldessaum und Waldfrieden",
        "category": "Grünanlage"
      },
      "geometry": {
        "type": "Point",
        "coordinates": [
          13.160225295401522,
          52.567707910372796
        ]
      }
    },
    {
      "type": "Feature",
      "properties": {
        "name": "Eiskeller-Silbergraswiese",
        "info": "",
        "category": "Grünanlage"
      },
      "geometry": {
        "type": "Point",
        "coordinates": [
          13.13339865522438,
          52.58570400901907
        ]
      }
    },
    {
      "type": "Feature",
      "properties": {
        "name": "Am Flugplatz Gatow-Anger",
        "info": "zw Joseph-Landefeld-Str und Am Flugplatz Gato",
        "category": "Grünanlage"
      },
      "geometry": {
        "type": "Point",
        "coordinates": [
          13.131445340704225,
          52.47330195036668
        ]
      }
    },
    {
      "type": "Feature",
      "properties": {
        "name": "Am Kiesteich-Grünstreifen",
        "info": "",
        "category": "Grünanlage"
      },
      "geometry": {
        "type": "Point",
        "coordinates": [
          13.162022871167862,
          52.547430197921734
        ]
      }
    },
    {
      "type": "Feature",
      "properties": {
        "name": "Bötzowbahntrasse II parallel-östl. vor Friedhof",
        "info": "Radelandstr bis Pionierstr.",
        "category": "Grünanlage"
      },
      "geometry": {
        "type": "Point",
        "coordinates": [
          13.171792487598326,
          52.55805303723158
        ]
      }
    },
    {
      "type": "Feature",
      "properties": {
        "name": "Kurpromenade-Durchgänge",
        "info": "",
        "category": "Grünanlage"
      },
      "geometry": {
        "type": "Point",
        "coordinates": [
          13.117996075067413,
          52.46562822766416
        ]
      }
    },
    {
      "type": "Feature",
      "properties": {
        "name": "Grützmachergraben-Adickesstraße",
        "info": "um die KGA-Haselbusch",
        "category": "Grünanlage"
      },
      "geometry": {
        "type": "Point",
        "coordinates": [
          13.233514083433308,
          52.54819391791193
        ]
      }
    },
    {
      "type": "Feature",
      "properties": {
        "name": "Krienickepark-Spandauer See",
        "info": "Telegrafenweg",
        "category": "Grünanlage"
      },
      "geometry": {
        "type": "Point",
        "coordinates": [
          13.222128050869133,
          52.543816607986216
        ]
      }
    },
    {
      "type": "Feature",
      "properties": {
        "name": "Fuchsbergeweg-Grünzug",
        "info": "westl und östl Selbitzer Str",
        "category": "Grünanlage"
      },
      "geometry": {
        "type": "Point",
        "coordinates": [
          13.121035866382869,
          52.45805594374267
        ]
      }
    },
    {
      "type": "Feature",
      "properties": {
        "name": "Bötzowbahntrasse V parallel-westl.",
        "info": "KGA  An der Bötzowbahn",
        "category": "Grünanlage"
      },
      "geometry": {
        "type": "Point",
        "coordinates": [
          13.170067135670262,
          52.552848401006756
        ]
      }
    },
    {
      "type": "Feature",
      "properties": {
        "name": "Verlängerte Uferpromenade I",
        "info": "Groß-Glienicker See-ehem. Campingplatz",
        "category": "Grünanlage"
      },
      "geometry": {
        "type": "Point",
        "coordinates": [
          13.113724329337394,
          52.45568949841915
        ]
      }
    },
    {
      "type": "Feature",
      "properties": {
        "name": "Tiefwerder Wiesen-Toter Mantel",
        "info": "",
        "category": "Grünanlage"
      },
      "geometry": {
        "type": "Point",
        "coordinates": [
          13.208005015149658,
          52.51510854822089
        ]
      }
    },
    {
      "type": "Feature",
      "properties": {
        "name": "Egelpfuhlgraben-Grünzug",
        "info": "Bullengraben-Grünzug bis Lutoner Str",
        "category": "Grünanlage"
      },
      "geometry": {
        "type": "Point",
        "coordinates": [
          13.165861399047099,
          52.529517891227876
        ]
      }
    },
    {
      "type": "Feature",
      "properties": {
        "name": "Gustav-Haestskau-Straße-Havelblick",
        "info": "Grünanlage am KS",
        "category": "Grünanlage"
      },
      "geometry": {
        "type": "Point",
        "coordinates": [
          13.176918402675298,
          52.4921761826505
        ]
      }
    },
    {
      "type": "Feature",
      "properties": {
        "name": "Anschützweg-Mareyzeile",
        "info": "",
        "category": "Grünanlage"
      },
      "geometry": {
        "type": "Point",
        "coordinates": [
          13.161229546034017,
          52.51698660242166
        ]
      }
    },
    {
      "type": "Feature",
      "properties": {
        "name": "Altstadt-Remisenplatz",
        "info": "Alte Stadtmauer",
        "category": "Grünanlage"
      },
      "geometry": {
        "type": "Point",
        "coordinates": [
          13.201249251266248,
          52.53700162394541
        ]
      }
    },
    {
      "type": "Feature",
      "properties": {
        "name": "GA-Herman-Schmidt-Weg",
        "info": "an der Siegerland-GS-Westerwaldstraße",
        "category": "Grünanlage"
      },
      "geometry": {
        "type": "Point",
        "coordinates": [
          13.175740169152112,
          52.55154327167347
        ]
      }
    },
    {
      "type": "Feature",
      "properties": {
        "name": "Nennhauser Damm",
        "info": "Brücke süd-westl. Böschungsbereich",
        "category": "Grünanlage"
      },
      "geometry": {
        "type": "Point",
        "coordinates": [
          13.141711193526833,
          52.536122448891966
        ]
      }
    },
    {
      "type": "Feature",
      "properties": {
        "name": "Am Fort",
        "info": "",
        "category": "Grünanlage"
      },
      "geometry": {
        "type": "Point",
        "coordinates": [
          13.133633755540064,
          52.52500140344952
        ]
      }
    },
    {
      "type": "Feature",
      "properties": {
        "name": "Ruhlebener Straße-Elsgrabenweg",
        "info": "angrenzend S-Bahn-Böschung",
        "category": "Grünanlage"
      },
      "geometry": {
        "type": "Point",
        "coordinates": [
          13.221446497794899,
          52.52540495303178
        ]
      }
    },
    {
      "type": "Feature",
      "properties": {
        "name": "Imchenallee ab Haus-Nr. 48 bis Masolleweg",
        "info": "Havelufer Süd",
        "category": "Grünanlage"
      },
      "geometry": {
        "type": "Point",
        "coordinates": [
          13.144945112871191,
          52.44770676803972
        ]
      }
    },
    {
      "type": "Feature",
      "properties": {
        "name": "Alt-Gatow-Grünanlage Pfarrer-Jurytko-Steig",
        "info": "Barfußpfad",
        "category": "Grünanlage"
      },
      "geometry": {
        "type": "Point",
        "coordinates": [
          13.182580726349881,
          52.48400961865091
        ]
      }
    },
    {
      "type": "Feature",
      "properties": {
        "name": "Imchenallee ab Masolleweg bis Gößweinsteiner Gang",
        "info": "Havelufer Süd- Quastenhorn",
        "category": "Grünanlage"
      },
      "geometry": {
        "type": "Point",
        "coordinates": [
          13.140492618673592,
          52.44658996249649
        ]
      }
    },
    {
      "type": "Feature",
      "properties": {
        "name": "Eichelmaten-GA mit Litta-von-Stauffenberg-Weg",
        "info": "Verbindungsweg zw Eichelmatenweg u Kladower Damm",
        "category": "Grünanlage"
      },
      "geometry": {
        "type": "Point",
        "coordinates": [
          13.14473115200494,
          52.45587994770431
        ]
      }
    },
    {
      "type": "Feature",
      "properties": {
        "name": "Pfarrer-Theile-Straße bis Richard-Münch-Straße",
        "info": "westl. angrenzend Staakener Felder",
        "category": "Grünanlage"
      },
      "geometry": {
        "type": "Point",
        "coordinates": [
          13.148294083191397,
          52.52521067630898
        ]
      }
    },
    {
      "type": "Feature",
      "properties": {
        "name": "Mühlenviertel",
        "info": "Brunsbüttler Damm, nördl. Bereich",
        "category": "Grünanlage"
      },
      "geometry": {
        "type": "Point",
        "coordinates": [
          13.141385304796705,
          52.533332643822
        ]
      }
    },
    {
      "type": "Feature",
      "properties": {
        "name": "Neukladower Allee-Grünstreifen",
        "info": "zum Eingang Gutspark Neukladow",
        "category": "Grünanlage"
      },
      "geometry": {
        "type": "Point",
        "coordinates": [
          13.155397002700884,
          52.45941587320922
        ]
      }
    },
    {
      "type": "Feature",
      "properties": {
        "name": "Hohenzollernpark",
        "info": "Streitstraße Ecke Am Maselakepark",
        "category": "Grünanlage"
      },
      "geometry": {
        "type": "Point",
        "coordinates": [
          13.208275139225192,
          52.555118953227954
        ]
      }
    },
    {
      "type": "Feature",
      "properties": {
        "name": "Buchwaldzeile 1-3",
        "info": "",
        "category": "Grünanlage"
      },
      "geometry": {
        "type": "Point",
        "coordinates": [
          13.17936973048965,
          52.48947219905793
        ]
      }
    },
    {
      "type": "Feature",
      "properties": {
        "name": "Havelwiesen",
        "info": "Wasserstadt",
        "category": "Grünanlage"
      },
      "geometry": {
        "type": "Point",
        "coordinates": [
          13.216281909146652,
          52.55789559493086
        ]
      }
    },
    {
      "type": "Feature",
      "properties": {
        "name": "Lindenufer-Behnitz-Schleuse Spandau",
        "info": "abJuliusturmbrücke bis Möllentordamm",
        "category": "Grünanlage"
      },
      "geometry": {
        "type": "Point",
        "coordinates": [
          13.208944994471816,
          52.53897353242028
        ]
      }
    },
    {
      "type": "Feature",
      "properties": {
        "name": "Staakener Feldstraße-Wendebereich",
        "info": "ehem. Straßenland",
        "category": "Grünanlage"
      },
      "geometry": {
        "type": "Point",
        "coordinates": [
          13.138778688445102,
          52.53464285461226
        ]
      }
    },
    {
      "type": "Feature",
      "properties": {
        "name": "Aalemannufer bis Rustweg-Grünflächenverbindung",
        "info": "Wasserstadt II",
        "category": "Grünanlage"
      },
      "geometry": {
        "type": "Point",
        "coordinates": [
          13.216999718123724,
          52.57423495798309
        ]
      }
    },
    {
      "type": "Feature",
      "properties": {
        "name": "Spektegrünzug D-nördl Teil",
        "info": "parallel zw Stadtgrenze und ehem Nervenklinik",
        "category": "Grünanlage"
      },
      "geometry": {
        "type": "Point",
        "coordinates": [
          13.149478232146755,
          52.56625204387274
        ]
      }
    },
    {
      "type": "Feature",
      "properties": {
        "name": "Südpark I-extensiv",
        "info": "",
        "category": "Grünanlage"
      },
      "geometry": {
        "type": "Point",
        "coordinates": [
          13.195227396071767,
          52.51504147392421
        ]
      }
    },
    {
      "type": "Feature",
      "properties": {
        "name": "Spektegrünzug C-Teil 1 Großer Spektesee",
        "info": "Bötzowbahn bis Straße Am Kiesteich",
        "category": "Grünanlage"
      },
      "geometry": {
        "type": "Point",
        "coordinates": [
          13.165751570492446,
          52.546736992786144
        ]
      }
    },
    {
      "type": "Feature",
      "properties": {
        "name": "Havelufer-Große Badewiese Gatow",
        "info": "Karlsbergallee",
        "category": "Grünanlage"
      },
      "geometry": {
        "type": "Point",
        "coordinates": [
          13.182552535145408,
          52.471406892882484
        ]
      }
    },
    {
      "type": "Feature",
      "properties": {
        "name": "Hüllenpfuhl-Kirchbergenden",
        "info": "angrenzend östl Gatower Seperationsgraben",
        "category": "Grünanlage"
      },
      "geometry": {
        "type": "Point",
        "coordinates": [
          13.172994319038137,
          52.487336175687496
        ]
      }
    },
    {
      "type": "Feature",
      "properties": {
        "name": "Dr. Kleusberg-Promenade I",
        "info": "ab Straße Scharfe Lanke nach Süden",
        "category": "Grünanlage"
      },
      "geometry": {
        "type": "Point",
        "coordinates": [
          13.183604177757168,
          52.49973260992309
        ]
      }
    },
    {
      "type": "Feature",
      "properties": {
        "name": "Glühwürmchengrund und Immenweide-Naturdenkmal",
        "info": "Fläachmoor",
        "category": "Grünanlage"
      },
      "geometry": {
        "type": "Point",
        "coordinates": [
          13.219522736399853,
          52.56776504897407
        ]
      }
    },
    {
      "type": "Feature",
      "properties": {
        "name": "Hohenzollernring-Grüngürtel 1",
        "info": "Fehrbelliner Tor bis Falkenhagener Tor",
        "category": "Grünanlage"
      },
      "geometry": {
        "type": "Point",
        "coordinates": [
          13.197086202238376,
          52.55441425757213
        ]
      }
    },
    {
      "type": "Feature",
      "properties": {
        "name": "Schönwalder Allee-Eichenwäldchen",
        "info": "",
        "category": "Grünanlage"
      },
      "geometry": {
        "type": "Point",
        "coordinates": [
          13.198553667734668,
          52.5576727151722
        ]
      }
    },
    {
      "type": "Feature",
      "properties": {
        "name": "Haveldüne",
        "info": "",
        "category": "Grünanlage"
      },
      "geometry": {
        "type": "Point",
        "coordinates": [
          13.187571493596662,
          52.50418745841903
        ]
      }
    },
    {
      "type": "Feature",
      "properties": {
        "name": "Pionierstraße-Grünstreifen vor Friedhof",
        "info": "Kisselnallee bis Bötzowbahn",
        "category": "Grünanlage"
      },
      "geometry": {
        "type": "Point",
        "coordinates": [
          13.175054290983924,
          52.55437001379841
        ]
      }
    },
    {
      "type": "Feature",
      "properties": {
        "name": "Spektegrünzug A",
        "info": "Hohenzollernring bis Zeppelinstraße",
        "category": "Grünanlage"
      },
      "geometry": {
        "type": "Point",
        "coordinates": [
          13.189433858827792,
          52.541113218368984
        ]
      }
    },
    {
      "type": "Feature",
      "properties": {
        "name": "Werderstraße GA",
        "info": "nördl. angrenzend Sportplatz Werderstraße",
        "category": "Grünanlage"
      },
      "geometry": {
        "type": "Point",
        "coordinates": [
          13.214916533569385,
          52.56661890350757
        ]
      }
    },
    {
      "type": "Feature",
      "properties": {
        "name": "Hügelschanze-II",
        "info": "ab Falkenhagener Str-Fehrbelliner Str",
        "category": "Grünanlage"
      },
      "geometry": {
        "type": "Point",
        "coordinates": [
          13.196562962670548,
          52.54802703466113
        ]
      }
    },
    {
      "type": "Feature",
      "properties": {
        "name": "Niederheideweg- Grünanlage",
        "info": "Wiesenbereich",
        "category": "Grünanlage"
      },
      "geometry": {
        "type": "Point",
        "coordinates": [
          13.16651228283376,
          52.56657652803084
        ]
      }
    },
    {
      "type": "Feature",
      "properties": {
        "name": "Stadtbad Spandau Nord Radelandstraße",
        "info": "",
        "category": "Grünanlage"
      },
      "geometry": {
        "type": "Point",
        "coordinates": [
          13.194694894732827,
          52.55502748557389
        ]
      }
    },
    {
      "type": "Feature",
      "properties": {
        "name": "Niederneuendorfer Allee- Buskehre",
        "info": "ggü Schützenhof",
        "category": "Grünanlage"
      },
      "geometry": {
        "type": "Point",
        "coordinates": [
          13.209506031933012,
          52.567154300273714
        ]
      }
    },
    {
      "type": "Feature",
      "properties": {
        "name": "Am Forstacker sog U-Bahn-Trasse",
        "info": "zw Hakenfelder Str und Cautiusstr.",
        "category": "Grünanlage"
      },
      "geometry": {
        "type": "Point",
        "coordinates": [
          13.202995583071644,
          52.56428593974488
        ]
      }
    },
    {
      "type": "Feature",
      "properties": {
        "name": "Wichernstr westl vor Ev Johannesstift ggü Pappelweg",
        "info": "zw Ev Johannesstift u Carl-Schurz-GS",
        "category": "Grünanlage"
      },
      "geometry": {
        "type": "Point",
        "coordinates": [
          13.20127843444327,
          52.56907804550623
        ]
      }
    },
    {
      "type": "Feature",
      "properties": {
        "name": "Roonstraße parallel Falkenseer Damm-",
        "info": "Bereich Freiherr vom Stein-Gymnasium",
        "category": "Grünanlage"
      },
      "geometry": {
        "type": "Point",
        "coordinates": [
          13.199501922149352,
          52.54195288251092
        ]
      }
    },
    {
      "type": "Feature",
      "properties": {
        "name": "Germersheimer Weg",
        "info": "zw. nördl. Häuserguppe",
        "category": "Grünanlage"
      },
      "geometry": {
        "type": "Point",
        "coordinates": [
          13.18746673717003,
          52.545770748768334
        ]
      }
    },
    {
      "type": "Feature",
      "properties": {
        "name": "Schützenstraße",
        "info": "",
        "category": "Grünanlage"
      },
      "geometry": {
        "type": "Point",
        "coordinates": [
          13.211245059748387,
          52.55031148004768
        ]
      }
    },
    {
      "type": "Feature",
      "properties": {
        "name": "Wröhmännerpark I u II",
        "info": "Hafenplatz histor. Bezeichnung",
        "category": "Grünanlage"
      },
      "geometry": {
        "type": "Point",
        "coordinates": [
          13.20739039156851,
          52.542616272003116
        ]
      }
    },
    {
      "type": "Feature",
      "properties": {
        "name": "Gutspark Neukladow-GA",
        "info": "Villa Luise",
        "category": "Grünanlage"
      },
      "geometry": {
        "type": "Point",
        "coordinates": [
          13.158764283311909,
          52.45772621398094
        ]
      }
    },
    {
      "type": "Feature",
      "properties": {
        "name": "Münsinger Park",
        "info": "ggü Rathaus Spandau angrenzend Amtsgericht",
        "category": "Grünanlage"
      },
      "geometry": {
        "type": "Point",
        "coordinates": [
          13.197729653990777,
          52.53645946625953
        ]
      }
    },
    {
      "type": "Feature",
      "properties": {
        "name": "Grünanlage sog Wernereck",
        "info": "zw Falkenseer Damm-Askanierring",
        "category": "Grünanlage"
      },
      "geometry": {
        "type": "Point",
        "coordinates": [
          13.195808447599426,
          52.54406724878192
        ]
      }
    },
    {
      "type": "Feature",
      "properties": {
        "name": "Hoher Steinweg",
        "info": "Kolk",
        "category": "Grünanlage"
      },
      "geometry": {
        "type": "Point",
        "coordinates": [
          13.206689517608947,
          52.539508526548
        ]
      }
    },
    {
      "type": "Feature",
      "properties": {
        "name": "Heidetor",
        "info": "am Falkenseer Platz",
        "category": "Grünanlage"
      },
      "geometry": {
        "type": "Point",
        "coordinates": [
          13.205243726084804,
          52.54060556344825
        ]
      }
    },
    {
      "type": "Feature",
      "properties": {
        "name": "Hügelschanze-I",
        "info": "Dreieck  Askanierring-Falkenhagener Str.",
        "category": "Grünanlage"
      },
      "geometry": {
        "type": "Point",
        "coordinates": [
          13.194137528961761,
          52.54841913329028
        ]
      }
    },
    {
      "type": "Feature",
      "properties": {
        "name": "Uferpark Stabholzgarten-Batardeau am Mühlengraben",
        "info": "Altstadt Spandau-Festungswerk",
        "category": "Grünanlage"
      },
      "geometry": {
        "type": "Point",
        "coordinates": [
          13.20247617469485,
          52.534268460090814
        ]
      }
    },
    {
      "type": "Feature",
      "properties": {
        "name": "Pionierstraße-Falkenseer Chaussee",
        "info": "Wasserwerk",
        "category": "Grünanlage"
      },
      "geometry": {
        "type": "Point",
        "coordinates": [
          13.1637153141276,
          52.552673437037654
        ]
      }
    },
    {
      "type": "Feature",
      "properties": {
        "name": "Germersheimer Platz",
        "info": "",
        "category": "Grünanlage"
      },
      "geometry": {
        "type": "Point",
        "coordinates": [
          13.187203982637476,
          52.54453332259284
        ]
      }
    },
    {
      "type": "Feature",
      "properties": {
        "name": "Polizeischule-Grünfläche",
        "info": "Pionierstraße",
        "category": "Grünanlage"
      },
      "geometry": {
        "type": "Point",
        "coordinates": [
          13.188804999391932,
          52.550822392029225
        ]
      }
    },
    {
      "type": "Feature",
      "properties": {
        "name": "Spektegrünzug B",
        "info": "Zeppelinstraße bis Bötzowbahn",
        "category": "Grünanlage"
      },
      "geometry": {
        "type": "Point",
        "coordinates": [
          13.172319845558441,
          52.54334225497225
        ]
      }
    },
    {
      "type": "Feature",
      "properties": {
        "name": "Aalemann1-ab Fährweg bis Aalemannkanalbrücke",
        "info": "Havelpromenade Nord",
        "category": "Grünanlage"
      },
      "geometry": {
        "type": "Point",
        "coordinates": [
          13.219709000341545,
          52.5725880672915
        ]
      }
    },
    {
      "type": "Feature",
      "properties": {
        "name": "Staaken West-Freizeit und Erholungszentrum",
        "info": "Am Zeppelinpark",
        "category": "Grünanlage"
      },
      "geometry": {
        "type": "Point",
        "coordinates": [
          13.134436677141847,
          52.535954150385976
        ]
      }
    },
    {
      "type": "Feature",
      "properties": {
        "name": "Paulsternstr. 34",
        "info": "Am Feuerwehrstützpunkt",
        "category": "Grünanlage"
      },
      "geometry": {
        "type": "Point",
        "coordinates": [
          13.248019093614975,
          52.54417201227256
        ]
      }
    },
    {
      "type": "Feature",
      "properties": {
        "name": "Stresowpark",
        "info": "Obermeierweg",
        "category": "Grünanlage"
      },
      "geometry": {
        "type": "Point",
        "coordinates": [
          13.207403661287183,
          52.53493438501706
        ]
      }
    },
    {
      "type": "Feature",
      "properties": {
        "name": "Rohrbruchwiesen-Ersatzhabitat Girlitz",
        "info": "ehem Lagerplatz -Rev1",
        "category": "Grünanlage"
      },
      "geometry": {
        "type": "Point",
        "coordinates": [
          13.231937503789363,
          52.55775456994675
        ]
      }
    },
    {
      "type": "Feature",
      "properties": {
        "name": "Koeltzepark",
        "info": "",
        "category": "Grünanlage"
      },
      "geometry": {
        "type": "Point",
        "coordinates": [
          13.205537398464678,
          52.5460437381136
        ]
      }
    },
    {
      "type": "Feature",
      "properties": {
        "name": "Altstadt-Lindenufer",
        "info": "zw Juliusturm- und Charlottenbrücke",
        "category": "Grünanlage"
      },
      "geometry": {
        "type": "Point",
        "coordinates": [
          13.203748078132064,
          52.534416597549026
        ]
      }
    },
    {
      "type": "Feature",
      "properties": {
        "name": "Waldpark Hakenfelde",
        "info": "mit Blindenrundwanderweg",
        "category": "Grünanlage"
      },
      "geometry": {
        "type": "Point",
        "coordinates": [
          13.205806204024642,
          52.56601154817243
        ]
      }
    },
    {
      "type": "Feature",
      "properties": {
        "name": "Wansdorfer Platz",
        "info": "",
        "category": "Grünanlage"
      },
      "geometry": {
        "type": "Point",
        "coordinates": [
          13.205425775613017,
          52.55800543935221
        ]
      }
    },
    {
      "type": "Feature",
      "properties": {
        "name": "Spandauer Havelpromenade-Waterkant",
        "info": "zw Spandauer-See-Brücke und Wasserstadtbrücke",
        "category": "Grünanlage"
      },
      "geometry": {
        "type": "Point",
        "coordinates": [
          13.22494872838852,
          52.55829864140473
        ]
      }
    },
    {
      "type": "Feature",
      "properties": {
        "name": "Romy-Schneider-Str.",
        "info": "östl. Abzugsgraben",
        "category": "Grünanlage"
      },
      "geometry": {
        "type": "Point",
        "coordinates": [
          13.225387560717207,
          52.54537045858325
        ]
      }
    },
    {
      "type": "Feature",
      "properties": {
        "name": "Boca-Raton-Grünanlage",
        "info": "Ecke Asnièrestraße am Maselakekanalsteg",
        "category": "Grünanlage"
      },
      "geometry": {
        "type": "Point",
        "coordinates": [
          13.220559571475892,
          52.56122804824588
        ]
      }
    },
    {
      "type": "Feature",
      "properties": {
        "name": "Aalemann3-ab Oberhavelsteg",
        "info": "Teufelssseekanal-Havelpromenade Nord",
        "category": "Grünanlage"
      },
      "geometry": {
        "type": "Point",
        "coordinates": [
          13.21568519242139,
          52.58066369681071
        ]
      }
    },
    {
      "type": "Feature",
      "properties": {
        "name": "Aalemann2-ab Aalemannkanalbrücke",
        "info": "Havelpromenade Nord",
        "category": "Grünanlage"
      },
      "geometry": {
        "type": "Point",
        "coordinates": [
          13.21994965342774,
          52.57528143295845
        ]
      }
    },
    {
      "type": "Feature",
      "properties": {
        "name": "Reimerweg-Amalienhof 1-GA",
        "info": "um die KGA-Amalienhof  1",
        "category": "Grünanlage"
      },
      "geometry": {
        "type": "Point",
        "coordinates": [
          13.14598872665187,
          52.523380327329136
        ]
      }
    },
    {
      "type": "Feature",
      "properties": {
        "name": "Klinkeplatz",
        "info": "Schönwalder Allee",
        "category": "Grünanlage"
      },
      "geometry": {
        "type": "Point",
        "coordinates": [
          13.198947815417913,
          52.55589175302877
        ]
      }
    },
    {
      "type": "Feature",
      "properties": {
        "name": "Friedrichstraße",
        "info": "Bereich nördl. Falkenseer Platz",
        "category": "Grünanlage"
      },
      "geometry": {
        "type": "Point",
        "coordinates": [
          13.203398653358787,
          52.541066894651124
        ]
      }
    },
    {
      "type": "Feature",
      "properties": {
        "name": "Goldbeckweg-Wäldchen u Wildbienenwiese",
        "info": "Quartier Pulvermühle",
        "category": "Grünanlage"
      },
      "geometry": {
        "type": "Point",
        "coordinates": [
          13.229480853075888,
          52.542433790422166
        ]
      }
    },
    {
      "type": "Feature",
      "properties": {
        "name": "Uferpark Südspitze",
        "info": "Wasserstadt",
        "category": "Grünanlage"
      },
      "geometry": {
        "type": "Point",
        "coordinates": [
          13.218283658912876,
          52.55518940445229
        ]
      }
    },
    {
      "type": "Feature",
      "properties": {
        "name": "Grützmacherpark",
        "info": "",
        "category": "Grünanlage"
      },
      "geometry": {
        "type": "Point",
        "coordinates": [
          13.232058076272823,
          52.541678625711356
        ]
      }
    },
    {
      "type": "Feature",
      "properties": {
        "name": "Paula-Hirschfeld Steig-GA",
        "info": "Feuerwache Spandau-Nord",
        "category": "Grünanlage"
      },
      "geometry": {
        "type": "Point",
        "coordinates": [
          13.209090389756254,
          52.54564442019225
        ]
      }
    },
    {
      "type": "Feature",
      "properties": {
        "name": "Poelzigpark",
        "info": "",
        "category": "Grünanlage"
      },
      "geometry": {
        "type": "Point",
        "coordinates": [
          13.217833502953521,
          52.55956540167833
        ]
      }
    },
    {
      "type": "Feature",
      "properties": {
        "name": "Havelspitze-Uferpromenade-GA",
        "info": "",
        "category": "Grünanlage"
      },
      "geometry": {
        "type": "Point",
        "coordinates": [
          13.220922352625665,
          52.55825192216213
        ]
      }
    },
    {
      "type": "Feature",
      "properties": {
        "name": "Krienickepark mit Lilli-Palmer-Promenade",
        "info": "Wasserstadt",
        "category": "Grünanlage"
      },
      "geometry": {
        "type": "Point",
        "coordinates": [
          13.223946827141486,
          52.546187140405785
        ]
      }
    },
    {
      "type": "Feature",
      "properties": {
        "name": "Hahneberg-ehem Grenzweg-Karolinenhöhe",
        "info": "Mauerweg bis Wilhelmstraße",
        "category": "Grünanlage"
      },
      "geometry": {
        "type": "Point",
        "coordinates": [
          13.167160980003027,
          52.5098310175998
        ]
      }
    },
    {
      "type": "Feature",
      "properties": {
        "name": "Niederneuendorfer Allee II",
        "info": "zw  Bertricher- und Neuenahrer Weg",
        "category": "Grünanlage"
      },
      "geometry": {
        "type": "Point",
        "coordinates": [
          13.21307057785959,
          52.57072189887405
        ]
      }
    },
    {
      "type": "Feature",
      "properties": {
        "name": "Bergstraße-Grünanlage",
        "info": "",
        "category": "Grünanlage"
      },
      "geometry": {
        "type": "Point",
        "coordinates": [
          13.14432904909151,
          52.52854515357262
        ]
      }
    },
    {
      "type": "Feature",
      "properties": {
        "name": "Niederneuendorfer Allee I",
        "info": "zw Kochemer- und Trabener Weg",
        "category": "Grünanlage"
      },
      "geometry": {
        "type": "Point",
        "coordinates": [
          13.21221128596227,
          52.5693627498379
        ]
      }
    },
    {
      "type": "Feature",
      "properties": {
        "name": "Am Rain",
        "info": "zw Am Rain u Weidenweg",
        "category": "Grünanlage"
      },
      "geometry": {
        "type": "Point",
        "coordinates": [
          13.136800581430187,
          52.5269822535052
        ]
      }
    },
    {
      "type": "Feature",
      "properties": {
        "name": "Spandauer Horn-Spreeschanze",
        "info": "Am Juliusturm-histor Fa Kuke",
        "category": "Grünanlage"
      },
      "geometry": {
        "type": "Point",
        "coordinates": [
          13.210039632804762,
          52.53745286966414
        ]
      }
    },
    {
      "type": "Feature",
      "properties": {
        "name": "Sakrower Kirchweg",
        "info": "Uferlage Unterhavel",
        "category": "Grünanlage"
      },
      "geometry": {
        "type": "Point",
        "coordinates": [
          13.125264931056455,
          52.44270124557917
        ]
      }
    },
    {
      "type": "Feature",
      "properties": {
        "name": "Gatower Straße-Waldstreifen",
        "info": "",
        "category": "Grünanlage"
      },
      "geometry": {
        "type": "Point",
        "coordinates": [
          13.179589933214821,
          52.49699399264802
        ]
      }
    },
    {
      "type": "Feature",
      "properties": {
        "name": "Staakener Felder-Cosmarweg",
        "info": "Amalienhof- und Upstall- und Ramingraben",
        "category": "Grünanlage"
      },
      "geometry": {
        "type": "Point",
        "coordinates": [
          13.150770063278491,
          52.527400177042466
        ]
      }
    },
    {
      "type": "Feature",
      "properties": {
        "name": "Bullengrabengrünzug I",
        "info": "Elsflether Weg bis Päwesiner Weg",
        "category": "Grünanlage"
      },
      "geometry": {
        "type": "Point",
        "coordinates": [
          13.188795039471705,
          52.52924176232902
        ]
      }
    },
    {
      "type": "Feature",
      "properties": {
        "name": "Rothenbücher Weg Alt-Gatow Pfirsichweg",
        "info": "sog ehem Sattelplatz Gatow",
        "category": "Grünanlage"
      },
      "geometry": {
        "type": "Point",
        "coordinates": [
          13.181946671554831,
          52.490015241888756
        ]
      }
    },
    {
      "type": "Feature",
      "properties": {
        "name": "Blumen- Ecke Feldstraße sog Bredel-Dreieck",
        "info": "",
        "category": "Grünanlage"
      },
      "geometry": {
        "type": "Point",
        "coordinates": [
          13.198947930894954,
          52.545052299924016
        ]
      }
    },
    {
      "type": "Feature",
      "properties": {
        "name": "Ufergrünzug Ziegelhof bis Dischinger Brücke",
        "info": "Hermann-Oxfort-Promenade",
        "category": "Grünanlage"
      },
      "geometry": {
        "type": "Point",
        "coordinates": [
          13.199252188482232,
          52.53013000752882
        ]
      }
    },
    {
      "type": "Feature",
      "properties": {
        "name": "Ziegelhof-Grünanlage",
        "info": "Klosterstraße",
        "category": "Grünanlage"
      },
      "geometry": {
        "type": "Point",
        "coordinates": [
          13.198521965221083,
          52.52932785866117
        ]
      }
    },
    {
      "type": "Feature",
      "properties": {
        "name": "FZP Marienfelde",
        "info": "ehem. BMX-Bahn",
        "category": "Grünanlage"
      },
      "geometry": {
        "type": "Point",
        "coordinates": [
          13.364512260196335,
          52.40219352595098
        ]
      }
    },
    {
      "type": "Feature",
      "properties": {
        "name": "Alt-Lichtenrade 73abc - Hinterland",
        "info": "Groß-Ziethener-Str. neben Nr. 65",
        "category": "Grünanlage"
      },
      "geometry": {
        "type": "Point",
        "coordinates": [
          13.413623294938299,
          52.39584856240706
        ]
      }
    },
    {
      "type": "Feature",
      "properties": {
        "name": "Birkenweg am Volkspark Mariendorf - Gartendenkmal",
        "info": "zw. Prühßstr. u. Rixdorfer Str.",
        "category": "Grünanlage"
      },
      "geometry": {
        "type": "Point",
        "coordinates": [
          13.396061557838859,
          52.44440282469072
        ]
      }
    },
    {
      "type": "Feature",
      "properties": {
        "name": "Dennewitzstr. 25-26 - Grünanlage",
        "info": "",
        "category": "Grünanlage"
      },
      "geometry": {
        "type": "Point",
        "coordinates": [
          13.36807827367385,
          52.49730489408605
        ]
      }
    },
    {
      "type": "Feature",
      "properties": {
        "name": "Vorarlberger Damm - Grünanlage",
        "info": "",
        "category": "Grünanlage"
      },
      "geometry": {
        "type": "Point",
        "coordinates": [
          13.3501443957445,
          52.4709582009415
        ]
      }
    },
    {
      "type": "Feature",
      "properties": {
        "name": "Lortzingplatz - Grünanlage",
        "info": "",
        "category": "Grünanlage"
      },
      "geometry": {
        "type": "Point",
        "coordinates": [
          13.394584314494809,
          52.38023006604848
        ]
      }
    },
    {
      "type": "Feature",
      "properties": {
        "name": "Tauernallee/Ankogelweg - Grünanlage",
        "info": "Tauernallee 50",
        "category": "Grünanlage"
      },
      "geometry": {
        "type": "Point",
        "coordinates": [
          13.403692364651313,
          52.426357025252734
        ]
      }
    },
    {
      "type": "Feature",
      "properties": {
        "name": "Alt-Marienfelde Dorfaue - Gartendenkmal",
        "info": "neben Schmiedeteich",
        "category": "Grünanlage"
      },
      "geometry": {
        "type": "Point",
        "coordinates": [
          13.369129507862652,
          52.411592507009516
        ]
      }
    },
    {
      "type": "Feature",
      "properties": {
        "name": "Volkspark Mariendorf - Gartendenkmal (Hochw.)",
        "info": "",
        "category": "Grünanlage"
      },
      "geometry": {
        "type": "Point",
        "coordinates": [
          13.390962586917196,
          52.44356163078878
        ]
      }
    },
    {
      "type": "Feature",
      "properties": {
        "name": "Hans-Baluschek-Park - Grünzug",
        "info": "Sachsendamm bis Prellerweg",
        "category": "Grünanlage"
      },
      "geometry": {
        "type": "Point",
        "coordinates": [
          13.359923799119022,
          52.46762792529536
        ]
      }
    },
    {
      "type": "Feature",
      "properties": {
        "name": "Ursula-Mamlok-Park",
        "info": "Gleditschstr. 3-23",
        "category": "Grünanlage"
      },
      "geometry": {
        "type": "Point",
        "coordinates": [
          13.355340877965704,
          52.49595515531176
        ]
      }
    },
    {
      "type": "Feature",
      "properties": {
        "name": "Lehnepark - Gartendenkmal",
        "info": "",
        "category": "Grünanlage"
      },
      "geometry": {
        "type": "Point",
        "coordinates": [
          13.382601949586407,
          52.46413788079539
        ]
      }
    },
    {
      "type": "Feature",
      "properties": {
        "name": "Rumeyplan (Westteil) - Gartendenkmal",
        "info": "",
        "category": "Grünanlage"
      },
      "geometry": {
        "type": "Point",
        "coordinates": [
          13.378484744394065,
          52.475529872053045
        ]
      }
    },
    {
      "type": "Feature",
      "properties": {
        "name": "Hermione-von-Preuschen-Platz",
        "info": "(ehem. Hohenzollernplatz)",
        "category": "Grünanlage"
      },
      "geometry": {
        "type": "Point",
        "coordinates": [
          13.39111346252091,
          52.384502583783444
        ]
      }
    },
    {
      "type": "Feature",
      "properties": {
        "name": "Lessingplatz - Grünfläche",
        "info": "",
        "category": "Grünanlage"
      },
      "geometry": {
        "type": "Point",
        "coordinates": [
          13.392260750674014,
          52.40500279769913
        ]
      }
    },
    {
      "type": "Feature",
      "properties": {
        "name": "Alt-Lichtenrade Dorfteich - Grünanlage",
        "info": "",
        "category": "Grünanlage"
      },
      "geometry": {
        "type": "Point",
        "coordinates": [
          13.410494978679917,
          52.38993055760823
        ]
      }
    },
    {
      "type": "Feature",
      "properties": {
        "name": "Neanderstr. / Geibelstr.",
        "info": "",
        "category": "Grünanlage"
      },
      "geometry": {
        "type": "Point",
        "coordinates": [
          13.394775903272023,
          52.39895071142756
        ]
      }
    },
    {
      "type": "Feature",
      "properties": {
        "name": "Kaiserplatz - Grünanlage",
        "info": "",
        "category": "Grünanlage"
      },
      "geometry": {
        "type": "Point",
        "coordinates": [
          13.405932058933224,
          52.37869788449982
        ]
      }
    },
    {
      "type": "Feature",
      "properties": {
        "name": "Bundesring (Nord) - Gartendenkmal",
        "info": "",
        "category": "Grünanlage"
      },
      "geometry": {
        "type": "Point",
        "coordinates": [
          13.381343954310628,
          52.47911011600299
        ]
      }
    },
    {
      "type": "Feature",
      "properties": {
        "name": "Volkspark Mariendorf - Gartendenkmal (Übl.)",
        "info": "",
        "category": "Grünanlage"
      },
      "geometry": {
        "type": "Point",
        "coordinates": [
          13.391777429511528,
          52.4420754843312
        ]
      }
    },
    {
      "type": "Feature",
      "properties": {
        "name": "Neue Heimat Promenade",
        "info": "Grünverbindung Lira-Damm/Lira-Graben",
        "category": "Grünanlage"
      },
      "geometry": {
        "type": "Point",
        "coordinates": [
          13.404748337523335,
          52.38986724743988
        ]
      }
    },
    {
      "type": "Feature",
      "properties": {
        "name": "Türkenpfuhl (Promenade)",
        "info": "",
        "category": "Grünanlage"
      },
      "geometry": {
        "type": "Point",
        "coordinates": [
          13.41258716198314,
          52.44348511511034
        ]
      }
    },
    {
      "type": "Feature",
      "properties": {
        "name": "Rainfarnweg",
        "info": "",
        "category": "Grünanlage"
      },
      "geometry": {
        "type": "Point",
        "coordinates": [
          13.38477610979685,
          52.400127427187456
        ]
      }
    },
    {
      "type": "Feature",
      "properties": {
        "name": "Adolf-Scheidt-Platz - Gartendenkmal",
        "info": "",
        "category": "Grünanlage"
      },
      "geometry": {
        "type": "Point",
        "coordinates": [
          13.378765955348191,
          52.478202826576315
        ]
      }
    },
    {
      "type": "Feature",
      "properties": {
        "name": "Schichauweg (Grünanlage)",
        "info": "",
        "category": "Grünanlage"
      },
      "geometry": {
        "type": "Point",
        "coordinates": [
          13.3677286063219,
          52.39588473535262
        ]
      }
    },
    {
      "type": "Feature",
      "properties": {
        "name": "Lützowstr. 25-29",
        "info": "",
        "category": "Grünanlage"
      },
      "geometry": {
        "type": "Point",
        "coordinates": [
          13.411085534044194,
          52.38078971414721
        ]
      }
    },
    {
      "type": "Feature",
      "properties": {
        "name": "Alter Park - Gartendenkmal",
        "info": "",
        "category": "Grünanlage"
      },
      "geometry": {
        "type": "Point",
        "coordinates": [
          13.383698177832299,
          52.46245684848544
        ]
      }
    },
    {
      "type": "Feature",
      "properties": {
        "name": "Eschwege - Promenade",
        "info": "Grünanlage - Kolonie",
        "category": "Grünanlage"
      },
      "geometry": {
        "type": "Point",
        "coordinates": [
          13.353539960249744,
          52.40424683246869
        ]
      }
    },
    {
      "type": "Feature",
      "properties": {
        "name": "Carl-Steffeck-Str. (Grünzug)",
        "info": "",
        "category": "Grünanlage"
      },
      "geometry": {
        "type": "Point",
        "coordinates": [
          13.418101023040336,
          52.392591204656945
        ]
      }
    },
    {
      "type": "Feature",
      "properties": {
        "name": "Amstelveen - Grünanlage",
        "info": "an der KGA",
        "category": "Grünanlage"
      },
      "geometry": {
        "type": "Point",
        "coordinates": [
          13.357653198973928,
          52.40599953438383
        ]
      }
    },
    {
      "type": "Feature",
      "properties": {
        "name": "Einigkeit (Promenade)",
        "info": "",
        "category": "Grünanlage"
      },
      "geometry": {
        "type": "Point",
        "coordinates": [
          13.373520640069001,
          52.44925179067916
        ]
      }
    },
    {
      "type": "Feature",
      "properties": {
        "name": "Wiesengrund (Promenade)",
        "info": "an der Kolonie",
        "category": "Grünanlage"
      },
      "geometry": {
        "type": "Point",
        "coordinates": [
          13.40336442104742,
          52.40171175842939
        ]
      }
    },
    {
      "type": "Feature",
      "properties": {
        "name": "Birkholz - Grünanlage",
        "info": "Kolonie",
        "category": "Grünanlage"
      },
      "geometry": {
        "type": "Point",
        "coordinates": [
          13.36592870792644,
          52.39679617826399
        ]
      }
    },
    {
      "type": "Feature",
      "properties": {
        "name": "Tauernallee/Ankogelweg - Promenade",
        "info": "Tauernallee 30",
        "category": "Grünanlage"
      },
      "geometry": {
        "type": "Point",
        "coordinates": [
          13.401928020612003,
          52.424405026568856
        ]
      }
    },
    {
      "type": "Feature",
      "properties": {
        "name": "Poppenreuther Weg - Grünpromenade",
        "info": "Marienfelder Allee -Tirschenteuther Ring",
        "category": "Grünanlage"
      },
      "geometry": {
        "type": "Point",
        "coordinates": [
          13.356298118789551,
          52.40756510304625
        ]
      }
    },
    {
      "type": "Feature",
      "properties": {
        "name": "Radarberg Diedersdorfer Weg",
        "info": "",
        "category": "Grünanlage"
      },
      "geometry": {
        "type": "Point",
        "coordinates": [
          13.360372400520069,
          52.40669423223111
        ]
      }
    },
    {
      "type": "Feature",
      "properties": {
        "name": "Bosepark - Grünanlage",
        "info": "",
        "category": "Grünanlage"
      },
      "geometry": {
        "type": "Point",
        "coordinates": [
          13.379453442955596,
          52.46382675822067
        ]
      }
    },
    {
      "type": "Feature",
      "properties": {
        "name": "Rohrbeckstr. - Tiefbeet",
        "info": "",
        "category": "Grünanlage"
      },
      "geometry": {
        "type": "Point",
        "coordinates": [
          13.416936102364003,
          52.46275935628344
        ]
      }
    },
    {
      "type": "Feature",
      "properties": {
        "name": "Ringstr. Süd - Grünzug u. Promenade",
        "info": "Ringstr. 11-23",
        "category": "Grünanlage"
      },
      "geometry": {
        "type": "Point",
        "coordinates": [
          13.367953033005486,
          52.445293699328225
        ]
      }
    },
    {
      "type": "Feature",
      "properties": {
        "name": "Teltowkanal Nord Te-Damm-Alarichstr.",
        "info": "Finanzamtspromenade",
        "category": "Grünanlage"
      },
      "geometry": {
        "type": "Point",
        "coordinates": [
          13.380907823307556,
          52.45329486297827
        ]
      }
    },
    {
      "type": "Feature",
      "properties": {
        "name": "Marienhöhe (Kolonie-Promenade)",
        "info": "",
        "category": "Grünanlage"
      },
      "geometry": {
        "type": "Point",
        "coordinates": [
          13.366951765140378,
          52.44736586491503
        ]
      }
    },
    {
      "type": "Feature",
      "properties": {
        "name": "Friedensplatz",
        "info": "",
        "category": "Grünanlage"
      },
      "geometry": {
        "type": "Point",
        "coordinates": [
          13.381319232741202,
          52.46113107611546
        ]
      }
    },
    {
      "type": "Feature",
      "properties": {
        "name": "Metzplatz",
        "info": "",
        "category": "Grünanlage"
      },
      "geometry": {
        "type": "Point",
        "coordinates": [
          13.387447115354263,
          52.45908704589305
        ]
      }
    },
    {
      "type": "Feature",
      "properties": {
        "name": "Ringstr. Nord - Grünzug u. Promenade",
        "info": "Mariendorfer-Hafen-Weg",
        "category": "Grünanlage"
      },
      "geometry": {
        "type": "Point",
        "coordinates": [
          13.361904063738924,
          52.44697411566057
        ]
      }
    },
    {
      "type": "Feature",
      "properties": {
        "name": "Albrechtshöhe (Promenade)",
        "info": "",
        "category": "Grünanlage"
      },
      "geometry": {
        "type": "Point",
        "coordinates": [
          13.394958624824866,
          52.460996625800384
        ]
      }
    },
    {
      "type": "Feature",
      "properties": {
        "name": "Marienhöhe - Gartendenkmal",
        "info": "",
        "category": "Grünanlage"
      },
      "geometry": {
        "type": "Point",
        "coordinates": [
          13.3672564027651,
          52.452928896545224
        ]
      }
    },
    {
      "type": "Feature",
      "properties": {
        "name": "Wolffring - Gartendenkmal",
        "info": "",
        "category": "Grünanlage"
      },
      "geometry": {
        "type": "Point",
        "coordinates": [
          13.380617541580115,
          52.48050961582231
        ]
      }
    },
    {
      "type": "Feature",
      "properties": {
        "name": "Kynastteich - Gartendenkmal",
        "info": "",
        "category": "Grünanlage"
      },
      "geometry": {
        "type": "Point",
        "coordinates": [
          13.376724925290636,
          52.48111073818731
        ]
      }
    },
    {
      "type": "Feature",
      "properties": {
        "name": "Im Domstift (Grünanlage)",
        "info": "",
        "category": "Grünanlage"
      },
      "geometry": {
        "type": "Point",
        "coordinates": [
          13.411760639770058,
          52.39101308424466
        ]
      }
    },
    {
      "type": "Feature",
      "properties": {
        "name": "Heilandsweide - Promenade u. Grünzug",
        "info": "",
        "category": "Grünanlage"
      },
      "geometry": {
        "type": "Point",
        "coordinates": [
          13.3702765306578,
          52.41503768515794
        ]
      }
    },
    {
      "type": "Feature",
      "properties": {
        "name": "Kaiserstr. - Martin-Luther-Kirche",
        "info": "Kaiserplatz",
        "category": "Grünanlage"
      },
      "geometry": {
        "type": "Point",
        "coordinates": [
          13.378718966550993,
          52.44511381651284
        ]
      }
    },
    {
      "type": "Feature",
      "properties": {
        "name": "Koseler Weg (ehemals)",
        "info": "zw. Felixstr. und Templerzeile",
        "category": "Grünanlage"
      },
      "geometry": {
        "type": "Point",
        "coordinates": [
          13.392941246954084,
          52.461171053702365
        ]
      }
    },
    {
      "type": "Feature",
      "properties": {
        "name": "Freseteich - Grünanlage",
        "info": "",
        "category": "Grünanlage"
      },
      "geometry": {
        "type": "Point",
        "coordinates": [
          13.375246489118332,
          52.40784472316074
        ]
      }
    },
    {
      "type": "Feature",
      "properties": {
        "name": "Hampelsche Baumschule - Grünanlage",
        "info": "",
        "category": "Grünanlage"
      },
      "geometry": {
        "type": "Point",
        "coordinates": [
          13.351552191336372,
          52.41134986280335
        ]
      }
    },
    {
      "type": "Feature",
      "properties": {
        "name": "Britzer Str. 38 (Nord)",
        "info": "LSG",
        "category": "Grünanlage"
      },
      "geometry": {
        "type": "Point",
        "coordinates": [
          13.406575542332376,
          52.43983362942175
        ]
      }
    },
    {
      "type": "Feature",
      "properties": {
        "name": "Franckepark - Gartendenkmal",
        "info": "",
        "category": "Grünanlage"
      },
      "geometry": {
        "type": "Point",
        "coordinates": [
          13.388882250852486,
          52.461395726109814
        ]
      }
    },
    {
      "type": "Feature",
      "properties": {
        "name": "Achenbachpromenade - Grünanlage",
        "info": "Bayernring bis Badener Ring",
        "category": "Grünanlage"
      },
      "geometry": {
        "type": "Point",
        "coordinates": [
          13.378374009537678,
          52.482751836994865
        ]
      }
    },
    {
      "type": "Feature",
      "properties": {
        "name": "Tempelhofer Damm 161 - Grünanlage",
        "info": "\"Grunackpark\"",
        "category": "Grünanlage"
      },
      "geometry": {
        "type": "Point",
        "coordinates": [
          13.386927862718462,
          52.46357357501711
        ]
      }
    },
    {
      "type": "Feature",
      "properties": {
        "name": "Hansakorso (Promenade)",
        "info": "",
        "category": "Grünanlage"
      },
      "geometry": {
        "type": "Point",
        "coordinates": [
          13.37040362971537,
          52.47286222162257
        ]
      }
    },
    {
      "type": "Feature",
      "properties": {
        "name": "Gerda-und-Wolfgang-Szepansky-Promenade",
        "info": "",
        "category": "Grünanlage"
      },
      "geometry": {
        "type": "Point",
        "coordinates": [
          13.380637843353998,
          52.45249030363789
        ]
      }
    },
    {
      "type": "Feature",
      "properties": {
        "name": "Schlehenberg",
        "info": "",
        "category": "Grünanlage"
      },
      "geometry": {
        "type": "Point",
        "coordinates": [
          13.361116905145641,
          52.40477252095692
        ]
      }
    },
    {
      "type": "Feature",
      "properties": {
        "name": "Richterstr. - Grünzug u. Promenade",
        "info": "",
        "category": "Grünanlage"
      },
      "geometry": {
        "type": "Point",
        "coordinates": [
          13.383372142915382,
          52.44109247054421
        ]
      }
    },
    {
      "type": "Feature",
      "properties": {
        "name": "Teltowkanal Südpromenade",
        "info": "Ring- bis Rathausstr.",
        "category": "Grünanlage"
      },
      "geometry": {
        "type": "Point",
        "coordinates": [
          13.373888812153305,
          52.45007376858514
        ]
      }
    },
    {
      "type": "Feature",
      "properties": {
        "name": "Feldblumenweg (Promenade)",
        "info": "",
        "category": "Grünanlage"
      },
      "geometry": {
        "type": "Point",
        "coordinates": [
          13.393367328346393,
          52.462438165397224
        ]
      }
    },
    {
      "type": "Feature",
      "properties": {
        "name": "Geiserich (Promenade)",
        "info": "Kolonie",
        "category": "Grünanlage"
      },
      "geometry": {
        "type": "Point",
        "coordinates": [
          13.369139215628524,
          52.44930742784506
        ]
      }
    },
    {
      "type": "Feature",
      "properties": {
        "name": "Albulaweg - Grünanlage",
        "info": "",
        "category": "Grünanlage"
      },
      "geometry": {
        "type": "Point",
        "coordinates": [
          13.399826301636493,
          52.4236156949285
        ]
      }
    },
    {
      "type": "Feature",
      "properties": {
        "name": "Gutspark Marienfelde Gartendenkmal",
        "info": "",
        "category": "Grünanlage"
      },
      "geometry": {
        "type": "Point",
        "coordinates": [
          13.372615618335631,
          52.41003563400502
        ]
      }
    },
    {
      "type": "Feature",
      "properties": {
        "name": "Unter Uns (Promenade)",
        "info": "",
        "category": "Grünanlage"
      },
      "geometry": {
        "type": "Point",
        "coordinates": [
          13.37522873017425,
          52.448762426155255
        ]
      }
    },
    {
      "type": "Feature",
      "properties": {
        "name": "Königsgraben",
        "info": "Adolf-Kiepert-Steg",
        "category": "Grünanlage"
      },
      "geometry": {
        "type": "Point",
        "coordinates": [
          13.373916062963401,
          52.40537751195715
        ]
      }
    },
    {
      "type": "Feature",
      "properties": {
        "name": "Finchleystr. (am Altenheim)",
        "info": "",
        "category": "Grünanlage"
      },
      "geometry": {
        "type": "Point",
        "coordinates": [
          13.405064458437039,
          52.39326215167264
        ]
      }
    },
    {
      "type": "Feature",
      "properties": {
        "name": "Hüfnergärten (Grünanlage/Promenade)",
        "info": "Alt-Marienfelde 33a/Nahmitzer Damm",
        "category": "Grünanlage"
      },
      "geometry": {
        "type": "Point",
        "coordinates": [
          13.363539445317057,
          52.41201800334421
        ]
      }
    },
    {
      "type": "Feature",
      "properties": {
        "name": "Leopoldplatz",
        "info": "",
        "category": "Grünanlage"
      },
      "geometry": {
        "type": "Point",
        "coordinates": [
          13.405911744270414,
          52.38035406520098
        ]
      }
    },
    {
      "type": "Feature",
      "properties": {
        "name": "Gottlieb-Dunkel-Str./Ullsteinstr.",
        "info": "",
        "category": "Grünanlage"
      },
      "geometry": {
        "type": "Point",
        "coordinates": [
          13.407219516309768,
          52.45272475389928
        ]
      }
    },
    {
      "type": "Feature",
      "properties": {
        "name": "Reißeckstr. - Grünzug",
        "info": "",
        "category": "Grünanlage"
      },
      "geometry": {
        "type": "Point",
        "coordinates": [
          13.394934112933027,
          52.43969829929451
        ]
      }
    },
    {
      "type": "Feature",
      "properties": {
        "name": "Am Hellespont - Grünanlage",
        "info": "",
        "category": "Grünanlage"
      },
      "geometry": {
        "type": "Point",
        "coordinates": [
          13.40706658083704,
          52.44325266975932
        ]
      }
    },
    {
      "type": "Feature",
      "properties": {
        "name": "Gebertgraben",
        "info": "",
        "category": "Grünanlage"
      },
      "geometry": {
        "type": "Point",
        "coordinates": [
          13.395836275508946,
          52.395022330482135
        ]
      }
    },
    {
      "type": "Feature",
      "properties": {
        "name": "Hirzerweg - Promenade",
        "info": "",
        "category": "Grünanlage"
      },
      "geometry": {
        "type": "Point",
        "coordinates": [
          13.386360721907204,
          52.432255633797645
        ]
      }
    },
    {
      "type": "Feature",
      "properties": {
        "name": "Ma-Damm - Ullsteinstr. - Grünzug",
        "info": "",
        "category": "Grünanlage"
      },
      "geometry": {
        "type": "Point",
        "coordinates": [
          13.383236115464163,
          52.45174124980165
        ]
      }
    },
    {
      "type": "Feature",
      "properties": {
        "name": "Bergfrieden (Promenade)",
        "info": "",
        "category": "Grünanlage"
      },
      "geometry": {
        "type": "Point",
        "coordinates": [
          13.396378058809388,
          52.46091385555933
        ]
      }
    },
    {
      "type": "Feature",
      "properties": {
        "name": "Wimbachpromenade",
        "info": "",
        "category": "Grünanlage"
      },
      "geometry": {
        "type": "Point",
        "coordinates": [
          13.404120181311784,
          52.430520057451986
        ]
      }
    },
    {
      "type": "Feature",
      "properties": {
        "name": "Lichtenrader Graben West - Grünanlage",
        "info": "",
        "category": "Grünanlage"
      },
      "geometry": {
        "type": "Point",
        "coordinates": [
          13.402398126941518,
          52.389006683392275
        ]
      }
    },
    {
      "type": "Feature",
      "properties": {
        "name": "John-Locke-Str. - Grünanlage",
        "info": "",
        "category": "Grünanlage"
      },
      "geometry": {
        "type": "Point",
        "coordinates": [
          13.402974398025473,
          52.39222895996195
        ]
      }
    },
    {
      "type": "Feature",
      "properties": {
        "name": "FZP Marienfelde - Grünanlage",
        "info": "",
        "category": "Grünanlage"
      },
      "geometry": {
        "type": "Point",
        "coordinates": [
          13.368186127864309,
          52.40187030084336
        ]
      }
    },
    {
      "type": "Feature",
      "properties": {
        "name": "Templerzeile",
        "info": "",
        "category": "Grünanlage"
      },
      "geometry": {
        "type": "Point",
        "coordinates": [
          13.392086183452447,
          52.462936071670434
        ]
      }
    },
    {
      "type": "Feature",
      "properties": {
        "name": "Britzer Str. 37-79 - Grünanlage",
        "info": "",
        "category": "Grünanlage"
      },
      "geometry": {
        "type": "Point",
        "coordinates": [
          13.404045539565871,
          52.43829874862487
        ]
      }
    },
    {
      "type": "Feature",
      "properties": {
        "name": "Gerdsmeyer (Promenade)",
        "info": "",
        "category": "Grünanlage"
      },
      "geometry": {
        "type": "Point",
        "coordinates": [
          13.387253823814717,
          52.43303655725885
        ]
      }
    },
    {
      "type": "Feature",
      "properties": {
        "name": "Lichtenrader Graben Ost",
        "info": "",
        "category": "Grünanlage"
      },
      "geometry": {
        "type": "Point",
        "coordinates": [
          13.417309552224436,
          52.39046999594163
        ]
      }
    },
    {
      "type": "Feature",
      "properties": {
        "name": "Maximilian-Kaller-Str. - Grünzug",
        "info": "",
        "category": "Grünanlage"
      },
      "geometry": {
        "type": "Point",
        "coordinates": [
          13.357901075035912,
          52.41609668132077
        ]
      }
    },
    {
      "type": "Feature",
      "properties": {
        "name": "Schätzelberge",
        "info": "",
        "category": "Grünanlage"
      },
      "geometry": {
        "type": "Point",
        "coordinates": [
          13.393510255768954,
          52.45098546102696
        ]
      }
    },
    {
      "type": "Feature",
      "properties": {
        "name": "Oberlandpark",
        "info": "",
        "category": "Grünanlage"
      },
      "geometry": {
        "type": "Point",
        "coordinates": [
          13.419077479891852,
          52.46325239380823
        ]
      }
    },
    {
      "type": "Feature",
      "properties": {
        "name": "Steinplatz (Steinstr.)",
        "info": "",
        "category": "Grünanlage"
      },
      "geometry": {
        "type": "Point",
        "coordinates": [
          13.398034678095938,
          52.38910054265891
        ]
      }
    },
    {
      "type": "Feature",
      "properties": {
        "name": "Prinzessinnenstr. (am Bahnhof)",
        "info": "",
        "category": "Grünanlage"
      },
      "geometry": {
        "type": "Point",
        "coordinates": [
          13.396541603168927,
          52.386290079776494
        ]
      }
    },
    {
      "type": "Feature",
      "properties": {
        "name": "Lilli-Flora-Park (Pallasstr. 7)",
        "info": "Pallaspark",
        "category": "Grünanlage"
      },
      "geometry": {
        "type": "Point",
        "coordinates": [
          13.358368640580695,
          52.49462532365805
        ]
      }
    },
    {
      "type": "Feature",
      "properties": {
        "name": "Priesterweg - Zugang Baluschek-Park",
        "info": "Vorplatz alter S-Bhf",
        "category": "Grünanlage"
      },
      "geometry": {
        "type": "Point",
        "coordinates": [
          13.355980457932002,
          52.46112865536186
        ]
      }
    },
    {
      "type": "Feature",
      "properties": {
        "name": "Teltowkanal Nord Geiserich- bis Gersdorf",
        "info": "",
        "category": "Grünanlage"
      },
      "geometry": {
        "type": "Point",
        "coordinates": [
          13.369948859948423,
          52.44891043549093
        ]
      }
    },
    {
      "type": "Feature",
      "properties": {
        "name": "Tempelhofer Freiheit",
        "info": "ehem. Flughafen",
        "category": "Grünanlage"
      },
      "geometry": {
        "type": "Point",
        "coordinates": [
          13.401895265662667,
          52.47339970534314
        ]
      }
    },
    {
      "type": "Feature",
      "properties": {
        "name": "Annedore-Leber-Park - Grünanlage",
        "info": "Torgauer Straße",
        "category": "Grünanlage"
      },
      "geometry": {
        "type": "Point",
        "coordinates": [
          13.358427425765806,
          52.47993135934932
        ]
      }
    },
    {
      "type": "Feature",
      "properties": {
        "name": "Grünzug Reißeckstr./Floningweg",
        "info": "",
        "category": "Grünanlage"
      },
      "geometry": {
        "type": "Point",
        "coordinates": [
          13.398102827405285,
          52.43609628148137
        ]
      }
    },
    {
      "type": "Feature",
      "properties": {
        "name": "Hertha-Block-Promenade",
        "info": "Ost-West-Grünzug",
        "category": "Grünanlage"
      },
      "geometry": {
        "type": "Point",
        "coordinates": [
          13.370759070844215,
          52.4807458866666
        ]
      }
    },
    {
      "type": "Feature",
      "properties": {
        "name": "GASAG Nordspitze",
        "info": "am Cheruskerpark",
        "category": "Grünanlage"
      },
      "geometry": {
        "type": "Point",
        "coordinates": [
          13.358019409672348,
          52.483345133408754
        ]
      }
    },
    {
      "type": "Feature",
      "properties": {
        "name": "Nord-Süd-Grünzug / Mezitli-Park",
        "info": "",
        "category": "Grünanlage"
      },
      "geometry": {
        "type": "Point",
        "coordinates": [
          13.371392385400735,
          52.48944730512864
        ]
      }
    },
    {
      "type": "Feature",
      "properties": {
        "name": "Dora-Duncker-Park",
        "info": "zw. Monumentenstraße und Yorkstraße",
        "category": "Grünanlage"
      },
      "geometry": {
        "type": "Point",
        "coordinates": [
          13.37351735202635,
          52.49040478146681
        ]
      }
    },
    {
      "type": "Feature",
      "properties": {
        "name": "Britzer Garten (Teilstück)",
        "info": "zwischen Hundsteinweg und Wildspitzweg",
        "category": "Grünanlage"
      },
      "geometry": {
        "type": "Point",
        "coordinates": [
          13.407963715216535,
          52.43263758867938
        ]
      }
    },
    {
      "type": "Feature",
      "properties": {
        "name": "Gottlieb-Dunkel-Str. - Grünanlage",
        "info": "an der BAB 100",
        "category": "Grünanlage"
      },
      "geometry": {
        "type": "Point",
        "coordinates": [
          13.414825130571854,
          52.460275823563194
        ]
      }
    },
    {
      "type": "Feature",
      "properties": {
        "name": "Güteraussenring Marienfelde",
        "info": "zw. Motzener Str. und Diedersdorfer Weg",
        "category": "Grünanlage"
      },
      "geometry": {
        "type": "Point",
        "coordinates": [
          13.373092762094036,
          52.399354354042096
        ]
      }
    },
    {
      "type": "Feature",
      "properties": {
        "name": "Wehnertstr. ggü 36",
        "info": "Durchgangsweg zur Grillostr.",
        "category": "Grünanlage"
      },
      "geometry": {
        "type": "Point",
        "coordinates": [
          13.376067306300685,
          52.4141457969481
        ]
      }
    },
    {
      "type": "Feature",
      "properties": {
        "name": "Naturpark Schöneberger Südgelände",
        "info": "",
        "category": "Grünanlage"
      },
      "geometry": {
        "type": "Point",
        "coordinates": [
          13.359148780496007,
          52.462826508740825
        ]
      }
    },
    {
      "type": "Feature",
      "properties": {
        "name": "Volkspark Lichtenrade - Grünanlage",
        "info": "",
        "category": "Grünanlage"
      },
      "geometry": {
        "type": "Point",
        "coordinates": [
          13.414557155226127,
          52.393212624210946
        ]
      }
    },
    {
      "type": "Feature",
      "properties": {
        "name": "Nahmitzer Damm 20/26 - Obstwiese",
        "info": "Hinterland",
        "category": "Grünanlage"
      },
      "geometry": {
        "type": "Point",
        "coordinates": [
          13.372210857817517,
          52.40515296383719
        ]
      }
    },
    {
      "type": "Feature",
      "properties": {
        "name": "Wartburg (Promenade)",
        "info": "",
        "category": "Grünanlage"
      },
      "geometry": {
        "type": "Point",
        "coordinates": [
          13.397017221247175,
          52.44646598712694
        ]
      }
    },
    {
      "type": "Feature",
      "properties": {
        "name": "Alboinplatz - Gartendenkmal",
        "info": "",
        "category": "Grünanlage"
      },
      "geometry": {
        "type": "Point",
        "coordinates": [
          13.369600782051082,
          52.45943447536577
        ]
      }
    },
    {
      "type": "Feature",
      "properties": {
        "name": "Ma-Damm - Monopolstraße - Grünzug",
        "info": "",
        "category": "Grünanlage"
      },
      "geometry": {
        "type": "Point",
        "coordinates": [
          13.38643776659599,
          52.451658593547954
        ]
      }
    },
    {
      "type": "Feature",
      "properties": {
        "name": "Heinrich-Lassen-Park",
        "info": "Belziger Str. 57-61",
        "category": "Grünanlage"
      },
      "geometry": {
        "type": "Point",
        "coordinates": [
          13.348913429563432,
          52.4846237946042
        ]
      }
    },
    {
      "type": "Feature",
      "properties": {
        "name": "Rudolph-Wilde-Park (Ost) - Gartendenkmal",
        "info": "östl. Carl-Zuckmayer-Brücke",
        "category": "Grünanlage"
      },
      "geometry": {
        "type": "Point",
        "coordinates": [
          13.343526153452201,
          52.483314153665034
        ]
      }
    },
    {
      "type": "Feature",
      "properties": {
        "name": "Heinrich-v.-Kleist-Park - Gartendenkmal",
        "info": "",
        "category": "Grünanlage"
      },
      "geometry": {
        "type": "Point",
        "coordinates": [
          13.358502973644097,
          52.492253530341685
        ]
      }
    },
    {
      "type": "Feature",
      "properties": {
        "name": "Wartburgplatz - Grünanlage",
        "info": "",
        "category": "Grünanlage"
      },
      "geometry": {
        "type": "Point",
        "coordinates": [
          13.346126780308236,
          52.487493190896934
        ]
      }
    },
    {
      "type": "Feature",
      "properties": {
        "name": "Renée-Sintenis-Platz - Gartendenkmal",
        "info": "",
        "category": "Grünanlage"
      },
      "geometry": {
        "type": "Point",
        "coordinates": [
          13.332657986051807,
          52.47150871115409
        ]
      }
    },
    {
      "type": "Feature",
      "properties": {
        "name": "Cosimaplatz",
        "info": "",
        "category": "Grünanlage"
      },
      "geometry": {
        "type": "Point",
        "coordinates": [
          13.330596570367172,
          52.47572176083125
        ]
      }
    },
    {
      "type": "Feature",
      "properties": {
        "name": "Grazer Platz - Grünfläche",
        "info": "",
        "category": "Grünanlage"
      },
      "geometry": {
        "type": "Point",
        "coordinates": [
          13.345963836343829,
          52.46724116540391
        ]
      }
    },
    {
      "type": "Feature",
      "properties": {
        "name": "Ceciliengärten - Gartendenkmal",
        "info": "",
        "category": "Grünanlage"
      },
      "geometry": {
        "type": "Point",
        "coordinates": [
          13.341862542499495,
          52.474154911421955
        ]
      }
    },
    {
      "type": "Feature",
      "properties": {
        "name": "Perelsplatz - Gartendenkmal",
        "info": "",
        "category": "Grünanlage"
      },
      "geometry": {
        "type": "Point",
        "coordinates": [
          13.33344608257269,
          52.47565847160063
        ]
      }
    },
    {
      "type": "Feature",
      "properties": {
        "name": "Innsbrucker Platz - Grünanlage",
        "info": "",
        "category": "Grünanlage"
      },
      "geometry": {
        "type": "Point",
        "coordinates": [
          13.344046788772301,
          52.477592035825396
        ]
      }
    },
    {
      "type": "Feature",
      "properties": {
        "name": "Cheruskerpark",
        "info": "Calisthenics Park",
        "category": "Grünanlage"
      },
      "geometry": {
        "type": "Point",
        "coordinates": [
          13.358174323918183,
          52.48186693362645
        ]
      }
    },
    {
      "type": "Feature",
      "properties": {
        "name": "Nelly-Sachs-Park - Grünanlage",
        "info": "",
        "category": "Grünanlage"
      },
      "geometry": {
        "type": "Point",
        "coordinates": [
          13.367474165863573,
          52.498057707486275
        ]
      }
    },
    {
      "type": "Feature",
      "properties": {
        "name": "Der Insulaner - Grünanlage",
        "info": "",
        "category": "Grünanlage"
      },
      "geometry": {
        "type": "Point",
        "coordinates": [
          13.352659234510272,
          52.45763206136515
        ]
      }
    },
    {
      "type": "Feature",
      "properties": {
        "name": "Am Bülowbogen",
        "info": "Bülowstr. 69",
        "category": "Grünanlage"
      },
      "geometry": {
        "type": "Point",
        "coordinates": [
          13.368052173756274,
          52.49679642058388
        ]
      }
    },
    {
      "type": "Feature",
      "properties": {
        "name": "Alice-Salomon-Park - Grünanlage",
        "info": "Schwäbische Str.",
        "category": "Grünanlage"
      },
      "geometry": {
        "type": "Point",
        "coordinates": [
          13.35022750017897,
          52.491144956121325
        ]
      }
    },
    {
      "type": "Feature",
      "properties": {
        "name": "Bayerischer Platz",
        "info": "",
        "category": "Grünanlage"
      },
      "geometry": {
        "type": "Point",
        "coordinates": [
          13.339802150164326,
          52.489108628666344
        ]
      }
    },
    {
      "type": "Feature",
      "properties": {
        "name": "Viktoria-Luise-Platz - Gartendenkmal",
        "info": "",
        "category": "Grünanlage"
      },
      "geometry": {
        "type": "Point",
        "coordinates": [
          13.341824322185294,
          52.49572558880588
        ]
      }
    },
    {
      "type": "Feature",
      "properties": {
        "name": "Alt-Stralau 33",
        "info": "Strela-Platz",
        "category": "Grünanlage"
      },
      "geometry": {
        "type": "Point",
        "coordinates": [
          13.477412008991472,
          52.49316448091889
        ]
      }
    },
    {
      "type": "Feature",
      "properties": {
        "name": "Comeniusplatz",
        "info": "",
        "category": "Grünanlage"
      },
      "geometry": {
        "type": "Point",
        "coordinates": [
          13.447616532673694,
          52.51166902187049
        ]
      }
    },
    {
      "type": "Feature",
      "properties": {
        "name": "Weberwiese",
        "info": "",
        "category": "Grünanlage"
      },
      "geometry": {
        "type": "Point",
        "coordinates": [
          13.443666537694877,
          52.515770512397374
        ]
      }
    },
    {
      "type": "Feature",
      "properties": {
        "name": "Blumenstraße ggü. 39-49",
        "info": "hinter KMA 58-66",
        "category": "Grünanlage"
      },
      "geometry": {
        "type": "Point",
        "coordinates": [
          13.431030618187428,
          52.5175457821045
        ]
      }
    },
    {
      "type": "Feature",
      "properties": {
        "name": "Ebertystr. 45 / Kochhannstr. 16",
        "info": "",
        "category": "Grünanlage"
      },
      "geometry": {
        "type": "Point",
        "coordinates": [
          13.452652898481874,
          52.52500653484824
        ]
      }
    },
    {
      "type": "Feature",
      "properties": {
        "name": "Krautstraße 1-4",
        "info": "Neue Blumenstraße",
        "category": "Grünanlage"
      },
      "geometry": {
        "type": "Point",
        "coordinates": [
          13.429135011494296,
          52.51741865284697
        ]
      }
    },
    {
      "type": "Feature",
      "properties": {
        "name": "Warschauer Str./ Mühlenstr.",
        "info": "",
        "category": "Grünanlage"
      },
      "geometry": {
        "type": "Point",
        "coordinates": [
          13.446552908434965,
          52.50325188942546
        ]
      }
    },
    {
      "type": "Feature",
      "properties": {
        "name": "Andreasstr. 21-22",
        "info": "Vorfläche Seniorenheim",
        "category": "Grünanlage"
      },
      "geometry": {
        "type": "Point",
        "coordinates": [
          13.431989277022282,
          52.51390398956431
        ]
      }
    },
    {
      "type": "Feature",
      "properties": {
        "name": "Stralauer Allee vor 31-33",
        "info": "Modersohnstr./ Danneckerstr.",
        "category": "Grünanlage"
      },
      "geometry": {
        "type": "Point",
        "coordinates": [
          13.454475626048367,
          52.500857712180846
        ]
      }
    },
    {
      "type": "Feature",
      "properties": {
        "name": "Weidenweg vor Friedhof",
        "info": "Friedensstr. 80",
        "category": "Grünanlage"
      },
      "geometry": {
        "type": "Point",
        "coordinates": [
          13.441761280145839,
          52.51824792351913
        ]
      }
    },
    {
      "type": "Feature",
      "properties": {
        "name": "Straße der Pariser Kommune vor 11-17",
        "info": "Franz Mehring Platz vor 2-5",
        "category": "Grünanlage"
      },
      "geometry": {
        "type": "Point",
        "coordinates": [
          13.438150366947003,
          52.512693067033936
        ]
      }
    },
    {
      "type": "Feature",
      "properties": {
        "name": "Auerstraße 8-20",
        "info": "Weidenweg 5-21/ Auerdreieck",
        "category": "Grünanlage"
      },
      "geometry": {
        "type": "Point",
        "coordinates": [
          13.44519608083525,
          52.51868253652819
        ]
      }
    },
    {
      "type": "Feature",
      "properties": {
        "name": "Wühlischplatz",
        "info": "",
        "category": "Grünanlage"
      },
      "geometry": {
        "type": "Point",
        "coordinates": [
          13.464521000773697,
          52.50761212016766
        ]
      }
    },
    {
      "type": "Feature",
      "properties": {
        "name": "Georgenkirchstr. 4-5",
        "info": "",
        "category": "Grünanlage"
      },
      "geometry": {
        "type": "Point",
        "coordinates": [
          13.423277967280896,
          52.52647212058728
        ]
      }
    },
    {
      "type": "Feature",
      "properties": {
        "name": "Weidenweg neben 42",
        "info": "Giebel Pflegeheim",
        "category": "Grünanlage"
      },
      "geometry": {
        "type": "Point",
        "coordinates": [
          13.4509078007517,
          52.51787029388563
        ]
      }
    },
    {
      "type": "Feature",
      "properties": {
        "name": "Alt-Stralau 40-43",
        "info": "Ufergrünzug Rummelsburger See, hinter KGA",
        "category": "Grünanlage"
      },
      "geometry": {
        "type": "Point",
        "coordinates": [
          13.475450661774616,
          52.495160710345765
        ]
      }
    },
    {
      "type": "Feature",
      "properties": {
        "name": "Stralauer Allee vor 24-29",
        "info": "Modersohnstr./ Rochowstr.",
        "category": "Grünanlage"
      },
      "geometry": {
        "type": "Point",
        "coordinates": [
          13.45691388748803,
          52.500108589917396
        ]
      }
    },
    {
      "type": "Feature",
      "properties": {
        "name": "Singerstr. 23-28",
        "info": "",
        "category": "Grünanlage"
      },
      "geometry": {
        "type": "Point",
        "coordinates": [
          13.430167978652646,
          52.51514956514873
        ]
      }
    },
    {
      "type": "Feature",
      "properties": {
        "name": "Hermann-Stöhr-Platz, Grünanl.",
        "info": "",
        "category": "Grünanlage"
      },
      "geometry": {
        "type": "Point",
        "coordinates": [
          13.433936125743612,
          52.51196514765302
        ]
      }
    },
    {
      "type": "Feature",
      "properties": {
        "name": "Marchlewskistr., Grünanl.",
        "info": "vor Kita, zw. Nr. 25 u. 27",
        "category": "Grünanlage"
      },
      "geometry": {
        "type": "Point",
        "coordinates": [
          13.444737233547045,
          52.514898958407834
        ]
      }
    },
    {
      "type": "Feature",
      "properties": {
        "name": "Lichtenberger Straße 13-16, Hinterland",
        "info": "Neue Weberstr./ Palisadenstr.",
        "category": "Grünanlage"
      },
      "geometry": {
        "type": "Point",
        "coordinates": [
          13.43003627656061,
          52.52020282215457
        ]
      }
    },
    {
      "type": "Feature",
      "properties": {
        "name": "Boxhagener Str. 119, Zufahrt",
        "info": "Frankfurter Tor",
        "category": "Grünanlage"
      },
      "geometry": {
        "type": "Point",
        "coordinates": [
          13.455327581421233,
          52.51507765109784
        ]
      }
    },
    {
      "type": "Feature",
      "properties": {
        "name": "Warschauer Straße, Grünanl.",
        "info": "Brücke",
        "category": "Grünanlage"
      },
      "geometry": {
        "type": "Point",
        "coordinates": [
          13.450616065879244,
          52.507535025120134
        ]
      }
    },
    {
      "type": "Feature",
      "properties": {
        "name": "Weidenweg ggü. 17-27",
        "info": "Karl-Marx-Allee 105-131, Hinterland",
        "category": "Grünanlage"
      },
      "geometry": {
        "type": "Point",
        "coordinates": [
          13.446616898347916,
          52.51749943249216
        ]
      }
    },
    {
      "type": "Feature",
      "properties": {
        "name": "Wismarplatz, Grünanl.",
        "info": "",
        "category": "Grünanlage"
      },
      "geometry": {
        "type": "Point",
        "coordinates": [
          13.46423770619996,
          52.510644388126565
        ]
      }
    },
    {
      "type": "Feature",
      "properties": {
        "name": "Karl-Marx-Allee zw.103 u. 105",
        "info": "Rosengarten",
        "category": "Grünanlage"
      },
      "geometry": {
        "type": "Point",
        "coordinates": [
          13.444394624829178,
          52.5175230975517
        ]
      }
    },
    {
      "type": "Feature",
      "properties": {
        "name": "Laskerstr. 6, 8",
        "info": "Bürgergarten Laskerwiese",
        "category": "Grünanlage"
      },
      "geometry": {
        "type": "Point",
        "coordinates": [
          13.464617306649057,
          52.50097743087607
        ]
      }
    },
    {
      "type": "Feature",
      "properties": {
        "name": "Frankfurter Allee 1-27",
        "info": "",
        "category": "Grünanlage"
      },
      "geometry": {
        "type": "Point",
        "coordinates": [
          13.45743294263872,
          52.51572879451937
        ]
      }
    },
    {
      "type": "Feature",
      "properties": {
        "name": "Hildegard-Jadamowitz-Str. 25",
        "info": "ehemals Kloster",
        "category": "Grünanlage"
      },
      "geometry": {
        "type": "Point",
        "coordinates": [
          13.45171525223622,
          52.51540366090231
        ]
      }
    },
    {
      "type": "Feature",
      "properties": {
        "name": "Friedenstraße 83",
        "info": "Pufendorfstr.",
        "category": "Grünanlage"
      },
      "geometry": {
        "type": "Point",
        "coordinates": [
          13.438303639337855,
          52.52071186772941
        ]
      }
    },
    {
      "type": "Feature",
      "properties": {
        "name": "Karl-Marx-Allee 70A-I",
        "info": "vor Häuserblock",
        "category": "Grünanlage"
      },
      "geometry": {
        "type": "Point",
        "coordinates": [
          13.434683703972498,
          52.517452293536785
        ]
      }
    },
    {
      "type": "Feature",
      "properties": {
        "name": "Koppenstr., Grünanl.",
        "info": "Kastanienwäldchen",
        "category": "Grünanlage"
      },
      "geometry": {
        "type": "Point",
        "coordinates": [
          13.436338345370027,
          52.518345614924584
        ]
      }
    },
    {
      "type": "Feature",
      "properties": {
        "name": "Alt-Stralau 17-19",
        "info": "Karl-Marx-Gedenkstätte und Uferpromenade",
        "category": "Grünanlage"
      },
      "geometry": {
        "type": "Point",
        "coordinates": [
          13.471215510362876,
          52.49344615302835
        ]
      }
    },
    {
      "type": "Feature",
      "properties": {
        "name": "Tunnelstr. 13",
        "info": "Regatta-Ufer",
        "category": "Grünanlage"
      },
      "geometry": {
        "type": "Point",
        "coordinates": [
          13.481625488055125,
          52.48929769850016
        ]
      }
    },
    {
      "type": "Feature",
      "properties": {
        "name": "Alt-Stralau 20-29",
        "info": "Caroline-Tübbecke-Ufer",
        "category": "Grünanlage"
      },
      "geometry": {
        "type": "Point",
        "coordinates": [
          13.47343268067498,
          52.49269019965662
        ]
      }
    },
    {
      "type": "Feature",
      "properties": {
        "name": "Alt-Stralau 32A, Tunnelstr. 1-4",
        "info": "Wendenwiese",
        "category": "Grünanlage"
      },
      "geometry": {
        "type": "Point",
        "coordinates": [
          13.477766714257559,
          52.49196749424205
        ]
      }
    },
    {
      "type": "Feature",
      "properties": {
        "name": "Am Speicher hinter 2-10",
        "info": "Ufergrünzug Rummelsburger See, Nixenkai",
        "category": "Grünanlage"
      },
      "geometry": {
        "type": "Point",
        "coordinates": [
          13.47543882837433,
          52.49577073263042
        ]
      }
    },
    {
      "type": "Feature",
      "properties": {
        "name": "Forckenbeckplatz",
        "info": "",
        "category": "Grünanlage"
      },
      "geometry": {
        "type": "Point",
        "coordinates": [
          13.458826269969682,
          52.51963915747951
        ]
      }
    },
    {
      "type": "Feature",
      "properties": {
        "name": "Bänschstraße, Grünanl.",
        "info": "Promenade",
        "category": "Grünanlage"
      },
      "geometry": {
        "type": "Point",
        "coordinates": [
          13.463995517922386,
          52.51845047265799
        ]
      }
    },
    {
      "type": "Feature",
      "properties": {
        "name": "Am Ostbahnhof/ Andreasstr.",
        "info": "Stralauer Platz",
        "category": "Grünanlage"
      },
      "geometry": {
        "type": "Point",
        "coordinates": [
          13.431059831795059,
          52.510551552736075
        ]
      }
    },
    {
      "type": "Feature",
      "properties": {
        "name": "Karl-Marx-Allee 71-143",
        "info": "3 Teilstücke",
        "category": "Grünanlage"
      },
      "geometry": {
        "type": "Point",
        "coordinates": [
          13.44507323394866,
          52.516938083052885
        ]
      }
    },
    {
      "type": "Feature",
      "properties": {
        "name": "Otto-Braun-Str., Grünanl.",
        "info": "Königstor",
        "category": "Grünanlage"
      },
      "geometry": {
        "type": "Point",
        "coordinates": [
          13.423919864123569,
          52.52770544935108
        ]
      }
    },
    {
      "type": "Feature",
      "properties": {
        "name": "Mollstraße 20-29",
        "info": "",
        "category": "Grünanlage"
      },
      "geometry": {
        "type": "Point",
        "coordinates": [
          13.423444664712035,
          52.52424355216099
        ]
      }
    },
    {
      "type": "Feature",
      "properties": {
        "name": "Rudolfplatz",
        "info": "",
        "category": "Grünanlage"
      },
      "geometry": {
        "type": "Point",
        "coordinates": [
          13.456029368029405,
          52.50291537735472
        ]
      }
    },
    {
      "type": "Feature",
      "properties": {
        "name": "Lichtenberger Straße vor 28-37",
        "info": "Bezirksgrenze zu Mitte",
        "category": "Grünanlage"
      },
      "geometry": {
        "type": "Point",
        "coordinates": [
          13.425211098591857,
          52.51507287045364
        ]
      }
    },
    {
      "type": "Feature",
      "properties": {
        "name": "Platz der Vereinten Nationen vor 27-32",
        "info": "Tannenwald",
        "category": "Grünanlage"
      },
      "geometry": {
        "type": "Point",
        "coordinates": [
          13.429479188063087,
          52.523917979511815
        ]
      }
    },
    {
      "type": "Feature",
      "properties": {
        "name": "Platz der Vereinten Nationen 1-2",
        "info": "Brunnen",
        "category": "Grünanlage"
      },
      "geometry": {
        "type": "Point",
        "coordinates": [
          13.430631280634017,
          52.52393330167128
        ]
      }
    },
    {
      "type": "Feature",
      "properties": {
        "name": "Platz der Vereinten Nationen vor 3-12",
        "info": "",
        "category": "Grünanlage"
      },
      "geometry": {
        "type": "Point",
        "coordinates": [
          13.430903110445355,
          52.5227483226747
        ]
      }
    },
    {
      "type": "Feature",
      "properties": {
        "name": "Traveplatz",
        "info": "",
        "category": "Grünanlage"
      },
      "geometry": {
        "type": "Point",
        "coordinates": [
          13.46983483016423,
          52.51097566954084
        ]
      }
    },
    {
      "type": "Feature",
      "properties": {
        "name": "Platz der Vereinten Nationen vor 15-22",
        "info": "Supermarkt",
        "category": "Grünanlage"
      },
      "geometry": {
        "type": "Point",
        "coordinates": [
          13.427959911337746,
          52.52285429924569
        ]
      }
    },
    {
      "type": "Feature",
      "properties": {
        "name": "Petersburger Platz, Grünanl.",
        "info": "",
        "category": "Grünanlage"
      },
      "geometry": {
        "type": "Point",
        "coordinates": [
          13.45052979799839,
          52.52116995491042
        ]
      }
    },
    {
      "type": "Feature",
      "properties": {
        "name": "Annemirl-Bauer-Platz",
        "info": "Lenbachstr. 11-13",
        "category": "Grünanlage"
      },
      "geometry": {
        "type": "Point",
        "coordinates": [
          13.46689769208022,
          52.50475629532105
        ]
      }
    },
    {
      "type": "Feature",
      "properties": {
        "name": "Simplonstr./ Gabriel-Max-Str./ Wühlischstr.",
        "info": "Dreieck",
        "category": "Grünanlage"
      },
      "geometry": {
        "type": "Point",
        "coordinates": [
          13.457413309528874,
          52.50943626668974
        ]
      }
    },
    {
      "type": "Feature",
      "properties": {
        "name": "Fischzug, Promenade",
        "info": "Promenade",
        "category": "Grünanlage"
      },
      "geometry": {
        "type": "Point",
        "coordinates": [
          13.471849451138926,
          52.49652980357509
        ]
      }
    },
    {
      "type": "Feature",
      "properties": {
        "name": "Fischzug/ Bahrfeldstr.",
        "info": "Engelwiese",
        "category": "Grünanlage"
      },
      "geometry": {
        "type": "Point",
        "coordinates": [
          13.471294516772584,
          52.495888110669995
        ]
      }
    },
    {
      "type": "Feature",
      "properties": {
        "name": "Alt-Stralau 32B-34/ Tunnelstr.47A-49C",
        "info": "Ufergrünzug Rummelsburger See, Bartholomäus-Ufer",
        "category": "Grünanlage"
      },
      "geometry": {
        "type": "Point",
        "coordinates": [
          13.480148911916901,
          52.49229391460943
        ]
      }
    },
    {
      "type": "Feature",
      "properties": {
        "name": "Mühlenstr. 64-73",
        "info": "East-Side-Park",
        "category": "Grünanlage"
      },
      "geometry": {
        "type": "Point",
        "coordinates": [
          13.44359470233247,
          52.50341389464361
        ]
      }
    },
    {
      "type": "Feature",
      "properties": {
        "name": "Mühlenstr. 47",
        "info": "Park an der Spree",
        "category": "Grünanlage"
      },
      "geometry": {
        "type": "Point",
        "coordinates": [
          13.435406417222588,
          52.50727744770038
        ]
      }
    },
    {
      "type": "Feature",
      "properties": {
        "name": "Fischzug, Ufer",
        "info": "Ufergrünzug Rummelsburger See",
        "category": "Grünanlage"
      },
      "geometry": {
        "type": "Point",
        "coordinates": [
          13.472660939328346,
          52.497400449379036
        ]
      }
    },
    {
      "type": "Feature",
      "properties": {
        "name": "Alt-Stralau 30-32",
        "info": "Ufergrünzug Spree",
        "category": "Grünanlage"
      },
      "geometry": {
        "type": "Point",
        "coordinates": [
          13.47601507679008,
          52.49220502532823
        ]
      }
    },
    {
      "type": "Feature",
      "properties": {
        "name": "Stralauer Platz 33-34",
        "info": "am Ufer",
        "category": "Grünanlage"
      },
      "geometry": {
        "type": "Point",
        "coordinates": [
          13.432094006993763,
          52.50843583343498
        ]
      }
    },
    {
      "type": "Feature",
      "properties": {
        "name": "Alt-Stralau 36",
        "info": "Durchwegung Schule",
        "category": "Grünanlage"
      },
      "geometry": {
        "type": "Point",
        "coordinates": [
          13.47581536482066,
          52.49370302003498
        ]
      }
    },
    {
      "type": "Feature",
      "properties": {
        "name": "Gleisdreieck, Möckernstraße 42, 44",
        "info": "\"Wäldchen\"",
        "category": "Grünanlage"
      },
      "geometry": {
        "type": "Point",
        "coordinates": [
          13.374257704349322,
          52.49450233466535
        ]
      }
    },
    {
      "type": "Feature",
      "properties": {
        "name": "Lobeckstr./ Alexandrinenstr.",
        "info": "Durchgangsweg",
        "category": "Grünanlage"
      },
      "geometry": {
        "type": "Point",
        "coordinates": [
          13.403699199855376,
          52.501098888798374
        ]
      }
    },
    {
      "type": "Feature",
      "properties": {
        "name": "Volkspark Friedrichshain",
        "info": "Park inkl. Neuer Hain",
        "category": "Grünanlage"
      },
      "geometry": {
        "type": "Point",
        "coordinates": [
          13.435696116874821,
          52.52729082389305
        ]
      }
    },
    {
      "type": "Feature",
      "properties": {
        "name": "Boxhagener Platz, Grünanl.",
        "info": "",
        "category": "Grünanlage"
      },
      "geometry": {
        "type": "Point",
        "coordinates": [
          13.459927833126615,
          52.51077473445903
        ]
      }
    },
    {
      "type": "Feature",
      "properties": {
        "name": "Besselpark",
        "info": "",
        "category": "Grünanlage"
      },
      "geometry": {
        "type": "Point",
        "coordinates": [
          13.391996271517222,
          52.50381155158873
        ]
      }
    },
    {
      "type": "Feature",
      "properties": {
        "name": "Elise-Tilse-Park",
        "info": "Anhalter Bahnhof, Hochfläche",
        "category": "Grünanlage"
      },
      "geometry": {
        "type": "Point",
        "coordinates": [
          13.380099430201025,
          52.500556850216064
        ]
      }
    },
    {
      "type": "Feature",
      "properties": {
        "name": "Ritterstr./ Lobeckstr.",
        "info": "",
        "category": "Grünanlage"
      },
      "geometry": {
        "type": "Point",
        "coordinates": [
          13.406017933459768,
          52.50295222885883
        ]
      }
    },
    {
      "type": "Feature",
      "properties": {
        "name": "Hallesches Ufer zw. Köthener- u. Schöneberger Brücke",
        "info": "ggü. Mendelssohn-Bartholdy-Park",
        "category": "Grünanlage"
      },
      "geometry": {
        "type": "Point",
        "coordinates": [
          13.375985359588661,
          52.5023716966002
        ]
      }
    },
    {
      "type": "Feature",
      "properties": {
        "name": "Simplonstr. 58-62",
        "info": "Revaler Str.",
        "category": "Grünanlage"
      },
      "geometry": {
        "type": "Point",
        "coordinates": [
          13.46528741038309,
          52.50461729664271
        ]
      }
    },
    {
      "type": "Feature",
      "properties": {
        "name": "Gleisdreieck, Westpark",
        "info": "",
        "category": "Grünanlage"
      },
      "geometry": {
        "type": "Point",
        "coordinates": [
          13.371844807818789,
          52.499248318807496
        ]
      }
    },
    {
      "type": "Feature",
      "properties": {
        "name": "Rudi-Dutschke-Str./ Charlottenstr.",
        "info": "",
        "category": "Grünanlage"
      },
      "geometry": {
        "type": "Point",
        "coordinates": [
          13.392049134870042,
          52.50660682786851
        ]
      }
    },
    {
      "type": "Feature",
      "properties": {
        "name": "Volkspark Friedrichshain, Märzgefallenen",
        "info": "Gedenkstätte d. Märzgefallenen, Ernst-Zinna-Weg 1",
        "category": "Grünanlage"
      },
      "geometry": {
        "type": "Point",
        "coordinates": [
          13.436763396826294,
          52.52433456223775
        ]
      }
    },
    {
      "type": "Feature",
      "properties": {
        "name": "Bethanien, Hof",
        "info": "Freiluftkino",
        "category": "Grünanlage"
      },
      "geometry": {
        "type": "Point",
        "coordinates": [
          13.423647680032213,
          52.504055171194224
        ]
      }
    },
    {
      "type": "Feature",
      "properties": {
        "name": "Kratzbruch",
        "info": "GLB",
        "category": "Grünanlage"
      },
      "geometry": {
        "type": "Point",
        "coordinates": [
          13.485536671336588,
          52.48956720777148
        ]
      }
    },
    {
      "type": "Feature",
      "properties": {
        "name": "Lasdehner Straße 13, 15",
        "info": "Durchgang Kadiner Str.",
        "category": "Grünanlage"
      },
      "geometry": {
        "type": "Point",
        "coordinates": [
          13.450142453044045,
          52.51483211523026
        ]
      }
    },
    {
      "type": "Feature",
      "properties": {
        "name": "Tunnelstr. 38-44",
        "info": "Hansa Werft, Ufergrünzug Rummelsburger See",
        "category": "Grünanlage"
      },
      "geometry": {
        "type": "Point",
        "coordinates": [
          13.480954761731457,
          52.491620625278756
        ]
      }
    },
    {
      "type": "Feature",
      "properties": {
        "name": "Am Oberbaum",
        "info": "",
        "category": "Grünanlage"
      },
      "geometry": {
        "type": "Point",
        "coordinates": [
          13.4461017799557,
          52.50252956538688
        ]
      }
    },
    {
      "type": "Feature",
      "properties": {
        "name": "An der Ostbahn, Grünanl.",
        "info": "",
        "category": "Grünanlage"
      },
      "geometry": {
        "type": "Point",
        "coordinates": [
          13.444986887445891,
          52.50862398561889
        ]
      }
    },
    {
      "type": "Feature",
      "properties": {
        "name": "Pettenkoferstr. 5",
        "info": "",
        "category": "Grünanlage"
      },
      "geometry": {
        "type": "Point",
        "coordinates": [
          13.472856533084933,
          52.516419838197784
        ]
      }
    },
    {
      "type": "Feature",
      "properties": {
        "name": "Bethanien, Gärten",
        "info": "Ton, Steine, Gärten",
        "category": "Grünanlage"
      },
      "geometry": {
        "type": "Point",
        "coordinates": [
          13.42381753034496,
          52.50481378427554
        ]
      }
    },
    {
      "type": "Feature",
      "properties": {
        "name": "Charlottenstr. 98",
        "info": "",
        "category": "Grünanlage"
      },
      "geometry": {
        "type": "Point",
        "coordinates": [
          13.392122567091356,
          52.50452872215981
        ]
      }
    },
    {
      "type": "Feature",
      "properties": {
        "name": "Lindenstr. 76, Markgrafenstraße",
        "info": "Markgrafenpark",
        "category": "Grünanlage"
      },
      "geometry": {
        "type": "Point",
        "coordinates": [
          13.395767609947338,
          52.50617445015331
        ]
      }
    },
    {
      "type": "Feature",
      "properties": {
        "name": "Frankfurter Allee 6A,14A",
        "info": "",
        "category": "Grünanlage"
      },
      "geometry": {
        "type": "Point",
        "coordinates": [
          13.457060543049865,
          52.51433304463133
        ]
      }
    },
    {
      "type": "Feature",
      "properties": {
        "name": "Lohmühleninsel",
        "info": "Vor dem Schlesischen Tor 1",
        "category": "Grünanlage"
      },
      "geometry": {
        "type": "Point",
        "coordinates": [
          13.448962506608137,
          52.49644297762577
        ]
      }
    },
    {
      "type": "Feature",
      "properties": {
        "name": "Ede-und-Unku-Weg, Grünanl.",
        "info": "Durchwegung Dossestr.- Scharnweberstr.",
        "category": "Grünanlage"
      },
      "geometry": {
        "type": "Point",
        "coordinates": [
          13.473433076819974,
          52.51181947586495
        ]
      }
    },
    {
      "type": "Feature",
      "properties": {
        "name": "Am Wriezener Bahnhof, Grünanl.",
        "info": "Platz am Berghain",
        "category": "Grünanlage"
      },
      "geometry": {
        "type": "Point",
        "coordinates": [
          13.442233260090132,
          52.51105048908709
        ]
      }
    },
    {
      "type": "Feature",
      "properties": {
        "name": "Gleisdreieck, Ostpark",
        "info": "",
        "category": "Grünanlage"
      },
      "geometry": {
        "type": "Point",
        "coordinates": [
          13.376534624303035,
          52.49441590660767
        ]
      }
    },
    {
      "type": "Feature",
      "properties": {
        "name": "Alt-Stralau 55",
        "info": "Engelwiese Wohnpark",
        "category": "Grünanlage"
      },
      "geometry": {
        "type": "Point",
        "coordinates": [
          13.469968006473978,
          52.494981097849404
        ]
      }
    },
    {
      "type": "Feature",
      "properties": {
        "name": "Oranienstr. 59-62",
        "info": "Ecke Prinzenstr.",
        "category": "Grünanlage"
      },
      "geometry": {
        "type": "Point",
        "coordinates": [
          13.410258793437443,
          52.504089032987004
        ]
      }
    },
    {
      "type": "Feature",
      "properties": {
        "name": "Friedenstraße",
        "info": "",
        "category": "Grünanlage"
      },
      "geometry": {
        "type": "Point",
        "coordinates": [
          13.433051386430341,
          52.52294693945416
        ]
      }
    },
    {
      "type": "Feature",
      "properties": {
        "name": "Alt-Stralau 4-12",
        "info": "Ufergrünzug Spree",
        "category": "Grünanlage"
      },
      "geometry": {
        "type": "Point",
        "coordinates": [
          13.466817285676928,
          52.494846346125605
        ]
      }
    },
    {
      "type": "Feature",
      "properties": {
        "name": "Gleisdreieck, Gleisinseln",
        "info": "",
        "category": "Grünanlage"
      },
      "geometry": {
        "type": "Point",
        "coordinates": [
          13.371046121031704,
          52.49536484964687
        ]
      }
    },
    {
      "type": "Feature",
      "properties": {
        "name": "Gleisdreieck, Dennewitzstr.",
        "info": "Yorckstr. 35, 42",
        "category": "Grünanlage"
      },
      "geometry": {
        "type": "Point",
        "coordinates": [
          13.370096110062448,
          52.496275765466756
        ]
      }
    },
    {
      "type": "Feature",
      "properties": {
        "name": "Helsingforser Str., Grünanl.",
        "info": "Wriezener Park",
        "category": "Grünanlage"
      },
      "geometry": {
        "type": "Point",
        "coordinates": [
          13.445829031444994,
          52.509484568532656
        ]
      }
    },
    {
      "type": "Feature",
      "properties": {
        "name": "Alt-Stralau 13-15",
        "info": "Ufergrünzug Spree",
        "category": "Grünanlage"
      },
      "geometry": {
        "type": "Point",
        "coordinates": [
          13.469713172111442,
          52.49377678503107
        ]
      }
    },
    {
      "type": "Feature",
      "properties": {
        "name": "Schleiermacherstr./ Baerwaldstr.",
        "info": "Durchgang",
        "category": "Grünanlage"
      },
      "geometry": {
        "type": "Point",
        "coordinates": [
          13.400096023576213,
          52.492525565925206
        ]
      }
    },
    {
      "type": "Feature",
      "properties": {
        "name": "Frankfurter Tor 3-5",
        "info": "Durchgang zur Liebig",
        "category": "Grünanlage"
      },
      "geometry": {
        "type": "Point",
        "coordinates": [
          13.454684997701897,
          52.516023458330785
        ]
      }
    },
    {
      "type": "Feature",
      "properties": {
        "name": "Tunnelstr. 37",
        "info": "Pocketpark 1 und Ufergrünzug Rummelsburger See",
        "category": "Grünanlage"
      },
      "geometry": {
        "type": "Point",
        "coordinates": [
          13.481273802833503,
          52.490650648451165
        ]
      }
    },
    {
      "type": "Feature",
      "properties": {
        "name": "Franz-Mehring-Platz 1",
        "info": "",
        "category": "Grünanlage"
      },
      "geometry": {
        "type": "Point",
        "coordinates": [
          13.439758459024029,
          52.513138759439805
        ]
      }
    },
    {
      "type": "Feature",
      "properties": {
        "name": "Frankfurter Tor 8-9",
        "info": "Durchgang \"Kloster\"",
        "category": "Grünanlage"
      },
      "geometry": {
        "type": "Point",
        "coordinates": [
          13.453133334505523,
          52.515524540894596
        ]
      }
    },
    {
      "type": "Feature",
      "properties": {
        "name": "Frankfurter Allee 106-106A",
        "info": "Hinterland",
        "category": "Grünanlage"
      },
      "geometry": {
        "type": "Point",
        "coordinates": [
          13.47412627302453,
          52.51290945770328
        ]
      }
    },
    {
      "type": "Feature",
      "properties": {
        "name": "Volkspark Friedrichshain, ehemals Park-Pavillion",
        "info": "",
        "category": "Grünanlage"
      },
      "geometry": {
        "type": "Point",
        "coordinates": [
          13.4318041554561,
          52.52510076300174
        ]
      }
    },
    {
      "type": "Feature",
      "properties": {
        "name": "Karl-Marx-Allee 70C-F",
        "info": "Hinterland",
        "category": "Grünanlage"
      },
      "geometry": {
        "type": "Point",
        "coordinates": [
          13.43387666202065,
          52.51709027163514
        ]
      }
    },
    {
      "type": "Feature",
      "properties": {
        "name": "Frankfurter Tor 1-2",
        "info": "Zierfische",
        "category": "Grünanlage"
      },
      "geometry": {
        "type": "Point",
        "coordinates": [
          13.453163518974486,
          52.51617086063763
        ]
      }
    },
    {
      "type": "Feature",
      "properties": {
        "name": "Palisadenstr. zw. Schulweg und Kirche",
        "info": "Palisadenstr. neben 73-74",
        "category": "Grünanlage"
      },
      "geometry": {
        "type": "Point",
        "coordinates": [
          13.435485325354675,
          52.519903594518105
        ]
      }
    },
    {
      "type": "Feature",
      "properties": {
        "name": "Platz der Vereinten Nationen neben 14",
        "info": "Rasen vor Supermarkt",
        "category": "Grünanlage"
      },
      "geometry": {
        "type": "Point",
        "coordinates": [
          13.429205619113606,
          52.52216959606409
        ]
      }
    },
    {
      "type": "Feature",
      "properties": {
        "name": "Regina-Jonas-Str. 38",
        "info": "Fraenkelufer neben 10",
        "category": "Grünanlage"
      },
      "geometry": {
        "type": "Point",
        "coordinates": [
          13.417512747110393,
          52.496411214457055
        ]
      }
    },
    {
      "type": "Feature",
      "properties": {
        "name": "Hallesches Ufer zw. Schöneberger u. Möckernbrücke",
        "info": "",
        "category": "Grünanlage"
      },
      "geometry": {
        "type": "Point",
        "coordinates": [
          13.377015175264582,
          52.50161780535091
        ]
      }
    },
    {
      "type": "Feature",
      "properties": {
        "name": "Mehringdamm 90",
        "info": "Wilhelmshöhe",
        "category": "Grünanlage"
      },
      "geometry": {
        "type": "Point",
        "coordinates": [
          13.385450060339325,
          52.48842623881158
        ]
      }
    },
    {
      "type": "Feature",
      "properties": {
        "name": "Hornstraße, Grünanl.",
        "info": "Mittelpromenade",
        "category": "Grünanlage"
      },
      "geometry": {
        "type": "Point",
        "coordinates": [
          13.380069214675778,
          52.494336236470886
        ]
      }
    },
    {
      "type": "Feature",
      "properties": {
        "name": "Brachvogelstr., Grünanl.",
        "info": "Uferböschung zw. Zossener Str. u. Waterloobrücke",
        "category": "Grünanlage"
      },
      "geometry": {
        "type": "Point",
        "coordinates": [
          13.397347182727703,
          52.4974616916883
        ]
      }
    },
    {
      "type": "Feature",
      "properties": {
        "name": "Waterloo-Ufer 7 / Blücherplatz",
        "info": "Grillplatz",
        "category": "Grünanlage"
      },
      "geometry": {
        "type": "Point",
        "coordinates": [
          13.394151448703667,
          52.496990077927784
        ]
      }
    },
    {
      "type": "Feature",
      "properties": {
        "name": "Baerwaldstr., Grünanl.",
        "info": "Promenade",
        "category": "Grünanlage"
      },
      "geometry": {
        "type": "Point",
        "coordinates": [
          13.403699836566085,
          52.49460873261098
        ]
      }
    },
    {
      "type": "Feature",
      "properties": {
        "name": "Viktoriapark",
        "info": "",
        "category": "Grünanlage"
      },
      "geometry": {
        "type": "Point",
        "coordinates": [
          13.380211006112669,
          52.48818569848294
        ]
      }
    },
    {
      "type": "Feature",
      "properties": {
        "name": "Marheinekeplatz, Grünanl.",
        "info": "",
        "category": "Grünanlage"
      },
      "geometry": {
        "type": "Point",
        "coordinates": [
          13.396692997440358,
          52.48911249829237
        ]
      }
    },
    {
      "type": "Feature",
      "properties": {
        "name": "Fontanepromenade, Grünanl.",
        "info": "",
        "category": "Grünanlage"
      },
      "geometry": {
        "type": "Point",
        "coordinates": [
          13.40763207150053,
          52.491015648659776
        ]
      }
    },
    {
      "type": "Feature",
      "properties": {
        "name": "Urbanhafen",
        "info": "Carl-Herz-Ufer/ Planufer",
        "category": "Grünanlage"
      },
      "geometry": {
        "type": "Point",
        "coordinates": [
          13.408428199888897,
          52.49536885411789
        ]
      }
    },
    {
      "type": "Feature",
      "properties": {
        "name": "Chamissoplatz",
        "info": "",
        "category": "Grünanlage"
      },
      "geometry": {
        "type": "Point",
        "coordinates": [
          13.391167574974466,
          52.48820924862395
        ]
      }
    },
    {
      "type": "Feature",
      "properties": {
        "name": "Hohenstaufenplatz",
        "info": "",
        "category": "Grünanlage"
      },
      "geometry": {
        "type": "Point",
        "coordinates": [
          13.4220237681132,
          52.49092959520311
        ]
      }
    },
    {
      "type": "Feature",
      "properties": {
        "name": "Carl-Herz-Ufer, Grünanl.",
        "info": "",
        "category": "Grünanlage"
      },
      "geometry": {
        "type": "Point",
        "coordinates": [
          13.402594989903033,
          52.49647504408536
        ]
      }
    },
    {
      "type": "Feature",
      "properties": {
        "name": "Grimmstr. Promenade",
        "info": "",
        "category": "Grünanlage"
      },
      "geometry": {
        "type": "Point",
        "coordinates": [
          13.413453013761206,
          52.49260652037572
        ]
      }
    },
    {
      "type": "Feature",
      "properties": {
        "name": "Zossener Str. 65",
        "info": "Heilig-Kreuz-Kirche",
        "category": "Grünanlage"
      },
      "geometry": {
        "type": "Point",
        "coordinates": [
          13.396075181321203,
          52.496589216933465
        ]
      }
    },
    {
      "type": "Feature",
      "properties": {
        "name": "Görlitzer Ufer, Grünanl.",
        "info": "zw. Reichenberger Str. u. Taborstr.",
        "category": "Grünanlage"
      },
      "geometry": {
        "type": "Point",
        "coordinates": [
          13.443144814120364,
          52.49355953125855
        ]
      }
    },
    {
      "type": "Feature",
      "properties": {
        "name": "Ratiborstr. 14B",
        "info": "Studentenbad",
        "category": "Grünanlage"
      },
      "geometry": {
        "type": "Point",
        "coordinates": [
          13.43983413422876,
          52.49147751239585
        ]
      }
    },
    {
      "type": "Feature",
      "properties": {
        "name": "Paul-Lincke-Ufer, Grünanl.",
        "info": "zw. Ratiborstr. und Mariannenstr.",
        "category": "Grünanlage"
      },
      "geometry": {
        "type": "Point",
        "coordinates": [
          13.43197724589481,
          52.492707199846876
        ]
      }
    },
    {
      "type": "Feature",
      "properties": {
        "name": "Cuvrystr. 13-15/ Falckensteinstr. 39-40",
        "info": "Durchgang",
        "category": "Grünanlage"
      },
      "geometry": {
        "type": "Point",
        "coordinates": [
          13.443843869049317,
          52.498365221007454
        ]
      }
    },
    {
      "type": "Feature",
      "properties": {
        "name": "Görlitzer Park",
        "info": "",
        "category": "Grünanlage"
      },
      "geometry": {
        "type": "Point",
        "coordinates": [
          13.438072819904514,
          52.496521879184726
        ]
      }
    },
    {
      "type": "Feature",
      "properties": {
        "name": "Lohmühleninsel, WSV",
        "info": "Böschung Flutgraben",
        "category": "Grünanlage"
      },
      "geometry": {
        "type": "Point",
        "coordinates": [
          13.448442953042806,
          52.49577293859231
        ]
      }
    },
    {
      "type": "Feature",
      "properties": {
        "name": "Gitschiner Straße, an  Zossener Brücke",
        "info": "",
        "category": "Grünanlage"
      },
      "geometry": {
        "type": "Point",
        "coordinates": [
          13.395160434483689,
          52.49808773591507
        ]
      }
    },
    {
      "type": "Feature",
      "properties": {
        "name": "Bethanien",
        "info": "Bethanienpark",
        "category": "Grünanlage"
      },
      "geometry": {
        "type": "Point",
        "coordinates": [
          13.422362015704426,
          52.5049747759429
        ]
      }
    },
    {
      "type": "Feature",
      "properties": {
        "name": "Skalitzer Str. 108",
        "info": "Blockspitze",
        "category": "Grünanlage"
      },
      "geometry": {
        "type": "Point",
        "coordinates": [
          13.42508020783538,
          52.49940535264098
        ]
      }
    },
    {
      "type": "Feature",
      "properties": {
        "name": "Oberbaumstr. 4",
        "info": "May-Ayim-Ufer",
        "category": "Grünanlage"
      },
      "geometry": {
        "type": "Point",
        "coordinates": [
          13.443692583362322,
          52.50135265520372
        ]
      }
    },
    {
      "type": "Feature",
      "properties": {
        "name": "Oberbaumstr. 8",
        "info": "Oberbaumstr./ Schlesische Str.",
        "category": "Grünanlage"
      },
      "geometry": {
        "type": "Point",
        "coordinates": [
          13.443258842697892,
          52.50076144801169
        ]
      }
    },
    {
      "type": "Feature",
      "properties": {
        "name": "Lausitzer Platz, Grünanl.",
        "info": "",
        "category": "Grünanlage"
      },
      "geometry": {
        "type": "Point",
        "coordinates": [
          13.430965343625623,
          52.50021990102807
        ]
      }
    },
    {
      "type": "Feature",
      "properties": {
        "name": "Oranienplatz, Grünanl.",
        "info": "mit Promenade nördl. Reichenberger Str.",
        "category": "Grünanlage"
      },
      "geometry": {
        "type": "Point",
        "coordinates": [
          13.416310492574711,
          52.50298820890986
        ]
      }
    },
    {
      "type": "Feature",
      "properties": {
        "name": "Mariannenplatz, Grünanl.",
        "info": "",
        "category": "Grünanlage"
      },
      "geometry": {
        "type": "Point",
        "coordinates": [
          13.425373614923444,
          52.503888099174276
        ]
      }
    },
    {
      "type": "Feature",
      "properties": {
        "name": "Böcklerpark",
        "info": "Prinzenstr. 1, Böcklerstr.",
        "category": "Grünanlage"
      },
      "geometry": {
        "type": "Point",
        "coordinates": [
          13.406983544650833,
          52.4974737577832
        ]
      }
    },
    {
      "type": "Feature",
      "properties": {
        "name": "Waldeckpark",
        "info": "Oranienstr./ Alte Jakobstr.",
        "category": "Grünanlage"
      },
      "geometry": {
        "type": "Point",
        "coordinates": [
          13.402374282598892,
          52.506224697108
        ]
      }
    },
    {
      "type": "Feature",
      "properties": {
        "name": "Alexandrinenstr./ Prinzenstr. am Landwehrkanal",
        "info": "Promenade am Sommerbad/ Pappelweg",
        "category": "Grünanlage"
      },
      "geometry": {
        "type": "Point",
        "coordinates": [
          13.404717150373019,
          52.496717634234855
        ]
      }
    },
    {
      "type": "Feature",
      "properties": {
        "name": "Wassertorplatz Süd",
        "info": "incl. Promenade zw. Segitz- u. Erkelenzdamm",
        "category": "Grünanlage"
      },
      "geometry": {
        "type": "Point",
        "coordinates": [
          13.412495383953805,
          52.497675082202136
        ]
      }
    },
    {
      "type": "Feature",
      "properties": {
        "name": "Wassertorplatz Nord",
        "info": "incl. Promenade südl. Reichenberger Str.",
        "category": "Grünanlage"
      },
      "geometry": {
        "type": "Point",
        "coordinates": [
          13.413730754295793,
          52.499326801709394
        ]
      }
    },
    {
      "type": "Feature",
      "properties": {
        "name": "Gitschiner Str. 12",
        "info": "Ecke Alexandrinenstr.",
        "category": "Grünanlage"
      },
      "geometry": {
        "type": "Point",
        "coordinates": [
          13.399505258587565,
          52.49778570819159
        ]
      }
    },
    {
      "type": "Feature",
      "properties": {
        "name": "Gitschiner Str. 2-6",
        "info": "am Pumpwerk",
        "category": "Grünanlage"
      },
      "geometry": {
        "type": "Point",
        "coordinates": [
          13.397639484333041,
          52.49788175532347
        ]
      }
    },
    {
      "type": "Feature",
      "properties": {
        "name": "Askanischer Platz 6",
        "info": "Anhalter Bahnhof",
        "category": "Grünanlage"
      },
      "geometry": {
        "type": "Point",
        "coordinates": [
          13.381128819674998,
          52.5025216402554
        ]
      }
    },
    {
      "type": "Feature",
      "properties": {
        "name": "Theodor-Wolff-Park",
        "info": "Friedrichstr. 238",
        "category": "Grünanlage"
      },
      "geometry": {
        "type": "Point",
        "coordinates": [
          13.390291953336051,
          52.50144655235111
        ]
      }
    },
    {
      "type": "Feature",
      "properties": {
        "name": "Schöneberger Str. 22A",
        "info": "Veloroute zum Anhalter Bahnhof",
        "category": "Grünanlage"
      },
      "geometry": {
        "type": "Point",
        "coordinates": [
          13.379343385871081,
          52.50229149279827
        ]
      }
    },
    {
      "type": "Feature",
      "properties": {
        "name": "Askanischer Platz 5",
        "info": "Ecke Schöneberger Str.",
        "category": "Grünanlage"
      },
      "geometry": {
        "type": "Point",
        "coordinates": [
          13.38131590448702,
          52.50375082464549
        ]
      }
    },
    {
      "type": "Feature",
      "properties": {
        "name": "Gitschiner Str. 110",
        "info": "Mehringplatz",
        "category": "Grünanlage"
      },
      "geometry": {
        "type": "Point",
        "coordinates": [
          13.393328706427035,
          52.498314535089044
        ]
      }
    },
    {
      "type": "Feature",
      "properties": {
        "name": "Hallesches Ufer/ Mehringplatz",
        "info": "",
        "category": "Grünanlage"
      },
      "geometry": {
        "type": "Point",
        "coordinates": [
          13.39056693788622,
          52.498160387379116
        ]
      }
    },
    {
      "type": "Feature",
      "properties": {
        "name": "Mendelssohn-Bartholdy-Park",
        "info": "",
        "category": "Grünanlage"
      },
      "geometry": {
        "type": "Point",
        "coordinates": [
          13.376573084127385,
          52.50295947811246
        ]
      }
    },
    {
      "type": "Feature",
      "properties": {
        "name": "Wilhelmstr. vor 15, Hedemannstr. 10",
        "info": "",
        "category": "Grünanlage"
      },
      "geometry": {
        "type": "Point",
        "coordinates": [
          13.388303683757526,
          52.50278093956148
        ]
      }
    },
    {
      "type": "Feature",
      "properties": {
        "name": "Marx-Engels-Forum",
        "info": "Rathausstr.",
        "category": "Grünanlage"
      },
      "geometry": {
        "type": "Point",
        "coordinates": [
          13.404655198505306,
          52.518513433212064
        ]
      }
    },
    {
      "type": "Feature",
      "properties": {
        "name": "Klosterkirche Grünanlage",
        "info": "ehem.\"Graues Kloster\" ggb. Amtsgericht Mitte",
        "category": "Grünanlage"
      },
      "geometry": {
        "type": "Point",
        "coordinates": [
          13.412467287888042,
          52.518120012394235
        ]
      }
    },
    {
      "type": "Feature",
      "properties": {
        "name": "Alte Stadtmauer zw. Littenstr. u. Waisenstr.",
        "info": "",
        "category": "Grünanlage"
      },
      "geometry": {
        "type": "Point",
        "coordinates": [
          13.414128706937644,
          52.51679389212363
        ]
      }
    },
    {
      "type": "Feature",
      "properties": {
        "name": "Rolandufer-Littenstr.-Stralauer Str.",
        "info": "\"GASAG-Vorplatz\" Park am Rolandufer",
        "category": "Grünanlage"
      },
      "geometry": {
        "type": "Point",
        "coordinates": [
          13.415899027597693,
          52.51552666880552
        ]
      }
    },
    {
      "type": "Feature",
      "properties": {
        "name": "Fernsehturmanlage zw. Fernsehturm u. Spandauer Str.",
        "info": "Fernsehturmanlage mit Kaskaden und Neptunbrunnen",
        "category": "Grünanlage"
      },
      "geometry": {
        "type": "Point",
        "coordinates": [
          13.407765972967224,
          52.52003434808811
        ]
      }
    },
    {
      "type": "Feature",
      "properties": {
        "name": "Holzmarktstr. 56 - 65",
        "info": "",
        "category": "Grünanlage"
      },
      "geometry": {
        "type": "Point",
        "coordinates": [
          13.421313610482418,
          52.51478293356921
        ]
      }
    },
    {
      "type": "Feature",
      "properties": {
        "name": "Singerstr. 109 - 117",
        "info": "Hinterland Lichtenberger Str.",
        "category": "Grünanlage"
      },
      "geometry": {
        "type": "Point",
        "coordinates": [
          13.424847935521072,
          52.51729643424611
        ]
      }
    },
    {
      "type": "Feature",
      "properties": {
        "name": "Schillingstr. 24 - 26",
        "info": "",
        "category": "Grünanlage"
      },
      "geometry": {
        "type": "Point",
        "coordinates": [
          13.420694072489775,
          52.519527724738694
        ]
      }
    },
    {
      "type": "Feature",
      "properties": {
        "name": "Neue Blumenstr. 11-13",
        "info": "",
        "category": "Grünanlage"
      },
      "geometry": {
        "type": "Point",
        "coordinates": [
          13.423726950278644,
          52.51784376736608
        ]
      }
    },
    {
      "type": "Feature",
      "properties": {
        "name": "Neue Blumenstr. 19 - 21",
        "info": "",
        "category": "Grünanlage"
      },
      "geometry": {
        "type": "Point",
        "coordinates": [
          13.425811771613429,
          52.51793256875566
        ]
      }
    },
    {
      "type": "Feature",
      "properties": {
        "name": "Berolinastr.12 - 17",
        "info": "",
        "category": "Grünanlage"
      },
      "geometry": {
        "type": "Point",
        "coordinates": [
          13.421578268494404,
          52.522357918825435
        ]
      }
    },
    {
      "type": "Feature",
      "properties": {
        "name": "Karl-Marx-Allee 5a - 25a",
        "info": "",
        "category": "Grünanlage"
      },
      "geometry": {
        "type": "Point",
        "coordinates": [
          13.420814899193447,
          52.52113588968919
        ]
      }
    },
    {
      "type": "Feature",
      "properties": {
        "name": "Holzmarktstr.- Lichtenberger Str.",
        "info": "",
        "category": "Grünanlage"
      },
      "geometry": {
        "type": "Point",
        "coordinates": [
          13.42519731703229,
          52.51496799571796
        ]
      }
    },
    {
      "type": "Feature",
      "properties": {
        "name": "Mollstr. 12-14 / Berolinastr. 25-32",
        "info": "",
        "category": "Grünanlage"
      },
      "geometry": {
        "type": "Point",
        "coordinates": [
          13.422843701096062,
          52.52256718355315
        ]
      }
    },
    {
      "type": "Feature",
      "properties": {
        "name": "Annenstr. - Heinrich-Heine-Str.",
        "info": "zw. Annenstr. u. Dresdener Str.",
        "category": "Grünanlage"
      },
      "geometry": {
        "type": "Point",
        "coordinates": [
          13.41347631714565,
          52.50766304695688
        ]
      }
    },
    {
      "type": "Feature",
      "properties": {
        "name": "Luisenstädtischer Kirchpark",
        "info": "",
        "category": "Grünanlage"
      },
      "geometry": {
        "type": "Point",
        "coordinates": [
          13.40771269350958,
          52.508820671248465
        ]
      }
    },
    {
      "type": "Feature",
      "properties": {
        "name": "Köpenicker Str.- Heinrich-Heine-Str.",
        "info": "Schmidstr. Druckerei",
        "category": "Grünanlage"
      },
      "geometry": {
        "type": "Point",
        "coordinates": [
          13.41802581532769,
          52.5094708444841
        ]
      }
    },
    {
      "type": "Feature",
      "properties": {
        "name": "Spreeuferpromenade Märkisches Ufer",
        "info": "an Chinesischer u. Brasilianischer Botschaft bis Jannowitzbrücke",
        "category": "Grünanlage"
      },
      "geometry": {
        "type": "Point",
        "coordinates": [
          13.4145542696658,
          52.514105740318904
        ]
      }
    },
    {
      "type": "Feature",
      "properties": {
        "name": "Köllnischer Park",
        "info": "",
        "category": "Grünanlage"
      },
      "geometry": {
        "type": "Point",
        "coordinates": [
          13.414249258533914,
          52.51304597476177
        ]
      }
    },
    {
      "type": "Feature",
      "properties": {
        "name": "Michaelkirchplatz 7-10",
        "info": "Melchiorstr.",
        "category": "Grünanlage"
      },
      "geometry": {
        "type": "Point",
        "coordinates": [
          13.420929793450211,
          52.50712593964706
        ]
      }
    },
    {
      "type": "Feature",
      "properties": {
        "name": "Pekinger Platz",
        "info": "",
        "category": "Grünanlage"
      },
      "geometry": {
        "type": "Point",
        "coordinates": [
          13.354233993787869,
          52.54002636704214
        ]
      }
    },
    {
      "type": "Feature",
      "properties": {
        "name": "Boyenstr. am  Erika-Heß-Eisstadion",
        "info": "einschl. Chausseestr. 83",
        "category": "Grünanlage"
      },
      "geometry": {
        "type": "Point",
        "coordinates": [
          13.36984553147545,
          52.53681529224583
        ]
      }
    },
    {
      "type": "Feature",
      "properties": {
        "name": "Kolonie Togo Hauptwegekreuz",
        "info": "Durchgänge Togostr. /Müllerstr.",
        "category": "Grünanlage"
      },
      "geometry": {
        "type": "Point",
        "coordinates": [
          13.338920328806873,
          52.55740505411719
        ]
      }
    },
    {
      "type": "Feature",
      "properties": {
        "name": "Eckernförder Platz",
        "info": "",
        "category": "Grünanlage"
      },
      "geometry": {
        "type": "Point",
        "coordinates": [
          13.337160626225014,
          52.54080873598925
        ]
      }
    },
    {
      "type": "Feature",
      "properties": {
        "name": "Blochplatz / Böttgerstr. an der S-Bahn",
        "info": "Bahnböschung",
        "category": "Grünanlage"
      },
      "geometry": {
        "type": "Point",
        "coordinates": [
          13.385347911163311,
          52.54885173005603
        ]
      }
    },
    {
      "type": "Feature",
      "properties": {
        "name": "Grüntaler Str., Promenade",
        "info": "zw. Bornholmer Str. u. Kolonie Grüntal",
        "category": "Grünanlage"
      },
      "geometry": {
        "type": "Point",
        "coordinates": [
          13.394835466312195,
          52.55723462270787
        ]
      }
    },
    {
      "type": "Feature",
      "properties": {
        "name": "Müllerstr. / Themsestr.",
        "info": "Eifelturm neben Centre Francais",
        "category": "Grünanlage"
      },
      "geometry": {
        "type": "Point",
        "coordinates": [
          13.343732510679878,
          52.56163548884175
        ]
      }
    },
    {
      "type": "Feature",
      "properties": {
        "name": "Belfaster Str. / Cambridger Str.",
        "info": "Grünzug",
        "category": "Grünanlage"
      },
      "geometry": {
        "type": "Point",
        "coordinates": [
          13.336988233977127,
          52.56240636086675
        ]
      }
    },
    {
      "type": "Feature",
      "properties": {
        "name": "Louise-Schroeder-Platz Osthälfte",
        "info": "Osthälfte",
        "category": "Grünanlage"
      },
      "geometry": {
        "type": "Point",
        "coordinates": [
          13.366103593791028,
          52.55763457466539
        ]
      }
    },
    {
      "type": "Feature",
      "properties": {
        "name": "Weddingplatz",
        "info": "",
        "category": "Grünanlage"
      },
      "geometry": {
        "type": "Point",
        "coordinates": [
          13.370033850207522,
          52.54059601932724
        ]
      }
    },
    {
      "type": "Feature",
      "properties": {
        "name": "Panke Grünzug Süd",
        "info": "Pankstr. bis Chausseestr.",
        "category": "Grünanlage"
      },
      "geometry": {
        "type": "Point",
        "coordinates": [
          13.374232281935257,
          52.538892027803236
        ]
      }
    },
    {
      "type": "Feature",
      "properties": {
        "name": "Panke Grünzug Mittelabschnitt",
        "info": "zw. Osloer Str. u. Pankstr.",
        "category": "Grünanlage"
      },
      "geometry": {
        "type": "Point",
        "coordinates": [
          13.379911075478716,
          52.55434102660318
        ]
      }
    },
    {
      "type": "Feature",
      "properties": {
        "name": "Sparrplatz",
        "info": "ohne Straßenränder auf TBA-Land",
        "category": "Grünanlage"
      },
      "geometry": {
        "type": "Point",
        "coordinates": [
          13.360509945773924,
          52.54192888983295
        ]
      }
    },
    {
      "type": "Feature",
      "properties": {
        "name": "Zeppelinplatz",
        "info": "",
        "category": "Grünanlage"
      },
      "geometry": {
        "type": "Point",
        "coordinates": [
          13.353359256101005,
          52.54594759552898
        ]
      }
    },
    {
      "type": "Feature",
      "properties": {
        "name": "Leopoldplatz",
        "info": "",
        "category": "Grünanlage"
      },
      "geometry": {
        "type": "Point",
        "coordinates": [
          13.362333979721893,
          52.54910008098019
        ]
      }
    },
    {
      "type": "Feature",
      "properties": {
        "name": "Nordhafenpark Ost",
        "info": "Am Nordhafen zw. Fenn- u. Sellerstr. OT Wedding",
        "category": "Grünanlage"
      },
      "geometry": {
        "type": "Point",
        "coordinates": [
          13.363478755788197,
          52.5376289728488
        ]
      }
    },
    {
      "type": "Feature",
      "properties": {
        "name": "Volkspark Humboldthain",
        "info": "",
        "category": "Grünanlage"
      },
      "geometry": {
        "type": "Point",
        "coordinates": [
          13.385506659136706,
          52.54518013643166
        ]
      }
    },
    {
      "type": "Feature",
      "properties": {
        "name": "Quitzowstr. 109",
        "info": "20565",
        "category": "Grünanlage"
      },
      "geometry": {
        "type": "Point",
        "coordinates": [
          13.344248081968551,
          52.534180138764405
        ]
      }
    },
    {
      "type": "Feature",
      "properties": {
        "name": "Ostender Str. 46 / Genter Str.",
        "info": "hinter Rathaus Wedding",
        "category": "Grünanlage"
      },
      "geometry": {
        "type": "Point",
        "coordinates": [
          13.354924617303732,
          52.5472786395291
        ]
      }
    },
    {
      "type": "Feature",
      "properties": {
        "name": "Gartenstr. / Grenzstr. Eckgrundstück",
        "info": "Himmelbeet",
        "category": "Grünanlage"
      },
      "geometry": {
        "type": "Point",
        "coordinates": [
          13.378942983733252,
          52.541409691363086
        ]
      }
    },
    {
      "type": "Feature",
      "properties": {
        "name": "Volkspark Rehberge",
        "info": "Parkteil AK 2",
        "category": "Grünanlage"
      },
      "geometry": {
        "type": "Point",
        "coordinates": [
          13.330518241574248,
          52.55105689345851
        ]
      }
    },
    {
      "type": "Feature",
      "properties": {
        "name": "Max-Josef-Metzger-Platz",
        "info": "(ehem. Courbiere-Platz)",
        "category": "Grünanlage"
      },
      "geometry": {
        "type": "Point",
        "coordinates": [
          13.364008782096118,
          52.544441778633946
        ]
      }
    },
    {
      "type": "Feature",
      "properties": {
        "name": "Sellerpark",
        "info": "Sellerstr. am Nordhafen",
        "category": "Grünanlage"
      },
      "geometry": {
        "type": "Point",
        "coordinates": [
          13.365592168790956,
          52.536868501845134
        ]
      }
    },
    {
      "type": "Feature",
      "properties": {
        "name": "Hochstädter Str. 8",
        "info": "",
        "category": "Grünanlage"
      },
      "geometry": {
        "type": "Point",
        "coordinates": [
          13.36362943180376,
          52.55114832863431
        ]
      }
    },
    {
      "type": "Feature",
      "properties": {
        "name": "Brunnenplatz",
        "info": "vorm Amtsgericht",
        "category": "Grünanlage"
      },
      "geometry": {
        "type": "Point",
        "coordinates": [
          13.376643167093844,
          52.550209136142506
        ]
      }
    },
    {
      "type": "Feature",
      "properties": {
        "name": "Mettmannplatz",
        "info": "Tegeler Str. 55 / Nordufer",
        "category": "Grünanlage"
      },
      "geometry": {
        "type": "Point",
        "coordinates": [
          13.359107557556003,
          52.538759826208846
        ]
      }
    },
    {
      "type": "Feature",
      "properties": {
        "name": "Ruheplatzstr. 3",
        "info": "Park am Urnenfriedhof Gerichtstr.",
        "category": "Grünanlage"
      },
      "geometry": {
        "type": "Point",
        "coordinates": [
          13.364148037587322,
          52.545715465593
        ]
      }
    },
    {
      "type": "Feature",
      "properties": {
        "name": "Panke Grünzug Nord",
        "info": "zw. Kühnemannstr. u. Osloer Str.",
        "category": "Grünanlage"
      },
      "geometry": {
        "type": "Point",
        "coordinates": [
          13.385548072092327,
          52.56174471157771
        ]
      }
    },
    {
      "type": "Feature",
      "properties": {
        "name": "Kurt-Schumacher-Damm / Charles-Corcelle-Ring",
        "info": "Rasenspiegel am KSD",
        "category": "Grünanlage"
      },
      "geometry": {
        "type": "Point",
        "coordinates": [
          13.324844745200712,
          52.560585472481876
        ]
      }
    },
    {
      "type": "Feature",
      "properties": {
        "name": "Blochplatz",
        "info": "",
        "category": "Grünanlage"
      },
      "geometry": {
        "type": "Point",
        "coordinates": [
          13.385183533911546,
          52.5493659894634
        ]
      }
    },
    {
      "type": "Feature",
      "properties": {
        "name": "Schillerpark",
        "info": "Volkspark   (Pk 2)",
        "category": "Grünanlage"
      },
      "geometry": {
        "type": "Point",
        "coordinates": [
          13.353642472779615,
          52.55642855329994
        ]
      }
    },
    {
      "type": "Feature",
      "properties": {
        "name": "Afrikanische Str. zur Togostr.",
        "info": "Eckgrundstück \"Togodreieck\"",
        "category": "Grünanlage"
      },
      "geometry": {
        "type": "Point",
        "coordinates": [
          13.335697507995752,
          52.55554199985124
        ]
      }
    },
    {
      "type": "Feature",
      "properties": {
        "name": "Gartenplatz",
        "info": "mit Seniorengarten",
        "category": "Grünanlage"
      },
      "geometry": {
        "type": "Point",
        "coordinates": [
          13.384041548946554,
          52.53771466607752
        ]
      }
    },
    {
      "type": "Feature",
      "properties": {
        "name": "Müller-Breslau-Str. Ufer",
        "info": "",
        "category": "Grünanlage"
      },
      "geometry": {
        "type": "Point",
        "coordinates": [
          13.332509672674307,
          52.51201719394947
        ]
      }
    },
    {
      "type": "Feature",
      "properties": {
        "name": "Spreeuferpromenade Holsteiner Ufer",
        "info": "zw. Moabiter Brücke und Lessingbrücke",
        "category": "Grünanlage"
      },
      "geometry": {
        "type": "Point",
        "coordinates": [
          13.342502777498254,
          52.522574850288095
        ]
      }
    },
    {
      "type": "Feature",
      "properties": {
        "name": "Invalidenstr. 55 a-b",
        "info": "zw. Lehrter Str. u. Lesser-Ury-Weg",
        "category": "Grünanlage"
      },
      "geometry": {
        "type": "Point",
        "coordinates": [
          13.364152408869543,
          52.52507005312229
        ]
      }
    },
    {
      "type": "Feature",
      "properties": {
        "name": "Lehrter Str. 5a-d,",
        "info": "Beamtenfriedhof",
        "category": "Grünanlage"
      },
      "geometry": {
        "type": "Point",
        "coordinates": [
          13.365377470245978,
          52.52821161735981
        ]
      }
    },
    {
      "type": "Feature",
      "properties": {
        "name": "Goethepark",
        "info": "Parkteil AK 2",
        "category": "Grünanlage"
      },
      "geometry": {
        "type": "Point",
        "coordinates": [
          13.337188271477189,
          52.546746692259525
        ]
      }
    },
    {
      "type": "Feature",
      "properties": {
        "name": "Drontheimer Str. 10 / Koloniestr. 132/3",
        "info": "",
        "category": "Grünanlage"
      },
      "geometry": {
        "type": "Point",
        "coordinates": [
          13.377777962333164,
          52.55864102663578
        ]
      }
    },
    {
      "type": "Feature",
      "properties": {
        "name": "Heinrich-Heine-Str. / Schmidstr.",
        "info": "U-Bhf. Eingang H.-Heine-Str.",
        "category": "Grünanlage"
      },
      "geometry": {
        "type": "Point",
        "coordinates": [
          13.415767453878097,
          52.509293799892134
        ]
      }
    },
    {
      "type": "Feature",
      "properties": {
        "name": "Siemensstr. 27",
        "info": "Bürgergarten im Moabiter Stadtgarten",
        "category": "Grünanlage"
      },
      "geometry": {
        "type": "Point",
        "coordinates": [
          13.337240987706103,
          52.534129590787096
        ]
      }
    },
    {
      "type": "Feature",
      "properties": {
        "name": "Siemensstr. 27",
        "info": "Moabiter Stadtgarten / Park",
        "category": "Grünanlage"
      },
      "geometry": {
        "type": "Point",
        "coordinates": [
          13.336577655955018,
          52.53365925226871
        ]
      }
    },
    {
      "type": "Feature",
      "properties": {
        "name": "Zoologischer Garten",
        "info": "zw. Hardenbergplatz und Landwehrkanal",
        "category": "Grünanlage"
      },
      "geometry": {
        "type": "Point",
        "coordinates": [
          13.338545408683906,
          52.50798045256425
        ]
      }
    },
    {
      "type": "Feature",
      "properties": {
        "name": "Schmidstr. 1 - 11",
        "info": "",
        "category": "Grünanlage"
      },
      "geometry": {
        "type": "Point",
        "coordinates": [
          13.417868085799084,
          52.5081587577599
        ]
      }
    },
    {
      "type": "Feature",
      "properties": {
        "name": "Promenade Berlin-Spandauer-Schifffahrtskanal Kieler Str. WSA",
        "info": "",
        "category": "Grünanlage"
      },
      "geometry": {
        "type": "Point",
        "coordinates": [
          13.367709221411037,
          52.53473219910195
        ]
      }
    },
    {
      "type": "Feature",
      "properties": {
        "name": "Quitzowstr. / Ellen-Epstein-Str.",
        "info": "Deportationsweg, Gedenkort Güterbahnhof Moabit",
        "category": "Grünanlage"
      },
      "geometry": {
        "type": "Point",
        "coordinates": [
          13.353092700357152,
          52.53616556701413
        ]
      }
    },
    {
      "type": "Feature",
      "properties": {
        "name": "Park an der Südpanke",
        "info": "südlich Ida-von-Arnim-Str",
        "category": "Grünanlage"
      },
      "geometry": {
        "type": "Point",
        "coordinates": [
          13.374656701635242,
          52.53313971832667
        ]
      }
    },
    {
      "type": "Feature",
      "properties": {
        "name": "Fernradwanderweg Berlin--Kopenhagen",
        "info": "westl. Kolonie Plötzensee",
        "category": "Grünanlage"
      },
      "geometry": {
        "type": "Point",
        "coordinates": [
          13.317974932694206,
          52.54811814842477
        ]
      }
    },
    {
      "type": "Feature",
      "properties": {
        "name": "Klosterkirche  Freifläche um Ruine",
        "info": "Parkanlage im Ensemble mit 1110-1",
        "category": "Grünanlage"
      },
      "geometry": {
        "type": "Point",
        "coordinates": [
          13.412191567157901,
          52.51830540612412
        ]
      }
    },
    {
      "type": "Feature",
      "properties": {
        "name": "Döberitzer Grünzug Süd",
        "info": "zw. Döberitzer Verbindung und Minna.Cauer-Str.",
        "category": "Grünanlage"
      },
      "geometry": {
        "type": "Point",
        "coordinates": [
          13.36666253057071,
          52.52858216707771
        ]
      }
    },
    {
      "type": "Feature",
      "properties": {
        "name": "Bundesratufer /  Bochumer Str.",
        "info": "Uferpark Bundesratufer od \"Bochumer Pl\"",
        "category": "Grünanlage"
      },
      "geometry": {
        "type": "Point",
        "coordinates": [
          13.338674782210713,
          52.52156581480996
        ]
      }
    },
    {
      "type": "Feature",
      "properties": {
        "name": "Spreeuferpromenade Rahel-Hirsch-Str.",
        "info": "zw. Moltkebrücke und Humboldthafen",
        "category": "Grünanlage"
      },
      "geometry": {
        "type": "Point",
        "coordinates": [
          13.368563401671057,
          52.52235462198444
        ]
      }
    },
    {
      "type": "Feature",
      "properties": {
        "name": "Nordpark auf dem Friedrichswerder",
        "info": "Kurstr/ Niederwallstr./ Caroline-von-Humboldt-Weg",
        "category": "Grünanlage"
      },
      "geometry": {
        "type": "Point",
        "coordinates": [
          13.398394356197294,
          52.5140190316037
        ]
      }
    },
    {
      "type": "Feature",
      "properties": {
        "name": "Spreeuferpromenade Schiffbauerdamm zw. Marschalbrücke und MEL-Haus",
        "info": "südl. Marie-Elisabeth-Lüders-H",
        "category": "Grünanlage"
      },
      "geometry": {
        "type": "Point",
        "coordinates": [
          13.379120839067964,
          52.51959496500808
        ]
      }
    },
    {
      "type": "Feature",
      "properties": {
        "name": "Spreeuferpromenade Kapelle-Ufer",
        "info": "",
        "category": "Grünanlage"
      },
      "geometry": {
        "type": "Point",
        "coordinates": [
          13.375674420165595,
          52.52233266646509
        ]
      }
    },
    {
      "type": "Feature",
      "properties": {
        "name": "Spreeuferpromenade Reichstagsufer zw. Marschallbrücke u. Friedrich-Ebert-Platz",
        "info": "",
        "category": "Grünanlage"
      },
      "geometry": {
        "type": "Point",
        "coordinates": [
          13.37846865252776,
          52.519082667107256
        ]
      }
    },
    {
      "type": "Feature",
      "properties": {
        "name": "Goethepark",
        "info": "Parkteil AK 3",
        "category": "Grünanlage"
      },
      "geometry": {
        "type": "Point",
        "coordinates": [
          13.33436713764965,
          52.5451405206766
        ]
      }
    },
    {
      "type": "Feature",
      "properties": {
        "name": "Park am Plötzensee",
        "info": "ehem. Friedhof am Plötzensee",
        "category": "Grünanlage"
      },
      "geometry": {
        "type": "Point",
        "coordinates": [
          13.3261230807006,
          52.547250167389485
        ]
      }
    },
    {
      "type": "Feature",
      "properties": {
        "name": "Grüntaler Str. 78-85",
        "info": "Grünzug ehem. Stettiner Eisenbahntrasse",
        "category": "Grünanlage"
      },
      "geometry": {
        "type": "Point",
        "coordinates": [
          13.386465942006259,
          52.55234923301335
        ]
      }
    },
    {
      "type": "Feature",
      "properties": {
        "name": "Biesentaler Str. 7",
        "info": "zw. Prinzenallee u. Wriezener Str.",
        "category": "Grünanlage"
      },
      "geometry": {
        "type": "Point",
        "coordinates": [
          13.386696122192449,
          52.556727215059354
        ]
      }
    },
    {
      "type": "Feature",
      "properties": {
        "name": "Hanseatenweg",
        "info": "ggü. Akademie der Künste",
        "category": "Grünanlage"
      },
      "geometry": {
        "type": "Point",
        "coordinates": [
          13.34565923643303,
          52.51848735636126
        ]
      }
    },
    {
      "type": "Feature",
      "properties": {
        "name": "Grüntaler Str. 77 / Bellermannstr. 81",
        "info": "Grünzug ehem. Stettiner Eisenbahntrasse",
        "category": "Grünanlage"
      },
      "geometry": {
        "type": "Point",
        "coordinates": [
          13.389372906215835,
          52.55403324917112
        ]
      }
    },
    {
      "type": "Feature",
      "properties": {
        "name": "Seestr. 131 Tiergarten",
        "info": "Restgrünfläche",
        "category": "Grünanlage"
      },
      "geometry": {
        "type": "Point",
        "coordinates": [
          13.331007064580106,
          52.54055355109789
        ]
      }
    },
    {
      "type": "Feature",
      "properties": {
        "name": "Schillerhöhe",
        "info": "zw. Markstr. und Brienzer Str.",
        "category": "Grünanlage"
      },
      "geometry": {
        "type": "Point",
        "coordinates": [
          13.362126794191465,
          52.55844264397689
        ]
      }
    },
    {
      "type": "Feature",
      "properties": {
        "name": "Platz der Republik",
        "info": "Skulpturenwiese / Symposium",
        "category": "Grünanlage"
      },
      "geometry": {
        "type": "Point",
        "coordinates": [
          13.369008090082088,
          52.518391842571724
        ]
      }
    },
    {
      "type": "Feature",
      "properties": {
        "name": "Bundesforum",
        "info": "zw. Kanzleramt u. Paul-Löbe-Haus",
        "category": "Grünanlage"
      },
      "geometry": {
        "type": "Point",
        "coordinates": [
          13.372768226107606,
          52.52015715261447
        ]
      }
    },
    {
      "type": "Feature",
      "properties": {
        "name": "Allee du Stade / Quartier Napoleon",
        "info": "Biotop, neben Radweg, südl. Q.Napoleon",
        "category": "Grünanlage"
      },
      "geometry": {
        "type": "Point",
        "coordinates": [
          13.309449416132397,
          52.55199268647534
        ]
      }
    },
    {
      "type": "Feature",
      "properties": {
        "name": "Schleuseninsel",
        "info": "GT vor Strömungsversuchsanstalt d. FU",
        "category": "Grünanlage"
      },
      "geometry": {
        "type": "Point",
        "coordinates": [
          13.336639246750446,
          52.51160301066136
        ]
      }
    },
    {
      "type": "Feature",
      "properties": {
        "name": "Heinrich-Heine-Str. 2 - 16",
        "info": "",
        "category": "Grünanlage"
      },
      "geometry": {
        "type": "Point",
        "coordinates": [
          13.414877545760072,
          52.509367176662444
        ]
      }
    },
    {
      "type": "Feature",
      "properties": {
        "name": "Promenade Berlin-Spandauer-Schifffahrtskanal Scharnhorststr. 28-29",
        "info": "hinter Scharnhorststr. 28/29",
        "category": "Grünanlage"
      },
      "geometry": {
        "type": "Point",
        "coordinates": [
          13.369280745628457,
          52.53309612789775
        ]
      }
    },
    {
      "type": "Feature",
      "properties": {
        "name": "Garnisonfriedhof",
        "info": "",
        "category": "Grünanlage"
      },
      "geometry": {
        "type": "Point",
        "coordinates": [
          13.404040347774274,
          52.52846973430935
        ]
      }
    },
    {
      "type": "Feature",
      "properties": {
        "name": "Invalidenfriedhof",
        "info": "",
        "category": "Grünanlage"
      },
      "geometry": {
        "type": "Point",
        "coordinates": [
          13.37100077257749,
          52.53211129345995
        ]
      }
    },
    {
      "type": "Feature",
      "properties": {
        "name": "Kastanienwäldchen Neue Wache",
        "info": "",
        "category": "Grünanlage"
      },
      "geometry": {
        "type": "Point",
        "coordinates": [
          13.395520306963297,
          52.51803261086146
        ]
      }
    },
    {
      "type": "Feature",
      "properties": {
        "name": "Schwedenstr. U-Bhf Osloer Str.",
        "info": "zw. Osloer Str. u. Reginhardstr.",
        "category": "Grünanlage"
      },
      "geometry": {
        "type": "Point",
        "coordinates": [
          13.372315629545412,
          52.55722974370936
        ]
      }
    },
    {
      "type": "Feature",
      "properties": {
        "name": "Spreekanalpromenade zw. Schleusenbrücke u. Sperlingsgasse",
        "info": "",
        "category": "Grünanlage"
      },
      "geometry": {
        "type": "Point",
        "coordinates": [
          13.400742914330406,
          52.51484399133093
        ]
      }
    },
    {
      "type": "Feature",
      "properties": {
        "name": "Michaelkirchplatz",
        "info": "",
        "category": "Grünanlage"
      },
      "geometry": {
        "type": "Point",
        "coordinates": [
          13.419674541742703,
          52.50685737485899
        ]
      }
    },
    {
      "type": "Feature",
      "properties": {
        "name": "Nordhafenpark West",
        "info": "OT Tiergarten an der Heidestr.",
        "category": "Grünanlage"
      },
      "geometry": {
        "type": "Point",
        "coordinates": [
          13.361926548848588,
          52.53671329509201
        ]
      }
    },
    {
      "type": "Feature",
      "properties": {
        "name": "Lustgarten",
        "info": "",
        "category": "Grünanlage"
      },
      "geometry": {
        "type": "Point",
        "coordinates": [
          13.39923740862672,
          52.51861110652109
        ]
      }
    },
    {
      "type": "Feature",
      "properties": {
        "name": "Großer Tiergarten Nordwest",
        "info": "John-Foster-Dulles-Allee, Bettina-von-Arnim-Ufer",
        "category": "Grünanlage"
      },
      "geometry": {
        "type": "Point",
        "coordinates": [
          13.361701781052595,
          52.518151026003856
        ]
      }
    },
    {
      "type": "Feature",
      "properties": {
        "name": "Prinzessinnengarten",
        "info": "östlicher Bebelplatz, ehem. Operncafé",
        "category": "Grünanlage"
      },
      "geometry": {
        "type": "Point",
        "coordinates": [
          13.395624431271305,
          52.51678564856329
        ]
      }
    },
    {
      "type": "Feature",
      "properties": {
        "name": "Spreeuferpromenade Hansaufer / Wullenw.Str.",
        "info": "",
        "category": "Grünanlage"
      },
      "geometry": {
        "type": "Point",
        "coordinates": [
          13.33085571697335,
          52.51793483864554
        ]
      }
    },
    {
      "type": "Feature",
      "properties": {
        "name": "Kluckstr. 1-17 Schutzstreifen",
        "info": "Schöneberger Ufer bis Lützowstr.",
        "category": "Grünanlage"
      },
      "geometry": {
        "type": "Point",
        "coordinates": [
          13.36243964971796,
          52.50486471115048
        ]
      }
    },
    {
      "type": "Feature",
      "properties": {
        "name": "Kleiner Tiergarten - Ottopark",
        "info": "Ottoplatz",
        "category": "Grünanlage"
      },
      "geometry": {
        "type": "Point",
        "coordinates": [
          13.336960351443267,
          52.52584988940196
        ]
      }
    },
    {
      "type": "Feature",
      "properties": {
        "name": "Kleiner Tiergarten Ost",
        "info": "östlich der Stromstr.",
        "category": "Grünanlage"
      },
      "geometry": {
        "type": "Point",
        "coordinates": [
          13.34602955913928,
          52.525608276580705
        ]
      }
    },
    {
      "type": "Feature",
      "properties": {
        "name": "Lützowplatz",
        "info": "",
        "category": "Grünanlage"
      },
      "geometry": {
        "type": "Point",
        "coordinates": [
          13.352603548596186,
          52.50476310435816
        ]
      }
    },
    {
      "type": "Feature",
      "properties": {
        "name": "Großer Tiergarten - Altonaer  Str. 3 - 9",
        "info": "",
        "category": "Grünanlage"
      },
      "geometry": {
        "type": "Point",
        "coordinates": [
          13.344473239902005,
          52.51644129406674
        ]
      }
    },
    {
      "type": "Feature",
      "properties": {
        "name": "Klopstockstr. 3 bis Altonaer Str.",
        "info": "Grünzug parallel Stadtbahntrasse",
        "category": "Grünanlage"
      },
      "geometry": {
        "type": "Point",
        "coordinates": [
          13.34019511748477,
          52.518055377851674
        ]
      }
    },
    {
      "type": "Feature",
      "properties": {
        "name": "Spreeuferpromenade Schleswiger Ufer",
        "info": "Lessingbrücke bis Charlottenburg",
        "category": "Grünanlage"
      },
      "geometry": {
        "type": "Point",
        "coordinates": [
          13.3388377617314,
          52.51959220129129
        ]
      }
    },
    {
      "type": "Feature",
      "properties": {
        "name": "Paulstr. 20 A",
        "info": "\"Bundespräsidenten-Dreieck\" und Spreeuferpromenade",
        "category": "Grünanlage"
      },
      "geometry": {
        "type": "Point",
        "coordinates": [
          13.353778381336907,
          52.51889728388023
        ]
      }
    },
    {
      "type": "Feature",
      "properties": {
        "name": "Lessingstr. an der Stadtbahntrasse",
        "info": "zw. Altonaer Str. und Tankstelle",
        "category": "Grünanlage"
      },
      "geometry": {
        "type": "Point",
        "coordinates": [
          13.340912419754353,
          52.51915965274293
        ]
      }
    },
    {
      "type": "Feature",
      "properties": {
        "name": "Am Hansaplatz Ost",
        "info": "Ecke Bartningallee und Altonaer Str.",
        "category": "Grünanlage"
      },
      "geometry": {
        "type": "Point",
        "coordinates": [
          13.342982671291901,
          52.5179529447085
        ]
      }
    },
    {
      "type": "Feature",
      "properties": {
        "name": "Am Karlsbad 18",
        "info": "Grünanlage Karlsbad",
        "category": "Grünanlage"
      },
      "geometry": {
        "type": "Point",
        "coordinates": [
          13.370944414304958,
          52.50458526793092
        ]
      }
    },
    {
      "type": "Feature",
      "properties": {
        "name": "Carl-von-Ossietzky-Park",
        "info": "",
        "category": "Grünanlage"
      },
      "geometry": {
        "type": "Point",
        "coordinates": [
          13.355019146524498,
          52.52258423917581
        ]
      }
    },
    {
      "type": "Feature",
      "properties": {
        "name": "Bremer Str. Ecke Bugenhagenstr.",
        "info": "am Verkehrsgarten ggü. Arminiushalle",
        "category": "Grünanlage"
      },
      "geometry": {
        "type": "Point",
        "coordinates": [
          13.33835472135233,
          52.52842470524931
        ]
      }
    },
    {
      "type": "Feature",
      "properties": {
        "name": "Essener Park",
        "info": "Essener Str. 7",
        "category": "Grünanlage"
      },
      "geometry": {
        "type": "Point",
        "coordinates": [
          13.340945758200847,
          52.52480572802721
        ]
      }
    },
    {
      "type": "Feature",
      "properties": {
        "name": "Friedrich-Krause-Ufer",
        "info": "zw. Torfstr.-Steg und S-Bahn",
        "category": "Grünanlage"
      },
      "geometry": {
        "type": "Point",
        "coordinates": [
          13.35034641666751,
          52.53846448760704
        ]
      }
    },
    {
      "type": "Feature",
      "properties": {
        "name": "Pappelplatz",
        "info": "",
        "category": "Grünanlage"
      },
      "geometry": {
        "type": "Point",
        "coordinates": [
          13.395056198360315,
          52.53257277143392
        ]
      }
    },
    {
      "type": "Feature",
      "properties": {
        "name": "Promenade Berlin-Spandauer-Schifffahrtskanal zw. Sandkrugbrücke u. Invalidenfriedhof",
        "info": "am Bundesverkehrsministerium",
        "category": "Grünanlage"
      },
      "geometry": {
        "type": "Point",
        "coordinates": [
          13.372038262664494,
          52.52972903232002
        ]
      }
    },
    {
      "type": "Feature",
      "properties": {
        "name": "Spreeuferpromenade Kaiserin-Augusta-Allee 114-120",
        "info": "",
        "category": "Grünanlage"
      },
      "geometry": {
        "type": "Point",
        "coordinates": [
          13.32719316295579,
          52.524282015030224
        ]
      }
    },
    {
      "type": "Feature",
      "properties": {
        "name": "Spreeuferpromenade Holsteiner Ufer",
        "info": "zw. Gericke-Steg und Moabiter Brücke und am S-Bhf Bellevue",
        "category": "Grünanlage"
      },
      "geometry": {
        "type": "Point",
        "coordinates": [
          13.349006261701671,
          52.52064476467885
        ]
      }
    },
    {
      "type": "Feature",
      "properties": {
        "name": "Großer Tiergarten",
        "info": "historischer Tiergarten in PK 3",
        "category": "Grünanlage"
      },
      "geometry": {
        "type": "Point",
        "coordinates": [
          13.363658009840899,
          52.51280028171077
        ]
      }
    },
    {
      "type": "Feature",
      "properties": {
        "name": "Zionskirchplatz",
        "info": "",
        "category": "Grünanlage"
      },
      "geometry": {
        "type": "Point",
        "coordinates": [
          13.403744065463735,
          52.5348981909862
        ]
      }
    },
    {
      "type": "Feature",
      "properties": {
        "name": "Spreekanalpromenade Fischerinsel 9 - 10",
        "info": "Uferweg",
        "category": "Grünanlage"
      },
      "geometry": {
        "type": "Point",
        "coordinates": [
          13.405105936527734,
          52.51165117531717
        ]
      }
    },
    {
      "type": "Feature",
      "properties": {
        "name": "Seestr. 132 Tiergarten",
        "info": "Westhafenkanal / Spennrath-Brücke",
        "category": "Grünanlage"
      },
      "geometry": {
        "type": "Point",
        "coordinates": [
          13.328760725088086,
          52.53931093341353
        ]
      }
    },
    {
      "type": "Feature",
      "properties": {
        "name": "Fritz-Schloß-Park",
        "info": "",
        "category": "Grünanlage"
      },
      "geometry": {
        "type": "Point",
        "coordinates": [
          13.356373714956483,
          52.52865078489244
        ]
      }
    },
    {
      "type": "Feature",
      "properties": {
        "name": "Bremer Str. 37 Ecke Birkenstr.",
        "info": "",
        "category": "Grünanlage"
      },
      "geometry": {
        "type": "Point",
        "coordinates": [
          13.33938870672517,
          52.53232815814865
        ]
      }
    },
    {
      "type": "Feature",
      "properties": {
        "name": "Bremer Str. 48",
        "info": "Unionstr. 5, Wiclefstr. 8",
        "category": "Grünanlage"
      },
      "geometry": {
        "type": "Point",
        "coordinates": [
          13.337724582432898,
          52.53155973550768
        ]
      }
    },
    {
      "type": "Feature",
      "properties": {
        "name": "Calandrelli-Anlage",
        "info": "Reichpietschufer / Von-der-Heydstr.",
        "category": "Grünanlage"
      },
      "geometry": {
        "type": "Point",
        "coordinates": [
          13.356680130228158,
          52.50693071840539
        ]
      }
    },
    {
      "type": "Feature",
      "properties": {
        "name": "Lichtensteinallee",
        "info": "",
        "category": "Grünanlage"
      },
      "geometry": {
        "type": "Point",
        "coordinates": [
          13.343713285396634,
          52.50950448018625
        ]
      }
    },
    {
      "type": "Feature",
      "properties": {
        "name": "Matthäikirchplatz",
        "info": "",
        "category": "Grünanlage"
      },
      "geometry": {
        "type": "Point",
        "coordinates": [
          13.367721418654535,
          52.50842685183117
        ]
      }
    },
    {
      "type": "Feature",
      "properties": {
        "name": "Bartningallee",
        "info": "südl. Stadtbahntrasse",
        "category": "Grünanlage"
      },
      "geometry": {
        "type": "Point",
        "coordinates": [
          13.34597982716038,
          52.51987713941276
        ]
      }
    },
    {
      "type": "Feature",
      "properties": {
        "name": "Händelallee 47 - 59",
        "info": "südl. U-Bhf Hansaplatz",
        "category": "Grünanlage"
      },
      "geometry": {
        "type": "Point",
        "coordinates": [
          13.34234206110805,
          52.51599131548272
        ]
      }
    },
    {
      "type": "Feature",
      "properties": {
        "name": "Spreeuferpromenade Bundesratufer",
        "info": "",
        "category": "Grünanlage"
      },
      "geometry": {
        "type": "Point",
        "coordinates": [
          13.339783471370882,
          52.52259987400062
        ]
      }
    },
    {
      "type": "Feature",
      "properties": {
        "name": "Magdeburger Platz",
        "info": "",
        "category": "Grünanlage"
      },
      "geometry": {
        "type": "Point",
        "coordinates": [
          13.360478186538197,
          52.503581836735094
        ]
      }
    },
    {
      "type": "Feature",
      "properties": {
        "name": "Platz der Republik",
        "info": "Reichstagsvorplatz",
        "category": "Grünanlage"
      },
      "geometry": {
        "type": "Point",
        "coordinates": [
          13.372547508871174,
          52.51859863159354
        ]
      }
    },
    {
      "type": "Feature",
      "properties": {
        "name": "Tilla-Durieux-Park",
        "info": "",
        "category": "Grünanlage"
      },
      "geometry": {
        "type": "Point",
        "coordinates": [
          13.375053656386608,
          52.506276086658126
        ]
      }
    },
    {
      "type": "Feature",
      "properties": {
        "name": "Kastanienrampe Moabiter Werder",
        "info": "mit Erweiterungsfläche neben Feuerwache",
        "category": "Grünanlage"
      },
      "geometry": {
        "type": "Point",
        "coordinates": [
          13.364495264423473,
          52.52161873500189
        ]
      }
    },
    {
      "type": "Feature",
      "properties": {
        "name": "Henriette-Hertz-Park",
        "info": "",
        "category": "Grünanlage"
      },
      "geometry": {
        "type": "Point",
        "coordinates": [
          13.373537582134817,
          52.51087108214112
        ]
      }
    },
    {
      "type": "Feature",
      "properties": {
        "name": "Park am Moabiter Werder",
        "info": "M.-Hirschfeld-U. Spreewiesen u.Südallee",
        "category": "Grünanlage"
      },
      "geometry": {
        "type": "Point",
        "coordinates": [
          13.35884327257837,
          52.51836560789517
        ]
      }
    },
    {
      "type": "Feature",
      "properties": {
        "name": "Katharina-Heinroth-Ufer",
        "info": "am Landwehrkanal bis Lichtensteinbrücke",
        "category": "Grünanlage"
      },
      "geometry": {
        "type": "Point",
        "coordinates": [
          13.345343066591058,
          52.508023870123274
        ]
      }
    },
    {
      "type": "Feature",
      "properties": {
        "name": "Spreebogenpark",
        "info": "",
        "category": "Grünanlage"
      },
      "geometry": {
        "type": "Point",
        "coordinates": [
          13.372219697662928,
          52.52188337657746
        ]
      }
    },
    {
      "type": "Feature",
      "properties": {
        "name": "Zoo-Verbindungsweg",
        "info": "zw. Bhf. Zoo und Schleuse, auch \"Schleusenweg\"",
        "category": "Grünanlage"
      },
      "geometry": {
        "type": "Point",
        "coordinates": [
          13.33508008659596,
          52.51056502181179
        ]
      }
    },
    {
      "type": "Feature",
      "properties": {
        "name": "Geschichtspark",
        "info": "Invalidenstr. 54 - 55",
        "category": "Grünanlage"
      },
      "geometry": {
        "type": "Point",
        "coordinates": [
          13.366191940697519,
          52.526849879537174
        ]
      }
    },
    {
      "type": "Feature",
      "properties": {
        "name": "Bachstr.",
        "info": "zw. Bachstr. und Stadtbahntrasse",
        "category": "Grünanlage"
      },
      "geometry": {
        "type": "Point",
        "coordinates": [
          13.339606541807399,
          52.51802090274884
        ]
      }
    },
    {
      "type": "Feature",
      "properties": {
        "name": "Holzmarktstr. - Ifflandstr.",
        "info": "nördl. Sportplatz Holzmarktstr.",
        "category": "Grünanlage"
      },
      "geometry": {
        "type": "Point",
        "coordinates": [
          13.421863816129637,
          52.515745731680056
        ]
      }
    },
    {
      "type": "Feature",
      "properties": {
        "name": "Spittelkolonnaden",
        "info": "Marion-Gräfin-Dönhoff-Platz",
        "category": "Grünanlage"
      },
      "geometry": {
        "type": "Point",
        "coordinates": [
          13.399085594484356,
          52.51049414139036
        ]
      }
    },
    {
      "type": "Feature",
      "properties": {
        "name": "Spreekanalpromenade Fischerinsel 6",
        "info": "zw. Roßstraßenbrücke und Grünstraßenbrücke",
        "category": "Grünanlage"
      },
      "geometry": {
        "type": "Point",
        "coordinates": [
          13.407438485312841,
          52.51219780732393
        ]
      }
    },
    {
      "type": "Feature",
      "properties": {
        "name": "Fischerinsel 1 - 2",
        "info": "",
        "category": "Grünanlage"
      },
      "geometry": {
        "type": "Point",
        "coordinates": [
          13.40885431532126,
          52.51419741009291
        ]
      }
    },
    {
      "type": "Feature",
      "properties": {
        "name": "Berliner Dom,  Garten am Dom",
        "info": "Domschale an der Bodestr.",
        "category": "Grünanlage"
      },
      "geometry": {
        "type": "Point",
        "coordinates": [
          13.400155632026248,
          52.51986688872985
        ]
      }
    },
    {
      "type": "Feature",
      "properties": {
        "name": "Große Hamburger Str.",
        "info": "vor dem Jüdischen Friedhof",
        "category": "Grünanlage"
      },
      "geometry": {
        "type": "Point",
        "coordinates": [
          13.399585231563117,
          52.52433188834354
        ]
      }
    },
    {
      "type": "Feature",
      "properties": {
        "name": "Monbijou Park",
        "info": "",
        "category": "Grünanlage"
      },
      "geometry": {
        "type": "Point",
        "coordinates": [
          13.396623341893527,
          52.52315385070689
        ]
      }
    },
    {
      "type": "Feature",
      "properties": {
        "name": "Kurstr. / Niederwallstr.",
        "info": "Südpark auf dem Friedrichswerder",
        "category": "Grünanlage"
      },
      "geometry": {
        "type": "Point",
        "coordinates": [
          13.400579248174045,
          52.512310646642405
        ]
      }
    },
    {
      "type": "Feature",
      "properties": {
        "name": "Rosa-Luxemburg-Platz.",
        "info": "Außenareal an der Volksbühne",
        "category": "Grünanlage"
      },
      "geometry": {
        "type": "Point",
        "coordinates": [
          13.41114022012523,
          52.52734770917997
        ]
      }
    },
    {
      "type": "Feature",
      "properties": {
        "name": "Arkonaplatz",
        "info": "östl. Platzseite",
        "category": "Grünanlage"
      },
      "geometry": {
        "type": "Point",
        "coordinates": [
          13.402672795208852,
          52.53736959515792
        ]
      }
    },
    {
      "type": "Feature",
      "properties": {
        "name": "Max-Beer-Str. - Schendelpark",
        "info": "\"Schendelpark\"",
        "category": "Grünanlage"
      },
      "geometry": {
        "type": "Point",
        "coordinates": [
          13.409062456310503,
          52.52770352901267
        ]
      }
    },
    {
      "type": "Feature",
      "properties": {
        "name": "Koppenplatz",
        "info": "",
        "category": "Grünanlage"
      },
      "geometry": {
        "type": "Point",
        "coordinates": [
          13.397826898923274,
          52.52841479722393
        ]
      }
    },
    {
      "type": "Feature",
      "properties": {
        "name": "Hegelplatz",
        "info": "",
        "category": "Grünanlage"
      },
      "geometry": {
        "type": "Point",
        "coordinates": [
          13.393258963325973,
          52.519664732546
        ]
      }
    },
    {
      "type": "Feature",
      "properties": {
        "name": "Schinkelplatz",
        "info": "am Werderschen Markt",
        "category": "Grünanlage"
      },
      "geometry": {
        "type": "Point",
        "coordinates": [
          13.39865535586256,
          52.51650001695378
        ]
      }
    },
    {
      "type": "Feature",
      "properties": {
        "name": "Volkspark am Weinbergsweg",
        "info": "Ostteil am Weinbergsweg",
        "category": "Grünanlage"
      },
      "geometry": {
        "type": "Point",
        "coordinates": [
          13.402201522999535,
          52.531930429287996
        ]
      }
    },
    {
      "type": "Feature",
      "properties": {
        "name": "Agnes-Sorma-Park Reinhardtstr.",
        "info": "Reinhardtstr. Deutsches Theater",
        "category": "Grünanlage"
      },
      "geometry": {
        "type": "Point",
        "coordinates": [
          13.382552380503492,
          52.52346047848462
        ]
      }
    },
    {
      "type": "Feature",
      "properties": {
        "name": "Invalidenpark",
        "info": "",
        "category": "Grünanlage"
      },
      "geometry": {
        "type": "Point",
        "coordinates": [
          13.37608286445487,
          52.529560529633436
        ]
      }
    },
    {
      "type": "Feature",
      "properties": {
        "name": "Fischerinsel 11 an der Schwimmhalle",
        "info": "",
        "category": "Grünanlage"
      },
      "geometry": {
        "type": "Point",
        "coordinates": [
          13.404504126049995,
          52.51276251435852
        ]
      }
    },
    {
      "type": "Feature",
      "properties": {
        "name": "Jacob-Teitel-Park, \"Gormanndreieck\"",
        "info": "Gormannstr./Rosenthaler Str.\"Gormanndreieck\"",
        "category": "Grünanlage"
      },
      "geometry": {
        "type": "Point",
        "coordinates": [
          13.403799673538455,
          52.526743748959504
        ]
      }
    },
    {
      "type": "Feature",
      "properties": {
        "name": "Holzmarktstr. 73 - 75",
        "info": "",
        "category": "Grünanlage"
      },
      "geometry": {
        "type": "Point",
        "coordinates": [
          13.420002147924254,
          52.516294694001644
        ]
      }
    },
    {
      "type": "Feature",
      "properties": {
        "name": "Gipsstr. 29 - 30",
        "info": "\"Gipsdreieck\"",
        "category": "Grünanlage"
      },
      "geometry": {
        "type": "Point",
        "coordinates": [
          13.400002154602827,
          52.527350879651664
        ]
      }
    },
    {
      "type": "Feature",
      "properties": {
        "name": "Schmidstr. 1 - 2, Annenstr. 3 - 5, Michaelkirchplatz 23 - 24",
        "info": "nördl. des Heinrich-Heine-Platzes",
        "category": "Grünanlage"
      },
      "geometry": {
        "type": "Point",
        "coordinates": [
          13.41732386621692,
          52.507499490313016
        ]
      }
    },
    {
      "type": "Feature",
      "properties": {
        "name": "Berolinastr. 5 - 21",
        "info": "Gehölzstreifen Berolinastr.",
        "category": "Grünanlage"
      },
      "geometry": {
        "type": "Point",
        "coordinates": [
          13.420227108945317,
          52.52329963994608
        ]
      }
    },
    {
      "type": "Feature",
      "properties": {
        "name": "Vera-Brittain-Ufer",
        "info": "Spreeuferlpromenade am Radisson-SAS",
        "category": "Grünanlage"
      },
      "geometry": {
        "type": "Point",
        "coordinates": [
          13.40170941753498,
          52.5199144260033
        ]
      }
    },
    {
      "type": "Feature",
      "properties": {
        "name": "James-Simon-Park",
        "info": "Monbijoupark Süd, ehem. Zirkus Busch-Gelände",
        "category": "Grünanlage"
      },
      "geometry": {
        "type": "Point",
        "coordinates": [
          13.399245141926665,
          52.52186861953551
        ]
      }
    },
    {
      "type": "Feature",
      "properties": {
        "name": "Sebastianstr. - Jacobstr. - Annenstr.",
        "info": "",
        "category": "Grünanlage"
      },
      "geometry": {
        "type": "Point",
        "coordinates": [
          13.408972780788822,
          52.51006038325046
        ]
      }
    },
    {
      "type": "Feature",
      "properties": {
        "name": "Promenade Berlin-Spandauer-Schifffahrtskanal zw. Kieler Brücke und Kieler Str.",
        "info": "Kieler Str.",
        "category": "Grünanlage"
      },
      "geometry": {
        "type": "Point",
        "coordinates": [
          13.367733323396573,
          52.53487685469886
        ]
      }
    },
    {
      "type": "Feature",
      "properties": {
        "name": "Spreeuferpromenade Tucholskystr.",
        "info": "",
        "category": "Grünanlage"
      },
      "geometry": {
        "type": "Point",
        "coordinates": [
          13.390255757682382,
          52.5226811120614
        ]
      }
    },
    {
      "type": "Feature",
      "properties": {
        "name": "Luisenstädtischer Kanal  Engelbecken",
        "info": "Ufer und Wasserschloss",
        "category": "Grünanlage"
      },
      "geometry": {
        "type": "Point",
        "coordinates": [
          13.418724955231097,
          52.50523382920796
        ]
      }
    },
    {
      "type": "Feature",
      "properties": {
        "name": "Nikolaiviertel",
        "info": "",
        "category": "Grünanlage"
      },
      "geometry": {
        "type": "Point",
        "coordinates": [
          13.407689624170944,
          52.51704637960264
        ]
      }
    },
    {
      "type": "Feature",
      "properties": {
        "name": "Luisenstädtischer Kanal  Waldpflanzengarten",
        "info": "zw. Adalbertstr. u. Melchiorstr.",
        "category": "Grünanlage"
      },
      "geometry": {
        "type": "Point",
        "coordinates": [
          13.42434582290002,
          52.50543804101427
        ]
      }
    },
    {
      "type": "Feature",
      "properties": {
        "name": "Annenstr. 20-34",
        "info": "",
        "category": "Grünanlage"
      },
      "geometry": {
        "type": "Point",
        "coordinates": [
          13.410670727094264,
          52.508548034039194
        ]
      }
    },
    {
      "type": "Feature",
      "properties": {
        "name": "Luisenstädtischer Kanal Rosengarten",
        "info": "zw. Waldemarbrücke u. Engelbecken",
        "category": "Grünanlage"
      },
      "geometry": {
        "type": "Point",
        "coordinates": [
          13.417627179918368,
          52.50488040091866
        ]
      }
    },
    {
      "type": "Feature",
      "properties": {
        "name": "Luisenstädtischer Kanal  Immergrüner Garten",
        "info": "zw. Michaelkirchplatz u. Adalbertstr.",
        "category": "Grünanlage"
      },
      "geometry": {
        "type": "Point",
        "coordinates": [
          13.42074372806537,
          52.505587865197384
        ]
      }
    },
    {
      "type": "Feature",
      "properties": {
        "name": "Luisenstädtischer Kanal  Blütensträuchergarten",
        "info": "zw. Melchiorstr. u. Köpenicker Str.",
        "category": "Grünanlage"
      },
      "geometry": {
        "type": "Point",
        "coordinates": [
          13.4278366425121,
          52.507126998228415
        ]
      }
    },
    {
      "type": "Feature",
      "properties": {
        "name": "Elisabethkirchstr. 20",
        "info": "",
        "category": "Grünanlage"
      },
      "geometry": {
        "type": "Point",
        "coordinates": [
          13.395966409119051,
          52.53313940040205
        ]
      }
    },
    {
      "type": "Feature",
      "properties": {
        "name": "Louise-Schroeder-Platz Westhälfte",
        "info": "Westhälfte",
        "category": "Grünanlage"
      },
      "geometry": {
        "type": "Point",
        "coordinates": [
          13.364817123619355,
          52.55753337424151
        ]
      }
    },
    {
      "type": "Feature",
      "properties": {
        "name": "Exerzierstr. 32a",
        "info": "Hinter Kita Exerzierstr. 30-33",
        "category": "Grünanlage"
      },
      "geometry": {
        "type": "Point",
        "coordinates": [
          13.37326883987816,
          52.555147910883086
        ]
      }
    },
    {
      "type": "Feature",
      "properties": {
        "name": "Kieler Str., Nordhafen-Vorbecken",
        "info": "Panke Einleitung in Nordhafen",
        "category": "Grünanlage"
      },
      "geometry": {
        "type": "Point",
        "coordinates": [
          13.367071170442234,
          52.53648786160579
        ]
      }
    },
    {
      "type": "Feature",
      "properties": {
        "name": "Osloer Str. 107-108",
        "info": "F 501, Biotopfläche",
        "category": "Grünanlage"
      },
      "geometry": {
        "type": "Point",
        "coordinates": [
          13.38279122485286,
          52.55558024625598
        ]
      }
    },
    {
      "type": "Feature",
      "properties": {
        "name": "Ackerstr. 58-60 / Hussitenstr. 62",
        "info": "Grün am Jugendfreizeitheim",
        "category": "Grünanlage"
      },
      "geometry": {
        "type": "Point",
        "coordinates": [
          13.38768894533462,
          52.53724759657238
        ]
      }
    },
    {
      "type": "Feature",
      "properties": {
        "name": "Wilhelm-Hasenclever-Platz",
        "info": "Oudenarder Str. Ecke Seestr.",
        "category": "Grünanlage"
      },
      "geometry": {
        "type": "Point",
        "coordinates": [
          13.358960099192442,
          52.55354896370812
        ]
      }
    },
    {
      "type": "Feature",
      "properties": {
        "name": "Scheringstr 1",
        "info": "ohne laserline/Takata",
        "category": "Grünanlage"
      },
      "geometry": {
        "type": "Point",
        "coordinates": [
          13.381245426294289,
          52.54105244459668
        ]
      }
    },
    {
      "type": "Feature",
      "properties": {
        "name": "Stephanplatz",
        "info": "",
        "category": "Grünanlage"
      },
      "geometry": {
        "type": "Point",
        "coordinates": [
          13.346504544654755,
          52.533061787015626
        ]
      }
    },
    {
      "type": "Feature",
      "properties": {
        "name": "Ackerstr. 158 - 160",
        "info": "",
        "category": "Grünanlage"
      },
      "geometry": {
        "type": "Point",
        "coordinates": [
          13.396207910605249,
          52.53062215790608
        ]
      }
    },
    {
      "type": "Feature",
      "properties": {
        "name": "Park auf dem Nordbahnhof",
        "info": "Park auf dem ehem. Nordbahnhofgelände",
        "category": "Grünanlage"
      },
      "geometry": {
        "type": "Point",
        "coordinates": [
          13.384024827973487,
          52.53548076674335
        ]
      }
    },
    {
      "type": "Feature",
      "properties": {
        "name": "Guineastr. / Kongostr.",
        "info": "vor Jugendfürsorge Kongostr. 28",
        "category": "Grünanlage"
      },
      "geometry": {
        "type": "Point",
        "coordinates": [
          13.343206350564653,
          52.55004553337875
        ]
      }
    },
    {
      "type": "Feature",
      "properties": {
        "name": "Nordufer zw. Föhrer Str. u. S-Bahn",
        "info": "",
        "category": "Grünanlage"
      },
      "geometry": {
        "type": "Point",
        "coordinates": [
          13.353076888668786,
          52.53958245458811
        ]
      }
    },
    {
      "type": "Feature",
      "properties": {
        "name": "Gropiusstr.",
        "info": "Panke Mittelabschnitt",
        "category": "Grünanlage"
      },
      "geometry": {
        "type": "Point",
        "coordinates": [
          13.376848948727426,
          52.55262654518828
        ]
      }
    },
    {
      "type": "Feature",
      "properties": {
        "name": "Neues Ufer Sportpark",
        "info": "",
        "category": "Grünanlage"
      },
      "geometry": {
        "type": "Point",
        "coordinates": [
          13.31814044107287,
          52.523576600122404
        ]
      }
    },
    {
      "type": "Feature",
      "properties": {
        "name": "Hansaplatz Süd",
        "info": "Ecke Klopstock- und Altonaer Str.",
        "category": "Grünanlage"
      },
      "geometry": {
        "type": "Point",
        "coordinates": [
          13.342064097211901,
          52.5175690982581
        ]
      }
    },
    {
      "type": "Feature",
      "properties": {
        "name": "Oranienburger Str. 18",
        "info": "Krausnickpark",
        "category": "Grünanlage"
      },
      "geometry": {
        "type": "Point",
        "coordinates": [
          13.397363453150795,
          52.524682148659345
        ]
      }
    },
    {
      "type": "Feature",
      "properties": {
        "name": "Neustädtischer Kirchplatz",
        "info": "",
        "category": "Grünanlage"
      },
      "geometry": {
        "type": "Point",
        "coordinates": [
          13.384944447583301,
          52.51814305517003
        ]
      }
    },
    {
      "type": "Feature",
      "properties": {
        "name": "Lennestr. Ecke Ebertstr.",
        "info": "Lennedreieck neben Beisheimcenter",
        "category": "Grünanlage"
      },
      "geometry": {
        "type": "Point",
        "coordinates": [
          13.37647787944209,
          52.512094970731994
        ]
      }
    },
    {
      "type": "Feature",
      "properties": {
        "name": "Park am Hauptbahnhof",
        "info": "ULAP-Gelände",
        "category": "Grünanlage"
      },
      "geometry": {
        "type": "Point",
        "coordinates": [
          13.365198369935825,
          52.52321157517575
        ]
      }
    },
    {
      "type": "Feature",
      "properties": {
        "name": "Spreeuferpromenade Park auf dem Moabiter Werder",
        "info": "Magnus-Hirschfeld-Ufer u. Nordallee",
        "category": "Grünanlage"
      },
      "geometry": {
        "type": "Point",
        "coordinates": [
          13.366668707137528,
          52.52069181620296
        ]
      }
    },
    {
      "type": "Feature",
      "properties": {
        "name": "Spreeuferpromenade am Marie-Elisabeth-Lüders-Haus",
        "info": "Spreeplatz Ostufer in Flucht \"Band des Bundes\"",
        "category": "Grünanlage"
      },
      "geometry": {
        "type": "Point",
        "coordinates": [
          13.37717044660517,
          52.52019386718821
        ]
      }
    },
    {
      "type": "Feature",
      "properties": {
        "name": "Spreeuferpromenade am Paul-Löbe-Haus",
        "info": "Spreeplatz Westufer und Spreetreppe",
        "category": "Grünanlage"
      },
      "geometry": {
        "type": "Point",
        "coordinates": [
          13.376000455339867,
          52.520683827474585
        ]
      }
    },
    {
      "type": "Feature",
      "properties": {
        "name": "Schönwalder Str. 19",
        "info": "Reinickendorf Straße 6",
        "category": "Grünanlage"
      },
      "geometry": {
        "type": "Point",
        "coordinates": [
          13.371569332503785,
          52.54114380187408
        ]
      }
    },
    {
      "type": "Feature",
      "properties": {
        "name": "Spreeuferpromenade Bettina-von-Arnim-Ufer",
        "info": "von HdKdW bis Moltkebrücke",
        "category": "Grünanlage"
      },
      "geometry": {
        "type": "Point",
        "coordinates": [
          13.368091545443445,
          52.52083945247715
        ]
      }
    },
    {
      "type": "Feature",
      "properties": {
        "name": "Sprengelpark",
        "info": "zw. Kiautschoustr. u. Sprengelstr.",
        "category": "Grünanlage"
      },
      "geometry": {
        "type": "Point",
        "coordinates": [
          13.353274872055456,
          52.540819446842626
        ]
      }
    },
    {
      "type": "Feature",
      "properties": {
        "name": "Nauener Platz",
        "info": "Reinickendorfer Str. 55 / 56 Teil 1; 30475",
        "category": "Grünanlage"
      },
      "geometry": {
        "type": "Point",
        "coordinates": [
          13.367333558880235,
          52.55281972536967
        ]
      }
    },
    {
      "type": "Feature",
      "properties": {
        "name": "Mettmannplatz",
        "info": "Tegeler Str. 55 / Nordufer, 30426, ehem. Ballfeld",
        "category": "Grünanlage"
      },
      "geometry": {
        "type": "Point",
        "coordinates": [
          13.35937785560754,
          52.53896968326093
        ]
      }
    },
    {
      "type": "Feature",
      "properties": {
        "name": "Gottlieb-Dunkel-Str. 16-18",
        "info": "Teilestr. 17",
        "category": "Grünanlage"
      },
      "geometry": {
        "type": "Point",
        "coordinates": [
          13.413329299364367,
          52.45899594528899
        ]
      }
    },
    {
      "type": "Feature",
      "properties": {
        "name": "Karower Str.",
        "info": "Eingang Hufelandkrankenhaus",
        "category": "Grünanlage"
      },
      "geometry": {
        "type": "Point",
        "coordinates": [
          13.50003042969404,
          52.63451888663312
        ]
      }
    },
    {
      "type": "Feature",
      "properties": {
        "name": "Franz-Schmidt-Str./ Walter-Friedrich-Str.",
        "info": "",
        "category": "Grünanlage"
      },
      "geometry": {
        "type": "Point",
        "coordinates": [
          13.495358237299588,
          52.633258085863176
        ]
      }
    },
    {
      "type": "Feature",
      "properties": {
        "name": "Karower Chaussee/ Groscurthstr.",
        "info": "ehemalige Brunnenschutzzone 1",
        "category": "Grünanlage"
      },
      "geometry": {
        "type": "Point",
        "coordinates": [
          13.497868264495168,
          52.62959602107021
        ]
      }
    },
    {
      "type": "Feature",
      "properties": {
        "name": "An der Panke",
        "info": "Pankewanderweg u. Restfläche",
        "category": "Grünanlage"
      },
      "geometry": {
        "type": "Point",
        "coordinates": [
          13.492320695808115,
          52.634096567316156
        ]
      }
    },
    {
      "type": "Feature",
      "properties": {
        "name": "Theodor-Brugsch-Str.",
        "info": "",
        "category": "Grünanlage"
      },
      "geometry": {
        "type": "Point",
        "coordinates": [
          13.502712432165929,
          52.630051903327484
        ]
      }
    },
    {
      "type": "Feature",
      "properties": {
        "name": "Walter-Friedrich-Str.",
        "info": "Am Pumpenhaus",
        "category": "Grünanlage"
      },
      "geometry": {
        "type": "Point",
        "coordinates": [
          13.493649326930095,
          52.631011621174856
        ]
      }
    },
    {
      "type": "Feature",
      "properties": {
        "name": "Löffelbrücke bis Bahnhofstraße",
        "info": "Pankewanderweg",
        "category": "Grünanlage"
      },
      "geometry": {
        "type": "Point",
        "coordinates": [
          13.431499084519897,
          52.584909841421315
        ]
      }
    },
    {
      "type": "Feature",
      "properties": {
        "name": "Parkstr. 7-15/ Elfenallee",
        "info": "Park Buchholz",
        "category": "Grünanlage"
      },
      "geometry": {
        "type": "Point",
        "coordinates": [
          13.43562907030569,
          52.60664892827998
        ]
      }
    },
    {
      "type": "Feature",
      "properties": {
        "name": "Brosepark",
        "info": "Wackenbergstr. / Dietzgenstr.",
        "category": "Grünanlage"
      },
      "geometry": {
        "type": "Point",
        "coordinates": [
          13.404943180436849,
          52.58449021540372
        ]
      }
    },
    {
      "type": "Feature",
      "properties": {
        "name": "Schlosspark Buch",
        "info": "",
        "category": "Grünanlage"
      },
      "geometry": {
        "type": "Point",
        "coordinates": [
          13.497769975957539,
          52.637018426895814
        ]
      }
    },
    {
      "type": "Feature",
      "properties": {
        "name": "Herthaplatz",
        "info": "Buchholzer Straße",
        "category": "Grünanlage"
      },
      "geometry": {
        "type": "Point",
        "coordinates": [
          13.40882982159259,
          52.58474218761312
        ]
      }
    },
    {
      "type": "Feature",
      "properties": {
        "name": "Parkstr. 24,26,28/ Eddastr.",
        "info": "Lausepark",
        "category": "Grünanlage"
      },
      "geometry": {
        "type": "Point",
        "coordinates": [
          13.438403228404468,
          52.60519201488944
        ]
      }
    },
    {
      "type": "Feature",
      "properties": {
        "name": "Kuckhoffstr. 36/ Rapoport-Park",
        "info": "Intelligenzsiedlung",
        "category": "Grünanlage"
      },
      "geometry": {
        "type": "Point",
        "coordinates": [
          13.397954981863716,
          52.58357686416832
        ]
      }
    },
    {
      "type": "Feature",
      "properties": {
        "name": "Hermann-Hesse-Str. 17",
        "info": "",
        "category": "Grünanlage"
      },
      "geometry": {
        "type": "Point",
        "coordinates": [
          13.400445058443943,
          52.58014732450088
        ]
      }
    },
    {
      "type": "Feature",
      "properties": {
        "name": "Dietzgenstr. 101/ Schönhauser Str.",
        "info": "Nordenddreieck",
        "category": "Grünanlage"
      },
      "geometry": {
        "type": "Point",
        "coordinates": [
          13.401446310830254,
          52.59079481110001
        ]
      }
    },
    {
      "type": "Feature",
      "properties": {
        "name": "Heegermühler Weg",
        "info": "Seebad Wilhelmsruh",
        "category": "Grünanlage"
      },
      "geometry": {
        "type": "Point",
        "coordinates": [
          13.370759528551838,
          52.58406836774363
        ]
      }
    },
    {
      "type": "Feature",
      "properties": {
        "name": "Garibaldistr. 44",
        "info": "Garibaldipark",
        "category": "Grünanlage"
      },
      "geometry": {
        "type": "Point",
        "coordinates": [
          13.361609555877056,
          52.587029765220365
        ]
      }
    },
    {
      "type": "Feature",
      "properties": {
        "name": "Hauptstr. 34-38",
        "info": "VVN-Denkmal",
        "category": "Grünanlage"
      },
      "geometry": {
        "type": "Point",
        "coordinates": [
          13.368064518046358,
          52.58770074555958
        ]
      }
    },
    {
      "type": "Feature",
      "properties": {
        "name": "Heinrich-Mann-Platz",
        "info": "",
        "category": "Grünanlage"
      },
      "geometry": {
        "type": "Point",
        "coordinates": [
          13.392949710386718,
          52.573023302699966
        ]
      }
    },
    {
      "type": "Feature",
      "properties": {
        "name": "Thulestr. 69 - 73",
        "info": "Prenzlauer Promenade/Eschengraben",
        "category": "Grünanlage"
      },
      "geometry": {
        "type": "Point",
        "coordinates": [
          13.427382796447578,
          52.55708076111042
        ]
      }
    },
    {
      "type": "Feature",
      "properties": {
        "name": "Karlstadter Platz",
        "info": "Gemündener-/ Karlstadter Str./ Zeiler Weg",
        "category": "Grünanlage"
      },
      "geometry": {
        "type": "Point",
        "coordinates": [
          13.422969807092178,
          52.56869781962982
        ]
      }
    },
    {
      "type": "Feature",
      "properties": {
        "name": "Heinz-Knobloch-Platz",
        "info": "Berliner Straße 32, 34",
        "category": "Grünanlage"
      },
      "geometry": {
        "type": "Point",
        "coordinates": [
          13.412199215366533,
          52.56240562976164
        ]
      }
    },
    {
      "type": "Feature",
      "properties": {
        "name": "Laudaer Platz",
        "info": "Laudaer Str./Prenzl.Prom./Retzbacher Weg",
        "category": "Grünanlage"
      },
      "geometry": {
        "type": "Point",
        "coordinates": [
          13.42653709977326,
          52.565218448634056
        ]
      }
    },
    {
      "type": "Feature",
      "properties": {
        "name": "Andreas-Hofer-Platz",
        "info": "",
        "category": "Grünanlage"
      },
      "geometry": {
        "type": "Point",
        "coordinates": [
          13.408173118434354,
          52.558590723869266
        ]
      }
    },
    {
      "type": "Feature",
      "properties": {
        "name": "Schlosspark Schönhausen",
        "info": "",
        "category": "Grünanlage"
      },
      "geometry": {
        "type": "Point",
        "coordinates": [
          13.410420658488174,
          52.57684906957135
        ]
      }
    },
    {
      "type": "Feature",
      "properties": {
        "name": "Karower-/ E.-Christinen-Str.",
        "info": "",
        "category": "Grünanlage"
      },
      "geometry": {
        "type": "Point",
        "coordinates": [
          13.42110451754807,
          52.58255398135304
        ]
      }
    },
    {
      "type": "Feature",
      "properties": {
        "name": "Breite Str. 40/ Berliner Str. 1",
        "info": "Tröpfelbrunnen",
        "category": "Grünanlage"
      },
      "geometry": {
        "type": "Point",
        "coordinates": [
          13.40991944633896,
          52.5705488328956
        ]
      }
    },
    {
      "type": "Feature",
      "properties": {
        "name": "Bleichröderpark",
        "info": "hinter Breite Str. 34",
        "category": "Grünanlage"
      },
      "geometry": {
        "type": "Point",
        "coordinates": [
          13.406743875852046,
          52.569098888218626
        ]
      }
    },
    {
      "type": "Feature",
      "properties": {
        "name": "Lindenberger Str. neben 24",
        "info": "",
        "category": "Grünanlage"
      },
      "geometry": {
        "type": "Point",
        "coordinates": [
          13.418244867315789,
          52.58206696548487
        ]
      }
    },
    {
      "type": "Feature",
      "properties": {
        "name": "Elisabethweg 1",
        "info": "",
        "category": "Grünanlage"
      },
      "geometry": {
        "type": "Point",
        "coordinates": [
          13.406325126951485,
          52.574539118003514
        ]
      }
    },
    {
      "type": "Feature",
      "properties": {
        "name": "Pankower Str.14",
        "info": "zw. SWH und Kaufhalle",
        "category": "Grünanlage"
      },
      "geometry": {
        "type": "Point",
        "coordinates": [
          13.42595742288201,
          52.585476734671396
        ]
      }
    },
    {
      "type": "Feature",
      "properties": {
        "name": "Amalienpark",
        "info": "",
        "category": "Grünanlage"
      },
      "geometry": {
        "type": "Point",
        "coordinates": [
          13.413769726477303,
          52.572687525403495
        ]
      }
    },
    {
      "type": "Feature",
      "properties": {
        "name": "Klaustaler Platz",
        "info": "Klaustaler-/Harzburger-/ Harzgeroder Str",
        "category": "Grünanlage"
      },
      "geometry": {
        "type": "Point",
        "coordinates": [
          13.421597783941563,
          52.574399494889036
        ]
      }
    },
    {
      "type": "Feature",
      "properties": {
        "name": "Paracelsusplatz",
        "info": "Paracelsus-/ Achtermann-/ Prießnitzstr.",
        "category": "Grünanlage"
      },
      "geometry": {
        "type": "Point",
        "coordinates": [
          13.423904224310562,
          52.578707052191405
        ]
      }
    },
    {
      "type": "Feature",
      "properties": {
        "name": "Wollank- bis Wilhelm-Kuhr-Str.",
        "info": "Mauergrünzug",
        "category": "Grünanlage"
      },
      "geometry": {
        "type": "Point",
        "coordinates": [
          13.391212216169448,
          52.56634193132791
        ]
      }
    },
    {
      "type": "Feature",
      "properties": {
        "name": "Blankenburger Weg, Kippe",
        "info": "",
        "category": "Grünanlage"
      },
      "geometry": {
        "type": "Point",
        "coordinates": [
          13.434675481383717,
          52.59086526648821
        ]
      }
    },
    {
      "type": "Feature",
      "properties": {
        "name": "Schönholzer Heide",
        "info": "",
        "category": "Grünanlage"
      },
      "geometry": {
        "type": "Point",
        "coordinates": [
          13.378184666117505,
          52.5804809179934
        ]
      }
    },
    {
      "type": "Feature",
      "properties": {
        "name": "Zwischen Panke u. KGA \"Blankenburg\"",
        "info": "Wiese an d.Teichgaststätte, Pankewanderw",
        "category": "Grünanlage"
      },
      "geometry": {
        "type": "Point",
        "coordinates": [
          13.434657020295308,
          52.58898831863173
        ]
      }
    },
    {
      "type": "Feature",
      "properties": {
        "name": "Bürgerpark Pankow",
        "info": "Wilhelm-Kuhr-Straße",
        "category": "Grünanlage"
      },
      "geometry": {
        "type": "Point",
        "coordinates": [
          13.394972254915372,
          52.56956549573208
        ]
      }
    },
    {
      "type": "Feature",
      "properties": {
        "name": "Susanne-und-Kurt-Crohn-Platz",
        "info": "Wisbyer Platz",
        "category": "Grünanlage"
      },
      "geometry": {
        "type": "Point",
        "coordinates": [
          13.421469196192392,
          52.5535403436828
        ]
      }
    },
    {
      "type": "Feature",
      "properties": {
        "name": "\"Rosengarten\" - Randgrün",
        "info": "",
        "category": "Grünanlage"
      },
      "geometry": {
        "type": "Point",
        "coordinates": [
          13.47390322094404,
          52.61951030953796
        ]
      }
    },
    {
      "type": "Feature",
      "properties": {
        "name": "Ziegelstr. 60 und 62",
        "info": "",
        "category": "Grünanlage"
      },
      "geometry": {
        "type": "Point",
        "coordinates": [
          13.471229324299856,
          52.592542103661465
        ]
      }
    },
    {
      "type": "Feature",
      "properties": {
        "name": "Buschallee/ Orankestrand",
        "info": "",
        "category": "Grünanlage"
      },
      "geometry": {
        "type": "Point",
        "coordinates": [
          13.484562036032298,
          52.551824872010606
        ]
      }
    },
    {
      "type": "Feature",
      "properties": {
        "name": "Am Teichberg / Str. 42",
        "info": "",
        "category": "Grünanlage"
      },
      "geometry": {
        "type": "Point",
        "coordinates": [
          13.485601235048874,
          52.60494801116474
        ]
      }
    },
    {
      "type": "Feature",
      "properties": {
        "name": "Neue Wiesen",
        "info": "",
        "category": "Grünanlage"
      },
      "geometry": {
        "type": "Point",
        "coordinates": [
          13.491273175171235,
          52.59295813196284
        ]
      }
    },
    {
      "type": "Feature",
      "properties": {
        "name": "Alt-Blankenburg",
        "info": "Dorfanger",
        "category": "Grünanlage"
      },
      "geometry": {
        "type": "Point",
        "coordinates": [
          13.452990752217591,
          52.59299847564432
        ]
      }
    },
    {
      "type": "Feature",
      "properties": {
        "name": "Bahnhofstraße bis Königsteinbrücke",
        "info": "Pankewanderweg",
        "category": "Grünanlage"
      },
      "geometry": {
        "type": "Point",
        "coordinates": [
          13.446655329141883,
          52.601616684557314
        ]
      }
    },
    {
      "type": "Feature",
      "properties": {
        "name": "Platz A Heinersdorf",
        "info": "",
        "category": "Grünanlage"
      },
      "geometry": {
        "type": "Point",
        "coordinates": [
          13.442980116540872,
          52.577995697078975
        ]
      }
    },
    {
      "type": "Feature",
      "properties": {
        "name": "Westl. Str. von Malchow nach Lindenberg",
        "info": "",
        "category": "Grünanlage"
      },
      "geometry": {
        "type": "Point",
        "coordinates": [
          13.485936027309567,
          52.588989887413994
        ]
      }
    },
    {
      "type": "Feature",
      "properties": {
        "name": "nördl. Feldmark Blankenfelde I",
        "info": "",
        "category": "Grünanlage"
      },
      "geometry": {
        "type": "Point",
        "coordinates": [
          13.38553421237894,
          52.62438690800155
        ]
      }
    },
    {
      "type": "Feature",
      "properties": {
        "name": "Mönchmühler Straße III",
        "info": "westlich",
        "category": "Grünanlage"
      },
      "geometry": {
        "type": "Point",
        "coordinates": [
          13.376349992080758,
          52.60956149184182
        ]
      }
    },
    {
      "type": "Feature",
      "properties": {
        "name": "Dechertstr. 20/ Karower Str.23",
        "info": "",
        "category": "Grünanlage"
      },
      "geometry": {
        "type": "Point",
        "coordinates": [
          13.42451806374552,
          52.58333807116752
        ]
      }
    },
    {
      "type": "Feature",
      "properties": {
        "name": "Parkanlage am Ilsenburggraben",
        "info": "",
        "category": "Grünanlage"
      },
      "geometry": {
        "type": "Point",
        "coordinates": [
          13.447943834448802,
          52.59327044019183
        ]
      }
    },
    {
      "type": "Feature",
      "properties": {
        "name": "Solonplatz",
        "info": "",
        "category": "Grünanlage"
      },
      "geometry": {
        "type": "Point",
        "coordinates": [
          13.462466188242402,
          52.54940296733047
        ]
      }
    },
    {
      "type": "Feature",
      "properties": {
        "name": "Möllersfelde I",
        "info": "",
        "category": "Grünanlage"
      },
      "geometry": {
        "type": "Point",
        "coordinates": [
          13.422756652522084,
          52.629791482517916
        ]
      }
    },
    {
      "type": "Feature",
      "properties": {
        "name": "Pölnitzweg ggü. 5 -11",
        "info": "",
        "category": "Grünanlage"
      },
      "geometry": {
        "type": "Point",
        "coordinates": [
          13.501980273645263,
          52.6384313204371
        ]
      }
    },
    {
      "type": "Feature",
      "properties": {
        "name": "Bitburger Teiche",
        "info": "Darßer Straße / Bitburger Straße",
        "category": "Grünanlage"
      },
      "geometry": {
        "type": "Point",
        "coordinates": [
          13.480959675968288,
          52.56510056813247
        ]
      }
    },
    {
      "type": "Feature",
      "properties": {
        "name": "Amalienstr./ Albertinenstr.",
        "info": "",
        "category": "Grünanlage"
      },
      "geometry": {
        "type": "Point",
        "coordinates": [
          13.459433455569767,
          52.55361547599169
        ]
      }
    },
    {
      "type": "Feature",
      "properties": {
        "name": "Berliner Allee 162/ Wegener-/ Gartenstr.",
        "info": "",
        "category": "Grünanlage"
      },
      "geometry": {
        "type": "Point",
        "coordinates": [
          13.467811078231248,
          52.55233689304027
        ]
      }
    },
    {
      "type": "Feature",
      "properties": {
        "name": "Pölnitzwiesen I",
        "info": "Pankegrünzug",
        "category": "Grünanlage"
      },
      "geometry": {
        "type": "Point",
        "coordinates": [
          13.510868471866148,
          52.64535876571507
        ]
      }
    },
    {
      "type": "Feature",
      "properties": {
        "name": "Ernst-Ludwig-Heim-Str.",
        "info": "Gehölzstreifen am Delbrück-Centrum",
        "category": "Grünanlage"
      },
      "geometry": {
        "type": "Point",
        "coordinates": [
          13.49998143236758,
          52.62633148087687
        ]
      }
    },
    {
      "type": "Feature",
      "properties": {
        "name": "Am Graben",
        "info": "Nachtalbenweg",
        "category": "Grünanlage"
      },
      "geometry": {
        "type": "Point",
        "coordinates": [
          13.469152669729196,
          52.57381595940822
        ]
      }
    },
    {
      "type": "Feature",
      "properties": {
        "name": "Langhansstr. vor 40, 41/ Scharnweberstr.",
        "info": "Langhansstr. 38",
        "category": "Grünanlage"
      },
      "geometry": {
        "type": "Point",
        "coordinates": [
          13.440328458053475,
          52.552009691109674
        ]
      }
    },
    {
      "type": "Feature",
      "properties": {
        "name": "Antonplatz - Grünanlage",
        "info": "Berliner Allee 26-34, Bizetstraße 21-23",
        "category": "Grünanlage"
      },
      "geometry": {
        "type": "Point",
        "coordinates": [
          13.451148891283445,
          52.547827467520165
        ]
      }
    },
    {
      "type": "Feature",
      "properties": {
        "name": "Amselstr.",
        "info": "GLB \"Wiesen am Rübländer Graben\"",
        "category": "Grünanlage"
      },
      "geometry": {
        "type": "Point",
        "coordinates": [
          13.475154902185826,
          52.618369325080025
        ]
      }
    },
    {
      "type": "Feature",
      "properties": {
        "name": "westl. Bucher Chaussee, Pfannschmidtstr.",
        "info": "Wasserschutzgebiet",
        "category": "Grünanlage"
      },
      "geometry": {
        "type": "Point",
        "coordinates": [
          13.487441133990009,
          52.62296231968691
        ]
      }
    },
    {
      "type": "Feature",
      "properties": {
        "name": "Bucher Chaussee/ Siedlungsring",
        "info": "Grünzug Siedlungsring",
        "category": "Grünanlage"
      },
      "geometry": {
        "type": "Point",
        "coordinates": [
          13.494621724132962,
          52.621910613557844
        ]
      }
    },
    {
      "type": "Feature",
      "properties": {
        "name": "Hofzeichendamm, südlich",
        "info": "Großes Grünband",
        "category": "Grünanlage"
      },
      "geometry": {
        "type": "Point",
        "coordinates": [
          13.495954689042767,
          52.61159494488149
        ]
      }
    },
    {
      "type": "Feature",
      "properties": {
        "name": "Schräger Weg ggü. 44",
        "info": "Liebenstr.",
        "category": "Grünanlage"
      },
      "geometry": {
        "type": "Point",
        "coordinates": [
          13.465852395043107,
          52.61049696445924
        ]
      }
    },
    {
      "type": "Feature",
      "properties": {
        "name": "Sleipnerplatz",
        "info": "",
        "category": "Grünanlage"
      },
      "geometry": {
        "type": "Point",
        "coordinates": [
          13.44250021709402,
          52.574039889746665
        ]
      }
    },
    {
      "type": "Feature",
      "properties": {
        "name": "Lindenberger Weg I",
        "info": "",
        "category": "Grünanlage"
      },
      "geometry": {
        "type": "Point",
        "coordinates": [
          13.478595239219855,
          52.594316970469826
        ]
      }
    },
    {
      "type": "Feature",
      "properties": {
        "name": "Flaischlenstr.",
        "info": "an der Fußgängerbrücke",
        "category": "Grünanlage"
      },
      "geometry": {
        "type": "Point",
        "coordinates": [
          13.450613642183212,
          52.60632673231486
        ]
      }
    },
    {
      "type": "Feature",
      "properties": {
        "name": "Am Siedlungsring/ Kappgrabengrünzug",
        "info": "",
        "category": "Grünanlage"
      },
      "geometry": {
        "type": "Point",
        "coordinates": [
          13.501386397226966,
          52.61819510047942
        ]
      }
    },
    {
      "type": "Feature",
      "properties": {
        "name": "Am Rübländer Graben",
        "info": "Am Auepark",
        "category": "Grünanlage"
      },
      "geometry": {
        "type": "Point",
        "coordinates": [
          13.481378789509755,
          52.618919811521444
        ]
      }
    },
    {
      "type": "Feature",
      "properties": {
        "name": "Else-Jahn-Str. 39",
        "info": "",
        "category": "Grünanlage"
      },
      "geometry": {
        "type": "Point",
        "coordinates": [
          13.473394552513083,
          52.55189468845139
        ]
      }
    },
    {
      "type": "Feature",
      "properties": {
        "name": "Bedeweg / Achillesstr. / Ingwäonenweg",
        "info": "Park an den Käsematten",
        "category": "Grünanlage"
      },
      "geometry": {
        "type": "Point",
        "coordinates": [
          13.497841495470626,
          52.61406706050492
        ]
      }
    },
    {
      "type": "Feature",
      "properties": {
        "name": "Am Fließ",
        "info": "Fließgraben",
        "category": "Grünanlage"
      },
      "geometry": {
        "type": "Point",
        "coordinates": [
          13.458670573653972,
          52.588896366548234
        ]
      }
    },
    {
      "type": "Feature",
      "properties": {
        "name": "Sulzfelder Str. 8-14",
        "info": "",
        "category": "Grünanlage"
      },
      "geometry": {
        "type": "Point",
        "coordinates": [
          13.474554369569391,
          52.55240729674416
        ]
      }
    },
    {
      "type": "Feature",
      "properties": {
        "name": "Wigandstaler Str. 39 A",
        "info": "",
        "category": "Grünanlage"
      },
      "geometry": {
        "type": "Point",
        "coordinates": [
          13.440679122380706,
          52.55997324542976
        ]
      }
    },
    {
      "type": "Feature",
      "properties": {
        "name": "Große Seestr. 95",
        "info": "zw. Nr. 96 u. Nr. 16a",
        "category": "Grünanlage"
      },
      "geometry": {
        "type": "Point",
        "coordinates": [
          13.453947175496188,
          52.560132732788134
        ]
      }
    },
    {
      "type": "Feature",
      "properties": {
        "name": "Münchehagenstr.",
        "info": "Wäldchen nördlich Hentzeweg",
        "category": "Grünanlage"
      },
      "geometry": {
        "type": "Point",
        "coordinates": [
          13.497465798817782,
          52.61218286405041
        ]
      }
    },
    {
      "type": "Feature",
      "properties": {
        "name": "Lindenberger Weg II",
        "info": "",
        "category": "Grünanlage"
      },
      "geometry": {
        "type": "Point",
        "coordinates": [
          13.483785917426854,
          52.59463176404643
        ]
      }
    },
    {
      "type": "Feature",
      "properties": {
        "name": "Falkenberger Str.5-26/Buschallee 93A-96A",
        "info": "",
        "category": "Grünanlage"
      },
      "geometry": {
        "type": "Point",
        "coordinates": [
          13.47275293400635,
          52.553925790068504
        ]
      }
    },
    {
      "type": "Feature",
      "properties": {
        "name": "Lindenberger Weg",
        "info": "Okertalstraße 13/19",
        "category": "Grünanlage"
      },
      "geometry": {
        "type": "Point",
        "coordinates": [
          13.472622030313785,
          52.59434315792792
        ]
      }
    },
    {
      "type": "Feature",
      "properties": {
        "name": "Gartenstr. 6, Hansastr. 151",
        "info": "südl. Else-Jahn-Str., westl Hansastr.",
        "category": "Grünanlage"
      },
      "geometry": {
        "type": "Point",
        "coordinates": [
          13.471302854186861,
          52.55144509105216
        ]
      }
    },
    {
      "type": "Feature",
      "properties": {
        "name": "Brodenbacher Weg 31 Grünanlage",
        "info": "Liebermannstr./ Piesporter Str.",
        "category": "Grünanlage"
      },
      "geometry": {
        "type": "Point",
        "coordinates": [
          13.477360742817677,
          52.55989192560006
        ]
      }
    },
    {
      "type": "Feature",
      "properties": {
        "name": "Danewendplatz",
        "info": "",
        "category": "Grünanlage"
      },
      "geometry": {
        "type": "Point",
        "coordinates": [
          13.476502902758364,
          52.61612387844916
        ]
      }
    },
    {
      "type": "Feature",
      "properties": {
        "name": "Hansastr. 173",
        "info": "zwischen Gleisschleife u. KGA Giersstr.",
        "category": "Grünanlage"
      },
      "geometry": {
        "type": "Point",
        "coordinates": [
          13.480552759471264,
          52.55423789122064
        ]
      }
    },
    {
      "type": "Feature",
      "properties": {
        "name": "Hansastr.",
        "info": "Orankestrand",
        "category": "Grünanlage"
      },
      "geometry": {
        "type": "Point",
        "coordinates": [
          13.47834651091257,
          52.55013783949056
        ]
      }
    },
    {
      "type": "Feature",
      "properties": {
        "name": "An der Laake 1",
        "info": "Laake Grünzug",
        "category": "Grünanlage"
      },
      "geometry": {
        "type": "Point",
        "coordinates": [
          13.473784454032026,
          52.59857568117324
        ]
      }
    },
    {
      "type": "Feature",
      "properties": {
        "name": "Buschallee 87",
        "info": "Falkenberger Str. 27-30",
        "category": "Grünanlage"
      },
      "geometry": {
        "type": "Point",
        "coordinates": [
          13.476680922287931,
          52.55486965144475
        ]
      }
    },
    {
      "type": "Feature",
      "properties": {
        "name": "Strömannstr.",
        "info": "ehemals an der Straße 56",
        "category": "Grünanlage"
      },
      "geometry": {
        "type": "Point",
        "coordinates": [
          13.48280614659093,
          52.60893786056076
        ]
      }
    },
    {
      "type": "Feature",
      "properties": {
        "name": "Schmiedebankplatz",
        "info": "",
        "category": "Grünanlage"
      },
      "geometry": {
        "type": "Point",
        "coordinates": [
          13.492476423603543,
          52.61331051415392
        ]
      }
    },
    {
      "type": "Feature",
      "properties": {
        "name": "Märchenlandpark",
        "info": "Märchenweg, Am Graben",
        "category": "Grünanlage"
      },
      "geometry": {
        "type": "Point",
        "coordinates": [
          13.459999370489927,
          52.57690016105794
        ]
      }
    },
    {
      "type": "Feature",
      "properties": {
        "name": "Gounodstr. neben 78, ggü. 71",
        "info": "",
        "category": "Grünanlage"
      },
      "geometry": {
        "type": "Point",
        "coordinates": [
          13.46221252957211,
          52.54718336293823
        ]
      }
    },
    {
      "type": "Feature",
      "properties": {
        "name": "Haduweg (Arboretum)",
        "info": "Zum Kappgraben",
        "category": "Grünanlage"
      },
      "geometry": {
        "type": "Point",
        "coordinates": [
          13.496577436426067,
          52.61759777444871
        ]
      }
    },
    {
      "type": "Feature",
      "properties": {
        "name": "Parkstr. naturnahe Parkanlage",
        "info": "Krugstege neben Kinderheim",
        "category": "Grünanlage"
      },
      "geometry": {
        "type": "Point",
        "coordinates": [
          13.456902914033865,
          52.59082143948267
        ]
      }
    },
    {
      "type": "Feature",
      "properties": {
        "name": "Liebermannstr. 20",
        "info": "nördlich davon gelegen",
        "category": "Grünanlage"
      },
      "geometry": {
        "type": "Point",
        "coordinates": [
          13.463600702706422,
          52.55984622656724
        ]
      }
    },
    {
      "type": "Feature",
      "properties": {
        "name": "Schmöckpfuhlgrabengrünzug",
        "info": "",
        "category": "Grünanlage"
      },
      "geometry": {
        "type": "Point",
        "coordinates": [
          13.452634812341898,
          52.572888271356454
        ]
      }
    },
    {
      "type": "Feature",
      "properties": {
        "name": "Zeuschelstr. neben 125",
        "info": "",
        "category": "Grünanlage"
      },
      "geometry": {
        "type": "Point",
        "coordinates": [
          13.424551518623264,
          52.61572097381838
        ]
      }
    },
    {
      "type": "Feature",
      "properties": {
        "name": "Pestalozzistr. 9 - 11",
        "info": "",
        "category": "Grünanlage"
      },
      "geometry": {
        "type": "Point",
        "coordinates": [
          13.405529160697892,
          52.572074723177614
        ]
      }
    },
    {
      "type": "Feature",
      "properties": {
        "name": "Thomas-Mann-Str. hinter 2-12",
        "info": "",
        "category": "Grünanlage"
      },
      "geometry": {
        "type": "Point",
        "coordinates": [
          13.442398042536126,
          52.54229352185993
        ]
      }
    },
    {
      "type": "Feature",
      "properties": {
        "name": "Zur Marktflagge 10",
        "info": "",
        "category": "Grünanlage"
      },
      "geometry": {
        "type": "Point",
        "coordinates": [
          13.458205729643865,
          52.522763314301635
        ]
      }
    },
    {
      "type": "Feature",
      "properties": {
        "name": "Hanns-Eisler-Str. neben 6",
        "info": "",
        "category": "Grünanlage"
      },
      "geometry": {
        "type": "Point",
        "coordinates": [
          13.44441023423152,
          52.54370542147505
        ]
      }
    },
    {
      "type": "Feature",
      "properties": {
        "name": "Idehorst NSG",
        "info": "",
        "category": "Grünanlage"
      },
      "geometry": {
        "type": "Point",
        "coordinates": [
          13.41577972319694,
          52.62255821479363
        ]
      }
    },
    {
      "type": "Feature",
      "properties": {
        "name": "Möllersfelde III",
        "info": "Barnimer Dörferweg",
        "category": "Grünanlage"
      },
      "geometry": {
        "type": "Point",
        "coordinates": [
          13.414104154741214,
          52.62286228069284
        ]
      }
    },
    {
      "type": "Feature",
      "properties": {
        "name": "Straße 7",
        "info": "verlängerte Str. 7/südl. der Panke",
        "category": "Grünanlage"
      },
      "geometry": {
        "type": "Point",
        "coordinates": [
          13.518908337050966,
          52.6451701418688
        ]
      }
    },
    {
      "type": "Feature",
      "properties": {
        "name": "Aidastr./ Tino-Schwierzina-Str.",
        "info": "Schafwaschpfuhlgraben",
        "category": "Grünanlage"
      },
      "geometry": {
        "type": "Point",
        "coordinates": [
          13.43702470276014,
          52.56663707003888
        ]
      }
    },
    {
      "type": "Feature",
      "properties": {
        "name": "Stargarder Str. 26 und 27",
        "info": "Starplatz",
        "category": "Grünanlage"
      },
      "geometry": {
        "type": "Point",
        "coordinates": [
          13.421976704812096,
          52.5445696185961
        ]
      }
    },
    {
      "type": "Feature",
      "properties": {
        "name": "Hauptstr. 64A",
        "info": "",
        "category": "Grünanlage"
      },
      "geometry": {
        "type": "Point",
        "coordinates": [
          13.434749276792791,
          52.60537639688049
        ]
      }
    },
    {
      "type": "Feature",
      "properties": {
        "name": "Karower Chaussee/ Friedrich-Richter-Str.",
        "info": "ehemalige Brunnenschutzzone 2",
        "category": "Grünanlage"
      },
      "geometry": {
        "type": "Point",
        "coordinates": [
          13.49227823875357,
          52.6245690863962
        ]
      }
    },
    {
      "type": "Feature",
      "properties": {
        "name": "Alt-Karow 30",
        "info": "",
        "category": "Grünanlage"
      },
      "geometry": {
        "type": "Point",
        "coordinates": [
          13.486631070148933,
          52.61536198458908
        ]
      }
    },
    {
      "type": "Feature",
      "properties": {
        "name": "Siedlungsring zw. 9 und 11",
        "info": "Grünzug Siedlungsring",
        "category": "Grünanlage"
      },
      "geometry": {
        "type": "Point",
        "coordinates": [
          13.501305581765658,
          52.620403668880726
        ]
      }
    },
    {
      "type": "Feature",
      "properties": {
        "name": "Schützenstr. ggü. Nr. 39",
        "info": "",
        "category": "Grünanlage"
      },
      "geometry": {
        "type": "Point",
        "coordinates": [
          13.427304778627258,
          52.61157498047801
        ]
      }
    },
    {
      "type": "Feature",
      "properties": {
        "name": "Jean-Calas-Weg gegenüber Nr. 33",
        "info": "",
        "category": "Grünanlage"
      },
      "geometry": {
        "type": "Point",
        "coordinates": [
          13.422586682869682,
          52.61426254295006
        ]
      }
    },
    {
      "type": "Feature",
      "properties": {
        "name": "Jean-Calas-Weg neben Nr. 19",
        "info": "Gründreieck mit Holzpodest",
        "category": "Grünanlage"
      },
      "geometry": {
        "type": "Point",
        "coordinates": [
          13.42568351663095,
          52.613398111402965
        ]
      }
    },
    {
      "type": "Feature",
      "properties": {
        "name": "Heinersdorfer Str. hinter 14-22",
        "info": "Blankenburger Feldgraben",
        "category": "Grünanlage"
      },
      "geometry": {
        "type": "Point",
        "coordinates": [
          13.451665886797397,
          52.58561049721737
        ]
      }
    },
    {
      "type": "Feature",
      "properties": {
        "name": "Karower Damm",
        "info": "",
        "category": "Grünanlage"
      },
      "geometry": {
        "type": "Point",
        "coordinates": [
          13.46323209036032,
          52.595755441521526
        ]
      }
    },
    {
      "type": "Feature",
      "properties": {
        "name": "nördliche Feldmark Lindenhof I",
        "info": "westlich Schönerlinder Str.",
        "category": "Grünanlage"
      },
      "geometry": {
        "type": "Point",
        "coordinates": [
          13.441001608798983,
          52.64558379288076
        ]
      }
    },
    {
      "type": "Feature",
      "properties": {
        "name": "Falkplatz",
        "info": "",
        "category": "Grünanlage"
      },
      "geometry": {
        "type": "Point",
        "coordinates": [
          13.403561846328595,
          52.545995850198636
        ]
      }
    },
    {
      "type": "Feature",
      "properties": {
        "name": "Arnimplatz",
        "info": "",
        "category": "Grünanlage"
      },
      "geometry": {
        "type": "Point",
        "coordinates": [
          13.40952837286855,
          52.55179167396574
        ]
      }
    },
    {
      "type": "Feature",
      "properties": {
        "name": "Hanns-Eisler-Str. 2-4",
        "info": "",
        "category": "Grünanlage"
      },
      "geometry": {
        "type": "Point",
        "coordinates": [
          13.444268334295755,
          52.54248199393848
        ]
      }
    },
    {
      "type": "Feature",
      "properties": {
        "name": "Lehderstr./ Mandelstr.",
        "info": "",
        "category": "Grünanlage"
      },
      "geometry": {
        "type": "Point",
        "coordinates": [
          13.442374706297826,
          52.54844590000411
        ]
      }
    },
    {
      "type": "Feature",
      "properties": {
        "name": "Teutoburger Platz",
        "info": "",
        "category": "Grünanlage"
      },
      "geometry": {
        "type": "Point",
        "coordinates": [
          13.408626172824292,
          52.53194876779904
        ]
      }
    },
    {
      "type": "Feature",
      "properties": {
        "name": "südöstl. Malchower Chaussee",
        "info": "",
        "category": "Grünanlage"
      },
      "geometry": {
        "type": "Point",
        "coordinates": [
          13.483366684146642,
          52.56840188601728
        ]
      }
    },
    {
      "type": "Feature",
      "properties": {
        "name": "Stadtrandpark Neue Wiesen",
        "info": "",
        "category": "Grünanlage"
      },
      "geometry": {
        "type": "Point",
        "coordinates": [
          13.495122695779786,
          52.60135191957918
        ]
      }
    },
    {
      "type": "Feature",
      "properties": {
        "name": "Werner-Klemke-Park",
        "info": "Goldfischteich",
        "category": "Grünanlage"
      },
      "geometry": {
        "type": "Point",
        "coordinates": [
          13.4564001105313,
          52.55547237150045
        ]
      }
    },
    {
      "type": "Feature",
      "properties": {
        "name": "Topsstr.",
        "info": "",
        "category": "Grünanlage"
      },
      "geometry": {
        "type": "Point",
        "coordinates": [
          13.410152675771439,
          52.54255963634346
        ]
      }
    },
    {
      "type": "Feature",
      "properties": {
        "name": "Kreuzpfuhl",
        "info": "Jürgen Kuczynski-Park",
        "category": "Grünanlage"
      },
      "geometry": {
        "type": "Point",
        "coordinates": [
          13.453287221641974,
          52.552509485697236
        ]
      }
    },
    {
      "type": "Feature",
      "properties": {
        "name": "Kalvinistenweg",
        "info": "Grünstreifen",
        "category": "Grünanlage"
      },
      "geometry": {
        "type": "Point",
        "coordinates": [
          13.42814602239506,
          52.605030347273235
        ]
      }
    },
    {
      "type": "Feature",
      "properties": {
        "name": "Malchower Aue",
        "info": "",
        "category": "Grünanlage"
      },
      "geometry": {
        "type": "Point",
        "coordinates": [
          13.475623870520298,
          52.57503577752706
        ]
      }
    },
    {
      "type": "Feature",
      "properties": {
        "name": "Fröbelplatz",
        "info": "",
        "category": "Grünanlage"
      },
      "geometry": {
        "type": "Point",
        "coordinates": [
          13.426239624982347,
          52.54020163498901
        ]
      }
    },
    {
      "type": "Feature",
      "properties": {
        "name": "Storkower Str. hinter 26-90",
        "info": "Kniprodestr. neben 96",
        "category": "Grünanlage"
      },
      "geometry": {
        "type": "Point",
        "coordinates": [
          13.444673450720147,
          52.538249007058894
        ]
      }
    },
    {
      "type": "Feature",
      "properties": {
        "name": "Emmi-und-Wilhelm-Blank-Platz",
        "info": "Storkower Platz",
        "category": "Grünanlage"
      },
      "geometry": {
        "type": "Point",
        "coordinates": [
          13.445351388903559,
          52.53931160680628
        ]
      }
    },
    {
      "type": "Feature",
      "properties": {
        "name": "Ernst-Thälmann-Park",
        "info": "",
        "category": "Grünanlage"
      },
      "geometry": {
        "type": "Point",
        "coordinates": [
          13.433669738905783,
          52.538647740378984
        ]
      }
    },
    {
      "type": "Feature",
      "properties": {
        "name": "Preußstr. neben 5, 6, 7",
        "info": "Lisztplatz",
        "category": "Grünanlage"
      },
      "geometry": {
        "type": "Point",
        "coordinates": [
          13.43351469679638,
          52.54412683287555
        ]
      }
    },
    {
      "type": "Feature",
      "properties": {
        "name": "Gubitzstr. 18-20/ Ostseestr.62-76",
        "info": "",
        "category": "Grünanlage"
      },
      "geometry": {
        "type": "Point",
        "coordinates": [
          13.438456051192606,
          52.547539871269876
        ]
      }
    },
    {
      "type": "Feature",
      "properties": {
        "name": "Prenzl. Allee/ Erich-Weinert-Str. 91",
        "info": "Am Springbrunnen",
        "category": "Grünanlage"
      },
      "geometry": {
        "type": "Point",
        "coordinates": [
          13.429378990594572,
          52.54784777240063
        ]
      }
    },
    {
      "type": "Feature",
      "properties": {
        "name": "Humannplatz",
        "info": "",
        "category": "Grünanlage"
      },
      "geometry": {
        "type": "Point",
        "coordinates": [
          13.42288459251899,
          52.54904007092876
        ]
      }
    },
    {
      "type": "Feature",
      "properties": {
        "name": "Senefelderplatz",
        "info": "",
        "category": "Grünanlage"
      },
      "geometry": {
        "type": "Point",
        "coordinates": [
          13.412928504484075,
          52.532196990022186
        ]
      }
    },
    {
      "type": "Feature",
      "properties": {
        "name": "Helmholtzplatz",
        "info": "",
        "category": "Grünanlage"
      },
      "geometry": {
        "type": "Point",
        "coordinates": [
          13.419465342625642,
          52.54287991351049
        ]
      }
    },
    {
      "type": "Feature",
      "properties": {
        "name": "nordwestl. Malchower Chaussee",
        "info": "",
        "category": "Grünanlage"
      },
      "geometry": {
        "type": "Point",
        "coordinates": [
          13.479083558600125,
          52.56982621799521
        ]
      }
    },
    {
      "type": "Feature",
      "properties": {
        "name": "Aue-Park",
        "info": "Röländer Str./ Busonistraße",
        "category": "Grünanlage"
      },
      "geometry": {
        "type": "Point",
        "coordinates": [
          13.483004940428447,
          52.621005667414394
        ]
      }
    },
    {
      "type": "Feature",
      "properties": {
        "name": "Prenzlauer Allee/ Ostseestr.",
        "info": "Erich-Weinert-Park",
        "category": "Grünanlage"
      },
      "geometry": {
        "type": "Point",
        "coordinates": [
          13.431259841377589,
          52.55033456140894
        ]
      }
    },
    {
      "type": "Feature",
      "properties": {
        "name": "Prenzlauer Allee/ Danziger Str.",
        "info": "Springbrunnen Schirmkinder",
        "category": "Grünanlage"
      },
      "geometry": {
        "type": "Point",
        "coordinates": [
          13.425003826499783,
          52.539364608901614
        ]
      }
    },
    {
      "type": "Feature",
      "properties": {
        "name": "Park Am Weißen See",
        "info": "",
        "category": "Grünanlage"
      },
      "geometry": {
        "type": "Point",
        "coordinates": [
          13.462500804290771,
          52.55607103066907
        ]
      }
    },
    {
      "type": "Feature",
      "properties": {
        "name": "Park am Faulen See",
        "info": "Naturschutzgebiet",
        "category": "Grünanlage"
      },
      "geometry": {
        "type": "Point",
        "coordinates": [
          13.492138122772815,
          52.55376949603744
        ]
      }
    },
    {
      "type": "Feature",
      "properties": {
        "name": "Volkspark Prenzlauer Berg",
        "info": "",
        "category": "Grünanlage"
      },
      "geometry": {
        "type": "Point",
        "coordinates": [
          13.46294523995469,
          52.53578724250451
        ]
      }
    },
    {
      "type": "Feature",
      "properties": {
        "name": "Bornholmer Str. bis Esplanade",
        "info": "Mauergrünzug",
        "category": "Grünanlage"
      },
      "geometry": {
        "type": "Point",
        "coordinates": [
          13.398809596189636,
          52.55676488325269
        ]
      }
    },
    {
      "type": "Feature",
      "properties": {
        "name": "Syringenplatz",
        "info": "",
        "category": "Grünanlage"
      },
      "geometry": {
        "type": "Point",
        "coordinates": [
          13.457735889416458,
          52.53440265744887
        ]
      }
    },
    {
      "type": "Feature",
      "properties": {
        "name": "Kollwitzplatz",
        "info": "",
        "category": "Grünanlage"
      },
      "geometry": {
        "type": "Point",
        "coordinates": [
          13.416993531907083,
          52.536290732322605
        ]
      }
    },
    {
      "type": "Feature",
      "properties": {
        "name": "Kollwitzstr. 67/ Wörther Str. 34",
        "info": "Schöne Ecke",
        "category": "Grünanlage"
      },
      "geometry": {
        "type": "Point",
        "coordinates": [
          13.418042621935095,
          52.53687964517678
        ]
      }
    },
    {
      "type": "Feature",
      "properties": {
        "name": "Pasewalker Str./Schmöckpfuhlgraben",
        "info": "An der Löffelbrücke",
        "category": "Grünanlage"
      },
      "geometry": {
        "type": "Point",
        "coordinates": [
          13.429648814582016,
          52.582576266083954
        ]
      }
    },
    {
      "type": "Feature",
      "properties": {
        "name": "Blankensteinpark",
        "info": "Richard-Ermisch-Str.",
        "category": "Grünanlage"
      },
      "geometry": {
        "type": "Point",
        "coordinates": [
          13.461065547891797,
          52.52190022129521
        ]
      }
    },
    {
      "type": "Feature",
      "properties": {
        "name": "Grünzug von S-Bhf. Greifsw. Str. nach",
        "info": "S-Bhf. Landsberger Allee",
        "category": "Grünanlage"
      },
      "geometry": {
        "type": "Point",
        "coordinates": [
          13.449633275051166,
          52.533668167121355
        ]
      }
    },
    {
      "type": "Feature",
      "properties": {
        "name": "Am Steinberg - Grünanlage am Teich",
        "info": "KGA Freies Land",
        "category": "Grünanlage"
      },
      "geometry": {
        "type": "Point",
        "coordinates": [
          13.4401040608489,
          52.562333188638675
        ]
      }
    },
    {
      "type": "Feature",
      "properties": {
        "name": "Dietzgenstr. bis Waldowstr.",
        "info": "Kreuzgrabengrünzug",
        "category": "Grünanlage"
      },
      "geometry": {
        "type": "Point",
        "coordinates": [
          13.40403092274413,
          52.58690171294364
        ]
      }
    },
    {
      "type": "Feature",
      "properties": {
        "name": "Blankenburger Str. 141",
        "info": "",
        "category": "Grünanlage"
      },
      "geometry": {
        "type": "Point",
        "coordinates": [
          13.42660087934858,
          52.587767475648235
        ]
      }
    },
    {
      "type": "Feature",
      "properties": {
        "name": "Am Tegeler Fließ",
        "info": "NSG Niedermoorwiesen",
        "category": "Grünanlage"
      },
      "geometry": {
        "type": "Point",
        "coordinates": [
          13.378978026997071,
          52.63380085070127
        ]
      }
    },
    {
      "type": "Feature",
      "properties": {
        "name": "Ossietzkystr./ Majakowskiring",
        "info": "",
        "category": "Grünanlage"
      },
      "geometry": {
        "type": "Point",
        "coordinates": [
          13.40644938302563,
          52.57527957093078
        ]
      }
    },
    {
      "type": "Feature",
      "properties": {
        "name": "Lietzengrabenniederung I",
        "info": "östlich Schönerlinder Str.",
        "category": "Grünanlage"
      },
      "geometry": {
        "type": "Point",
        "coordinates": [
          13.456639078899926,
          52.64745223810064
        ]
      }
    },
    {
      "type": "Feature",
      "properties": {
        "name": "Wolfgang-Heinz-Str. südl. 45",
        "info": "Ernst-Busch-Str. 25",
        "category": "Grünanlage"
      },
      "geometry": {
        "type": "Point",
        "coordinates": [
          13.4920478841177,
          52.63004186295916
        ]
      }
    },
    {
      "type": "Feature",
      "properties": {
        "name": "Rosenthaler Weg/ Blankenfelder Str.",
        "info": "Retentionsbecken, Buchholz-West",
        "category": "Grünanlage"
      },
      "geometry": {
        "type": "Point",
        "coordinates": [
          13.413215842192246,
          52.60635365902301
        ]
      }
    },
    {
      "type": "Feature",
      "properties": {
        "name": "Dolomitenstr. / Trienter Str.",
        "info": "",
        "category": "Grünanlage"
      },
      "geometry": {
        "type": "Point",
        "coordinates": [
          13.40268921770137,
          52.56007046110959
        ]
      }
    },
    {
      "type": "Feature",
      "properties": {
        "name": "Dolomitenstr. 9-39/ Esplanade",
        "info": "",
        "category": "Grünanlage"
      },
      "geometry": {
        "type": "Point",
        "coordinates": [
          13.399328362075511,
          52.55894843661751
        ]
      }
    },
    {
      "type": "Feature",
      "properties": {
        "name": "Bucher Str. Großer Stein",
        "info": "Naturdenkmal",
        "category": "Grünanlage"
      },
      "geometry": {
        "type": "Point",
        "coordinates": [
          13.445985599963594,
          52.61523764358679
        ]
      }
    },
    {
      "type": "Feature",
      "properties": {
        "name": "Schildower Str./ Birnbaumring 92",
        "info": "",
        "category": "Grünanlage"
      },
      "geometry": {
        "type": "Point",
        "coordinates": [
          13.383149421966404,
          52.63249483143026
        ]
      }
    },
    {
      "type": "Feature",
      "properties": {
        "name": "Schlosspark Schönhausen - Innerer Teil",
        "info": "",
        "category": "Grünanlage"
      },
      "geometry": {
        "type": "Point",
        "coordinates": [
          13.406404443913361,
          52.578387917831705
        ]
      }
    },
    {
      "type": "Feature",
      "properties": {
        "name": "Ossietzkystr. 12-26",
        "info": "",
        "category": "Grünanlage"
      },
      "geometry": {
        "type": "Point",
        "coordinates": [
          13.408186123541066,
          52.57319354746635
        ]
      }
    },
    {
      "type": "Feature",
      "properties": {
        "name": "Klemkestr. bis Schützenstr.",
        "info": "Mauergrünzug",
        "category": "Grünanlage"
      },
      "geometry": {
        "type": "Point",
        "coordinates": [
          13.37771232894431,
          52.57433134296647
        ]
      }
    },
    {
      "type": "Feature",
      "properties": {
        "name": "Zingergrabenniederung I",
        "info": "südliche Feldmark Blankenfelde",
        "category": "Grünanlage"
      },
      "geometry": {
        "type": "Point",
        "coordinates": [
          13.397184846847026,
          52.610693409835434
        ]
      }
    },
    {
      "type": "Feature",
      "properties": {
        "name": "Botanische Anlage Blankenfelde II",
        "info": "",
        "category": "Grünanlage"
      },
      "geometry": {
        "type": "Point",
        "coordinates": [
          13.395164803998517,
          52.60511031709594
        ]
      }
    },
    {
      "type": "Feature",
      "properties": {
        "name": "Fritz-Reuter-Str. 29-30",
        "info": "Kreuzgrabengrünzug",
        "category": "Grünanlage"
      },
      "geometry": {
        "type": "Point",
        "coordinates": [
          13.408170026965589,
          52.58905273084743
        ]
      }
    },
    {
      "type": "Feature",
      "properties": {
        "name": "Mazetstr. - Grünzug",
        "info": "",
        "category": "Grünanlage"
      },
      "geometry": {
        "type": "Point",
        "coordinates": [
          13.420048380668906,
          52.604426143257236
        ]
      }
    },
    {
      "type": "Feature",
      "properties": {
        "name": "Schillingweg",
        "info": "Biotopfläche Krugpfuhl",
        "category": "Grünanlage"
      },
      "geometry": {
        "type": "Point",
        "coordinates": [
          13.41738068508999,
          52.61260880847281
        ]
      }
    },
    {
      "type": "Feature",
      "properties": {
        "name": "Grünzug am Siedlungsrand",
        "info": "Rosenthaler Weg/ Blankenfelder Str.",
        "category": "Grünanlage"
      },
      "geometry": {
        "type": "Point",
        "coordinates": [
          13.422430121540899,
          52.6099902633396
        ]
      }
    },
    {
      "type": "Feature",
      "properties": {
        "name": "Mönchmühler Straße I",
        "info": "westlich",
        "category": "Grünanlage"
      },
      "geometry": {
        "type": "Point",
        "coordinates": [
          13.377310687995527,
          52.60616231419417
        ]
      }
    },
    {
      "type": "Feature",
      "properties": {
        "name": "Schweizer Tal - Grünzug",
        "info": "",
        "category": "Grünanlage"
      },
      "geometry": {
        "type": "Point",
        "coordinates": [
          13.423849828200705,
          52.605043226980726
        ]
      }
    },
    {
      "type": "Feature",
      "properties": {
        "name": "Idehorst Landschaftspark",
        "info": "",
        "category": "Grünanlage"
      },
      "geometry": {
        "type": "Point",
        "coordinates": [
          13.417772828613504,
          52.6203648496727
        ]
      }
    },
    {
      "type": "Feature",
      "properties": {
        "name": "Rosenthaler Weg/Blaubeerweg",
        "info": "",
        "category": "Grünanlage"
      },
      "geometry": {
        "type": "Point",
        "coordinates": [
          13.415568933396704,
          52.604848278509884
        ]
      }
    },
    {
      "type": "Feature",
      "properties": {
        "name": "Arnouxstr.",
        "info": "",
        "category": "Grünanlage"
      },
      "geometry": {
        "type": "Point",
        "coordinates": [
          13.421735645680675,
          52.60848891996427
        ]
      }
    },
    {
      "type": "Feature",
      "properties": {
        "name": "Pappelallee 16/17",
        "info": "ehemaliger Friedhof",
        "category": "Grünanlage"
      },
      "geometry": {
        "type": "Point",
        "coordinates": [
          13.415738276554906,
          52.543051071630046
        ]
      }
    },
    {
      "type": "Feature",
      "properties": {
        "name": "Thomas-Mann-Str.  neben Nr. 35",
        "info": "bis ggü. Nr. 59",
        "category": "Grünanlage"
      },
      "geometry": {
        "type": "Point",
        "coordinates": [
          13.44772403377663,
          52.54253181037165
        ]
      }
    },
    {
      "type": "Feature",
      "properties": {
        "name": "Diesterweg-/ Danziger-/ Ella-Kay-Str.",
        "info": "Ashkelon Platz, südl. Diesterwegstr. 10",
        "category": "Grünanlage"
      },
      "geometry": {
        "type": "Point",
        "coordinates": [
          13.427847191031244,
          52.53858172986687
        ]
      }
    },
    {
      "type": "Feature",
      "properties": {
        "name": "Mauerpark",
        "info": "",
        "category": "Grünanlage"
      },
      "geometry": {
        "type": "Point",
        "coordinates": [
          13.402594619125972,
          52.543645915719786
        ]
      }
    },
    {
      "type": "Feature",
      "properties": {
        "name": "Schönerlinder Str. östl. III",
        "info": "zw. A 10 und Eisenbahntrasse",
        "category": "Grünanlage"
      },
      "geometry": {
        "type": "Point",
        "coordinates": [
          13.440532056233973,
          52.626464741780374
        ]
      }
    },
    {
      "type": "Feature",
      "properties": {
        "name": "Schönerlinder Str. östl. I",
        "info": "zw. A 114 und Straße 180",
        "category": "Grünanlage"
      },
      "geometry": {
        "type": "Point",
        "coordinates": [
          13.43180467270358,
          52.6225411994578
        ]
      }
    },
    {
      "type": "Feature",
      "properties": {
        "name": "Bucher Str. nördl. I",
        "info": "zw. Eisenbahntrasse und BAB 114",
        "category": "Grünanlage"
      },
      "geometry": {
        "type": "Point",
        "coordinates": [
          13.441356542654368,
          52.61800995366429
        ]
      }
    },
    {
      "type": "Feature",
      "properties": {
        "name": "Bucher Str. südl. III",
        "info": "westl. BAB 114",
        "category": "Grünanlage"
      },
      "geometry": {
        "type": "Point",
        "coordinates": [
          13.443712971642315,
          52.61441979398914
        ]
      }
    },
    {
      "type": "Feature",
      "properties": {
        "name": "Gürtelstr. östlich Nr. 25",
        "info": "Michelangelostr. 101 - 107",
        "category": "Grünanlage"
      },
      "geometry": {
        "type": "Point",
        "coordinates": [
          13.454958934737308,
          52.54305478285003
        ]
      }
    },
    {
      "type": "Feature",
      "properties": {
        "name": "Kniprodestr.vor dem Jüd.Friedhof",
        "info": "Gehölzfläche",
        "category": "Grünanlage"
      },
      "geometry": {
        "type": "Point",
        "coordinates": [
          13.456348370799395,
          52.54302726376142
        ]
      }
    },
    {
      "type": "Feature",
      "properties": {
        "name": "Gürtelstr. neben 35",
        "info": "",
        "category": "Grünanlage"
      },
      "geometry": {
        "type": "Point",
        "coordinates": [
          13.448894193501268,
          52.54542154280826
        ]
      }
    },
    {
      "type": "Feature",
      "properties": {
        "name": "Pieskower Weg 39",
        "info": "Randgrün - Schule",
        "category": "Grünanlage"
      },
      "geometry": {
        "type": "Point",
        "coordinates": [
          13.445194401724258,
          52.542219921823055
        ]
      }
    },
    {
      "type": "Feature",
      "properties": {
        "name": "Blankenburger Pflasterweg nördlich",
        "info": "am Golfplatz",
        "category": "Grünanlage"
      },
      "geometry": {
        "type": "Point",
        "coordinates": [
          13.477792922936635,
          52.58731210797545
        ]
      }
    },
    {
      "type": "Feature",
      "properties": {
        "name": "Eupener Str. verlängert",
        "info": "NSG Mittelbruch",
        "category": "Grünanlage"
      },
      "geometry": {
        "type": "Point",
        "coordinates": [
          13.499071201250356,
          52.64747603451771
        ]
      }
    },
    {
      "type": "Feature",
      "properties": {
        "name": "Heinrich-Roller-Str. 2",
        "info": "ehemaliger Friedhof",
        "category": "Grünanlage"
      },
      "geometry": {
        "type": "Point",
        "coordinates": [
          13.4209264510531,
          52.53059213523152
        ]
      }
    },
    {
      "type": "Feature",
      "properties": {
        "name": "neben Str. 40/ Upstallgraben",
        "info": "",
        "category": "Grünanlage"
      },
      "geometry": {
        "type": "Point",
        "coordinates": [
          13.469160596941055,
          52.603422367896236
        ]
      }
    },
    {
      "type": "Feature",
      "properties": {
        "name": "Kiebitzweg",
        "info": "",
        "category": "Grünanlage"
      },
      "geometry": {
        "type": "Point",
        "coordinates": [
          13.448443770490572,
          52.5814263088295
        ]
      }
    },
    {
      "type": "Feature",
      "properties": {
        "name": "Mörderberg",
        "info": "",
        "category": "Grünanlage"
      },
      "geometry": {
        "type": "Point",
        "coordinates": [
          13.460331877880737,
          52.58042252835225
        ]
      }
    },
    {
      "type": "Feature",
      "properties": {
        "name": "östl. Heinersdorfer Str.",
        "info": "Pappelreihe",
        "category": "Grünanlage"
      },
      "geometry": {
        "type": "Point",
        "coordinates": [
          13.452079563051084,
          52.58741982646326
        ]
      }
    },
    {
      "type": "Feature",
      "properties": {
        "name": "Anlage Blankenburg - Feuchtwiese",
        "info": "",
        "category": "Grünanlage"
      },
      "geometry": {
        "type": "Point",
        "coordinates": [
          13.442120097342526,
          52.58907334413178
        ]
      }
    },
    {
      "type": "Feature",
      "properties": {
        "name": "Thomas-Mann-Str. 31-35",
        "info": "Pieskower Weg",
        "category": "Grünanlage"
      },
      "geometry": {
        "type": "Point",
        "coordinates": [
          13.445458413387417,
          52.542511844243734
        ]
      }
    },
    {
      "type": "Feature",
      "properties": {
        "name": "Michelangelostr. 59 - 63",
        "info": "Riwane Platz",
        "category": "Grünanlage"
      },
      "geometry": {
        "type": "Point",
        "coordinates": [
          13.451341750163719,
          52.543834170292044
        ]
      }
    },
    {
      "type": "Feature",
      "properties": {
        "name": "Kniprodestr. 64",
        "info": "",
        "category": "Grünanlage"
      },
      "geometry": {
        "type": "Point",
        "coordinates": [
          13.455695883095496,
          52.54159871585355
        ]
      }
    },
    {
      "type": "Feature",
      "properties": {
        "name": "Anton-Saefkow-Park",
        "info": "",
        "category": "Grünanlage"
      },
      "geometry": {
        "type": "Point",
        "coordinates": [
          13.443123644605208,
          52.536834055392376
        ]
      }
    },
    {
      "type": "Feature",
      "properties": {
        "name": "Einsteinstr. vor 16A - 16D/ Kniprodestr.",
        "info": "",
        "category": "Grünanlage"
      },
      "geometry": {
        "type": "Point",
        "coordinates": [
          13.450296366159607,
          52.53796657240137
        ]
      }
    },
    {
      "type": "Feature",
      "properties": {
        "name": "Kniprodestr./ Michelangelostr.",
        "info": "Hanns-Eisler-Str. 93",
        "category": "Grünanlage"
      },
      "geometry": {
        "type": "Point",
        "coordinates": [
          13.450625160697443,
          52.54290193644081
        ]
      }
    },
    {
      "type": "Feature",
      "properties": {
        "name": "Einsteinpark",
        "info": "Storkower Str. hinter 39-51",
        "category": "Grünanlage"
      },
      "geometry": {
        "type": "Point",
        "coordinates": [
          13.446019237266867,
          52.54008530496463
        ]
      }
    },
    {
      "type": "Feature",
      "properties": {
        "name": "Ostseeplatz",
        "info": "",
        "category": "Grünanlage"
      },
      "geometry": {
        "type": "Point",
        "coordinates": [
          13.440651357202677,
          52.547031725477396
        ]
      }
    },
    {
      "type": "Feature",
      "properties": {
        "name": "Greifswalder Str. vor 118-121",
        "info": "zw. Michelangelostr. und Gürtelstr.",
        "category": "Grünanlage"
      },
      "geometry": {
        "type": "Point",
        "coordinates": [
          13.4475889684266,
          52.54631197794891
        ]
      }
    },
    {
      "type": "Feature",
      "properties": {
        "name": "Paule-Park",
        "info": "Parkstr. 20 , hinter Rathauscenter",
        "category": "Grünanlage"
      },
      "geometry": {
        "type": "Point",
        "coordinates": [
          13.40199934196191,
          52.570955697261915
        ]
      }
    },
    {
      "type": "Feature",
      "properties": {
        "name": "Bahnhofstr.",
        "info": "ehemaliger Friedhof 08",
        "category": "Grünanlage"
      },
      "geometry": {
        "type": "Point",
        "coordinates": [
          13.379757973488593,
          52.61729764443926
        ]
      }
    },
    {
      "type": "Feature",
      "properties": {
        "name": "Prenzlauer Promenade 148",
        "info": "",
        "category": "Grünanlage"
      },
      "geometry": {
        "type": "Point",
        "coordinates": [
          13.426553523087561,
          52.56361286894529
        ]
      }
    },
    {
      "type": "Feature",
      "properties": {
        "name": "Zum langen Jammer",
        "info": "",
        "category": "Grünanlage"
      },
      "geometry": {
        "type": "Point",
        "coordinates": [
          13.465373302969894,
          52.52139990261346
        ]
      }
    },
    {
      "type": "Feature",
      "properties": {
        "name": "Am Koppelgraben",
        "info": "Buchholzer Straße",
        "category": "Grünanlage"
      },
      "geometry": {
        "type": "Point",
        "coordinates": [
          13.403533831055643,
          52.6161137734943
        ]
      }
    },
    {
      "type": "Feature",
      "properties": {
        "name": "Hausburgpark",
        "info": "Otto-Ostrowski-Str.",
        "category": "Grünanlage"
      },
      "geometry": {
        "type": "Point",
        "coordinates": [
          13.454255369662917,
          52.525670880865
        ]
      }
    },
    {
      "type": "Feature",
      "properties": {
        "name": "Agnes-Wabnitz-Str. 10",
        "info": "",
        "category": "Grünanlage"
      },
      "geometry": {
        "type": "Point",
        "coordinates": [
          13.455933078567515,
          52.52576724716055
        ]
      }
    },
    {
      "type": "Feature",
      "properties": {
        "name": "Am Posseberg I",
        "info": "Gewerbegebiet Pankow Nord",
        "category": "Grünanlage"
      },
      "geometry": {
        "type": "Point",
        "coordinates": [
          13.43753435615241,
          52.636700834669725
        ]
      }
    },
    {
      "type": "Feature",
      "properties": {
        "name": "Schliemannstr. 8",
        "info": "",
        "category": "Grünanlage"
      },
      "geometry": {
        "type": "Point",
        "coordinates": [
          13.41827662862788,
          52.541514419016615
        ]
      }
    },
    {
      "type": "Feature",
      "properties": {
        "name": "Kniprodestr./ Werneuchener Wiese",
        "info": "",
        "category": "Grünanlage"
      },
      "geometry": {
        "type": "Point",
        "coordinates": [
          13.438396835472522,
          52.52931309170888
        ]
      }
    },
    {
      "type": "Feature",
      "properties": {
        "name": "Arnswalder Platz",
        "info": "",
        "category": "Grünanlage"
      },
      "geometry": {
        "type": "Point",
        "coordinates": [
          13.437151808261733,
          52.53302996952271
        ]
      }
    },
    {
      "type": "Feature",
      "properties": {
        "name": "Mendelssohnstr.",
        "info": "",
        "category": "Grünanlage"
      },
      "geometry": {
        "type": "Point",
        "coordinates": [
          13.420105043590421,
          52.52771503238346
        ]
      }
    },
    {
      "type": "Feature",
      "properties": {
        "name": "Wasserturmplatz",
        "info": "Diedenhofer-/Belforter-/Knaack-/Kolmarer",
        "category": "Grünanlage"
      },
      "geometry": {
        "type": "Point",
        "coordinates": [
          13.417753518847105,
          52.53354344236524
        ]
      }
    },
    {
      "type": "Feature",
      "properties": {
        "name": "Kniprodestr./ Storkower Str. 108",
        "info": "",
        "category": "Grünanlage"
      },
      "geometry": {
        "type": "Point",
        "coordinates": [
          13.448943300474939,
          52.53632732065067
        ]
      }
    },
    {
      "type": "Feature",
      "properties": {
        "name": "Schneeglöckchenstr. ggü. 13-15",
        "info": "Schneeglöckchenstr. 8 - 16",
        "category": "Grünanlage"
      },
      "geometry": {
        "type": "Point",
        "coordinates": [
          13.459049822556727,
          52.529886292796085
        ]
      }
    },
    {
      "type": "Feature",
      "properties": {
        "name": "Schneeglöckchenstr. vor Nr. 8",
        "info": "",
        "category": "Grünanlage"
      },
      "geometry": {
        "type": "Point",
        "coordinates": [
          13.45883838581366,
          52.53030707788064
        ]
      }
    },
    {
      "type": "Feature",
      "properties": {
        "name": "Storkower Str. 99/ Kniprodestr.",
        "info": "",
        "category": "Grünanlage"
      },
      "geometry": {
        "type": "Point",
        "coordinates": [
          13.452159716447841,
          52.53840357194085
        ]
      }
    },
    {
      "type": "Feature",
      "properties": {
        "name": "Landsberger Allee/ Storkower Str.",
        "info": "bis S-Bahnhof",
        "category": "Grünanlage"
      },
      "geometry": {
        "type": "Point",
        "coordinates": [
          13.453421941216126,
          52.53106789859089
        ]
      }
    },
    {
      "type": "Feature",
      "properties": {
        "name": "Syringenweg 23-24",
        "info": "Gehölzfläche am Ambulatorium",
        "category": "Grünanlage"
      },
      "geometry": {
        "type": "Point",
        "coordinates": [
          13.456512553896538,
          52.532048202524436
        ]
      }
    },
    {
      "type": "Feature",
      "properties": {
        "name": "Geraer Ring  - ehemal. BMX-Bahn",
        "info": "Naturerlebnisgarten für Kinder u. Jugend",
        "category": "Grünanlage"
      },
      "geometry": {
        "type": "Point",
        "coordinates": [
          13.561040402628217,
          52.56743466805918
        ]
      }
    },
    {
      "type": "Feature",
      "properties": {
        "name": "Kienbergstraße 54/ 56",
        "info": "Öffentliche Grünanlage ab 01.06.2009",
        "category": "Grünanlage"
      },
      "geometry": {
        "type": "Point",
        "coordinates": [
          13.565788409157523,
          52.537535400009496
        ]
      }
    },
    {
      "type": "Feature",
      "properties": {
        "name": "Marchwitzastraße 51/ 53",
        "info": "Grünanlage nach Kita-Abriss",
        "category": "Grünanlage"
      },
      "geometry": {
        "type": "Point",
        "coordinates": [
          13.546226973430967,
          52.52457307552875
        ]
      }
    },
    {
      "type": "Feature",
      "properties": {
        "name": "Klandorfer Straße 34/36",
        "info": "und FS 343 (ehemal. Giebelfläche)",
        "category": "Grünanlage"
      },
      "geometry": {
        "type": "Point",
        "coordinates": [
          13.573182865091482,
          52.57285807672472
        ]
      }
    },
    {
      "type": "Feature",
      "properties": {
        "name": "Ludwig-Renn-Straße 67/ 69,",
        "info": "Grünanlage nach Kita-Abriss",
        "category": "Grünanlage"
      },
      "geometry": {
        "type": "Point",
        "coordinates": [
          13.560248756313998,
          52.55447777457906
        ]
      }
    },
    {
      "type": "Feature",
      "properties": {
        "name": "Mehrower Allee 86/ 88,",
        "info": "Grünanlage nach Kita-Abriß",
        "category": "Grünanlage"
      },
      "geometry": {
        "type": "Point",
        "coordinates": [
          13.571224661643603,
          52.554266838908894
        ]
      }
    },
    {
      "type": "Feature",
      "properties": {
        "name": "Schwarzwurzelpark",
        "info": "Marzahn/ West",
        "category": "Grünanlage"
      },
      "geometry": {
        "type": "Point",
        "coordinates": [
          13.558217839092057,
          52.56902708155216
        ]
      }
    },
    {
      "type": "Feature",
      "properties": {
        "name": "Märkische Allee - westlich",
        "info": "an der S-Bahn, südl. Springpfuhlbrücke",
        "category": "Grünanlage"
      },
      "geometry": {
        "type": "Point",
        "coordinates": [
          13.538744791940848,
          52.52362753744333
        ]
      }
    },
    {
      "type": "Feature",
      "properties": {
        "name": "Langhoffstr. 2 -26/ Murtzaner Ring 34-68",
        "info": "Wohnhof",
        "category": "Grünanlage"
      },
      "geometry": {
        "type": "Point",
        "coordinates": [
          13.5419218048261,
          52.53216158216292
        ]
      }
    },
    {
      "type": "Feature",
      "properties": {
        "name": "südlich Alt Biesdorf bis Heerstraße",
        "info": "an der Wuhle - östlich Einzelgrundstücke",
        "category": "Grünanlage"
      },
      "geometry": {
        "type": "Point",
        "coordinates": [
          13.569514588223985,
          52.493653746228006
        ]
      }
    },
    {
      "type": "Feature",
      "properties": {
        "name": "Biesdorfer Baggersee",
        "info": "Biesdorf/Süd",
        "category": "Grünanlage"
      },
      "geometry": {
        "type": "Point",
        "coordinates": [
          13.549987513866443,
          52.50609086553752
        ]
      }
    },
    {
      "type": "Feature",
      "properties": {
        "name": "Biesdorfer Promenade, Biesdorf/ Nord",
        "info": "zw. Eugen-Roth-Weg u. Blumberger Damm",
        "category": "Grünanlage"
      },
      "geometry": {
        "type": "Point",
        "coordinates": [
          13.558846661950987,
          52.51775188955312
        ]
      }
    },
    {
      "type": "Feature",
      "properties": {
        "name": "Weißenhöher Straße/ Märkische Allee",
        "info": "südlich Alt Friedrichsfelde/ Alt Biesdorf",
        "category": "Grünanlage"
      },
      "geometry": {
        "type": "Point",
        "coordinates": [
          13.543235570515646,
          52.50915200998423
        ]
      }
    },
    {
      "type": "Feature",
      "properties": {
        "name": "Mettlacher Straße",
        "info": "zw. KGA und Siedlungsgebiet",
        "category": "Grünanlage"
      },
      "geometry": {
        "type": "Point",
        "coordinates": [
          13.575225987797536,
          52.5325718474742
        ]
      }
    },
    {
      "type": "Feature",
      "properties": {
        "name": "Grünzug nördl.Pekrun b.Rebhuhnweg,",
        "info": "Manksweg/Scheibenbergstr./Blenheimstr.",
        "category": "Grünanlage"
      },
      "geometry": {
        "type": "Point",
        "coordinates": [
          13.554811250423876,
          52.53874644291623
        ]
      }
    },
    {
      "type": "Feature",
      "properties": {
        "name": "\"Wuhlegarten\",",
        "info": "südlich Cecilienstr.bis Altentreptower",
        "category": "Grünanlage"
      },
      "geometry": {
        "type": "Point",
        "coordinates": [
          13.574664301608387,
          52.52056580988519
        ]
      }
    },
    {
      "type": "Feature",
      "properties": {
        "name": "Kiebitzgrund, an der Landsberger Allee",
        "info": "Dreiecksfläche",
        "category": "Grünanlage"
      },
      "geometry": {
        "type": "Point",
        "coordinates": [
          13.550794189287332,
          52.542719524590034
        ]
      }
    },
    {
      "type": "Feature",
      "properties": {
        "name": "Bruno-Baum-Straße - Grünzug Teil 1",
        "info": "zw. Poelchaustr. und Landsberger Allee",
        "category": "Grünanlage"
      },
      "geometry": {
        "type": "Point",
        "coordinates": [
          13.542370959056258,
          52.539961665235374
        ]
      }
    },
    {
      "type": "Feature",
      "properties": {
        "name": "\"Wiesenpark\" Landsberger Tor, 295",
        "info": "Wuhlepark südl. Landsberger Allee",
        "category": "Grünanlage"
      },
      "geometry": {
        "type": "Point",
        "coordinates": [
          13.580192180990426,
          52.54370214858515
        ]
      }
    },
    {
      "type": "Feature",
      "properties": {
        "name": "Allee der Kosmonauten, am Siedlungsgeb.",
        "info": "zw. Cecilienstr. und Annenstraße",
        "category": "Grünanlage"
      },
      "geometry": {
        "type": "Point",
        "coordinates": [
          13.549906109495739,
          52.53120129946389
        ]
      }
    },
    {
      "type": "Feature",
      "properties": {
        "name": "\"Rohrbruchpark\" bis an die IGA",
        "info": "Wuhletal, nördl.Cecilienstraße, Stat. 186",
        "category": "Grünanlage"
      },
      "geometry": {
        "type": "Point",
        "coordinates": [
          13.579731795902582,
          52.52767060063924
        ]
      }
    },
    {
      "type": "Feature",
      "properties": {
        "name": "Dorf Alt-Marzahn - Am Mühlenberg",
        "info": "Grünanlagen bis Marktplatz",
        "category": "Grünanlage"
      },
      "geometry": {
        "type": "Point",
        "coordinates": [
          13.562911262365626,
          52.54376142230252
        ]
      }
    },
    {
      "type": "Feature",
      "properties": {
        "name": "Blumberger Damm 31/ 35",
        "info": "Dreiecksfläche",
        "category": "Grünanlage"
      },
      "geometry": {
        "type": "Point",
        "coordinates": [
          13.566549239901018,
          52.53627884116901
        ]
      }
    },
    {
      "type": "Feature",
      "properties": {
        "name": "Busbahnhof Biesdorf, Wuhlegartenweg",
        "info": "Gründurchwegung zur Roßlauer/Hafersteig",
        "category": "Grünanlage"
      },
      "geometry": {
        "type": "Point",
        "coordinates": [
          13.557061084299244,
          52.51351346826497
        ]
      }
    },
    {
      "type": "Feature",
      "properties": {
        "name": "Friedrichsfelde/Nord, an der KGA",
        "info": "östl.Rhinstraße u.öffentl.Wegeverbindung",
        "category": "Grünanlage"
      },
      "geometry": {
        "type": "Point",
        "coordinates": [
          13.52125120405114,
          52.51549488027324
        ]
      }
    },
    {
      "type": "Feature",
      "properties": {
        "name": "Allee der Kosmonauten/ Elisabethstr.",
        "info": "Grünanlage an der Kreuzung",
        "category": "Grünanlage"
      },
      "geometry": {
        "type": "Point",
        "coordinates": [
          13.55780277004893,
          52.53428810025895
        ]
      }
    },
    {
      "type": "Feature",
      "properties": {
        "name": "Cecilienstraße 182",
        "info": "zum Wuhlgarten, zur Garzauer Str.",
        "category": "Grünanlage"
      },
      "geometry": {
        "type": "Point",
        "coordinates": [
          13.573869535301574,
          52.5262735526452
        ]
      }
    },
    {
      "type": "Feature",
      "properties": {
        "name": "Walslebener Platz",
        "info": "Biesdorf/ Süd",
        "category": "Grünanlage"
      },
      "geometry": {
        "type": "Point",
        "coordinates": [
          13.549256279661074,
          52.49752820110734
        ]
      }
    },
    {
      "type": "Feature",
      "properties": {
        "name": "Garziner Platz,",
        "info": "Biesdorf/ Süd",
        "category": "Grünanlage"
      },
      "geometry": {
        "type": "Point",
        "coordinates": [
          13.558856455065659,
          52.49602386758762
        ]
      }
    },
    {
      "type": "Feature",
      "properties": {
        "name": "Valwiger Teich und Umfeld",
        "info": "östl. Marzahner Chaussee, Valwiger Str.",
        "category": "Grünanlage"
      },
      "geometry": {
        "type": "Point",
        "coordinates": [
          13.528379724892574,
          52.514591295544285
        ]
      }
    },
    {
      "type": "Feature",
      "properties": {
        "name": "Buckower Ring, Streifen am Friedhof",
        "info": "und entlang MEON-Park",
        "category": "Grünanlage"
      },
      "geometry": {
        "type": "Point",
        "coordinates": [
          13.56815700916729,
          52.5246834950384
        ]
      }
    },
    {
      "type": "Feature",
      "properties": {
        "name": "Altentreptower Str.- südlich bis Bahn",
        "info": "Wäldchen",
        "category": "Grünanlage"
      },
      "geometry": {
        "type": "Point",
        "coordinates": [
          13.570901870728015,
          52.512876731738004
        ]
      }
    },
    {
      "type": "Feature",
      "properties": {
        "name": "Wäldchen am Griesinger-Krankenhaus",
        "info": "Warener Straße / Am Schlosshof",
        "category": "Grünanlage"
      },
      "geometry": {
        "type": "Point",
        "coordinates": [
          13.565280470599014,
          52.51744169999073
        ]
      }
    },
    {
      "type": "Feature",
      "properties": {
        "name": "Schwabenplatz",
        "info": "Biesdorf/ Süd",
        "category": "Grünanlage"
      },
      "geometry": {
        "type": "Point",
        "coordinates": [
          13.563582914110144,
          52.48985490574957
        ]
      }
    },
    {
      "type": "Feature",
      "properties": {
        "name": "Grünzug Akazienwäldchen zur Poelchaustr.",
        "info": "zw. Allee d.Kosmonauten/Murtzaner Ring",
        "category": "Grünanlage"
      },
      "geometry": {
        "type": "Point",
        "coordinates": [
          13.546109067733637,
          52.5309249159317
        ]
      }
    },
    {
      "type": "Feature",
      "properties": {
        "name": "\"Rohrbruchpark\" östlich Kienberg",
        "info": "Wuhletal, östlich Kienberg",
        "category": "Grünanlage"
      },
      "geometry": {
        "type": "Point",
        "coordinates": [
          13.586214448523034,
          52.533999885156426
        ]
      }
    },
    {
      "type": "Feature",
      "properties": {
        "name": "Nordpromenade,",
        "info": "Biesdorf/ Süd",
        "category": "Grünanlage"
      },
      "geometry": {
        "type": "Point",
        "coordinates": [
          13.556103114246753,
          52.51263822303297
        ]
      }
    },
    {
      "type": "Feature",
      "properties": {
        "name": "Schlosspark Biesdorf",
        "info": "Gartendenkmal",
        "category": "Grünanlage"
      },
      "geometry": {
        "type": "Point",
        "coordinates": [
          13.55785067751416,
          52.51013338934322
        ]
      }
    },
    {
      "type": "Feature",
      "properties": {
        "name": "Grünzug Anger, ab AdK/Bärensteinstr.",
        "info": "entlang Schragenfeldstr./ Kienbergstraße",
        "category": "Grünanlage"
      },
      "geometry": {
        "type": "Point",
        "coordinates": [
          13.563606980625792,
          52.538836021523785
        ]
      }
    },
    {
      "type": "Feature",
      "properties": {
        "name": "Dorf Marzahn, Lesegarten, südlich Dorf",
        "info": "am Rebhuhnweg / an der Blenheimstraße",
        "category": "Grünanlage"
      },
      "geometry": {
        "type": "Point",
        "coordinates": [
          13.558655934190803,
          52.54298280772002
        ]
      }
    },
    {
      "type": "Feature",
      "properties": {
        "name": "Landsberger Allee/ Pöhlbergstraße",
        "info": "Grünanlage am Friedhof u.zur Pöhlebergst",
        "category": "Grünanlage"
      },
      "geometry": {
        "type": "Point",
        "coordinates": [
          13.566121754262038,
          52.543896777618606
        ]
      }
    },
    {
      "type": "Feature",
      "properties": {
        "name": "Vierlandenstraße/ Allee der Kosmonauten",
        "info": "westl. AdK",
        "category": "Grünanlage"
      },
      "geometry": {
        "type": "Point",
        "coordinates": [
          13.55735678294659,
          52.53498709186029
        ]
      }
    },
    {
      "type": "Feature",
      "properties": {
        "name": "Kienbergstr. 34 bis 64",
        "info": "am Giebel Kita u. hinter 11-Geschossern",
        "category": "Grünanlage"
      },
      "geometry": {
        "type": "Point",
        "coordinates": [
          13.564769658857255,
          52.53765806606907
        ]
      }
    },
    {
      "type": "Feature",
      "properties": {
        "name": "Poelchaustraße - nördlich",
        "info": "Grünzug am Siedlungsgebiet",
        "category": "Grünanlage"
      },
      "geometry": {
        "type": "Point",
        "coordinates": [
          13.543988135704943,
          52.53443369922819
        ]
      }
    },
    {
      "type": "Feature",
      "properties": {
        "name": "Bruno-Baum-Straße - westl.Seite Teilfl.",
        "info": "breiter Grünstreifen entlang Straße",
        "category": "Grünanlage"
      },
      "geometry": {
        "type": "Point",
        "coordinates": [
          13.54400111470608,
          52.538262546932096
        ]
      }
    },
    {
      "type": "Feature",
      "properties": {
        "name": "Springpfuhlpark Murtzaner Ring/Märkische",
        "info": "zw.H.-Weigel-Platz und neuem Kaufland",
        "category": "Grünanlage"
      },
      "geometry": {
        "type": "Point",
        "coordinates": [
          13.540243854101117,
          52.530089178755844
        ]
      }
    },
    {
      "type": "Feature",
      "properties": {
        "name": "Fichtelbergstraße 18/28",
        "info": "zum Salanderweg",
        "category": "Grünanlage"
      },
      "geometry": {
        "type": "Point",
        "coordinates": [
          13.55414687980606,
          52.536542806660215
        ]
      }
    },
    {
      "type": "Feature",
      "properties": {
        "name": "Grünzug Fichtelbergstr/Adk zur Pekrunstr",
        "info": "an der alten \"Geißenweide\"",
        "category": "Grünanlage"
      },
      "geometry": {
        "type": "Point",
        "coordinates": [
          13.552734632978853,
          52.536977536615076
        ]
      }
    },
    {
      "type": "Feature",
      "properties": {
        "name": "Paul-Schwenk-Straße Wohnhof",
        "info": "Hof und Flächen um Kita",
        "category": "Grünanlage"
      },
      "geometry": {
        "type": "Point",
        "coordinates": [
          13.542134954753244,
          52.537161030045816
        ]
      }
    },
    {
      "type": "Feature",
      "properties": {
        "name": "Dorf Alt-Marzahn - Dorfanger",
        "info": "Alt-Marzahn",
        "category": "Grünanlage"
      },
      "geometry": {
        "type": "Point",
        "coordinates": [
          13.559875596185414,
          52.543560786654055
        ]
      }
    },
    {
      "type": "Feature",
      "properties": {
        "name": "Pekrunstraße 51 - 69",
        "info": "breiter Gehölzstreifen",
        "category": "Grünanlage"
      },
      "geometry": {
        "type": "Point",
        "coordinates": [
          13.558136413274495,
          52.53771780449225
        ]
      }
    },
    {
      "type": "Feature",
      "properties": {
        "name": "Biesdorfer Höhe u. Wuhleniederung",
        "info": "nördl. B1 bis zur U-Bahn",
        "category": "Grünanlage"
      },
      "geometry": {
        "type": "Point",
        "coordinates": [
          13.572388419862818,
          52.50785310834932
        ]
      }
    },
    {
      "type": "Feature",
      "properties": {
        "name": "Marchwitzastr./ Allee d.Kosmonauten",
        "info": "Heinz-Graffunder-Park",
        "category": "Grünanlage"
      },
      "geometry": {
        "type": "Point",
        "coordinates": [
          13.543545783852057,
          52.522969110210404
        ]
      }
    },
    {
      "type": "Feature",
      "properties": {
        "name": "Hain der Freundschaft",
        "info": "zw. Bärensteinstr. u. Kienbergstr.",
        "category": "Grünanlage"
      },
      "geometry": {
        "type": "Point",
        "coordinates": [
          13.567041277274205,
          52.53915879229689
        ]
      }
    },
    {
      "type": "Feature",
      "properties": {
        "name": "Park Oberfeldstraße",
        "info": "Biesdorf/Süd, Oberfeldstraße 1",
        "category": "Grünanlage"
      },
      "geometry": {
        "type": "Point",
        "coordinates": [
          13.553158146201504,
          52.510075286470396
        ]
      }
    },
    {
      "type": "Feature",
      "properties": {
        "name": "Kurt-Weill-Platz",
        "info": "Henny-Porten-Straße/Janusz-Korczak-Straß",
        "category": "Grünanlage"
      },
      "geometry": {
        "type": "Point",
        "coordinates": [
          13.601208109950216,
          52.53870945010818
        ]
      }
    },
    {
      "type": "Feature",
      "properties": {
        "name": "Informations- und Erinnerungsort",
        "info": "NS-Zwangslager Marzahn, O.-Rosenberg-Pl.",
        "category": "Grünanlage"
      },
      "geometry": {
        "type": "Point",
        "coordinates": [
          13.54693564730839,
          52.55109093355371
        ]
      }
    },
    {
      "type": "Feature",
      "properties": {
        "name": "Grünanlage am Elsensee",
        "info": "Goldregenstraße",
        "category": "Grünanlage"
      },
      "geometry": {
        "type": "Point",
        "coordinates": [
          13.601887444813745,
          52.49603358290694
        ]
      }
    },
    {
      "type": "Feature",
      "properties": {
        "name": "Südlich Cecilienstraße/ Blumberger Damm",
        "info": "neue Öffentliche Grünanlage",
        "category": "Grünanlage"
      },
      "geometry": {
        "type": "Point",
        "coordinates": [
          13.567924819731536,
          52.52813768522955
        ]
      }
    },
    {
      "type": "Feature",
      "properties": {
        "name": "Stadtplatz am Glambecker Ring",
        "info": "Glambecker Ring/Ringenwalder Straße",
        "category": "Grünanlage"
      },
      "geometry": {
        "type": "Point",
        "coordinates": [
          13.57839009133108,
          52.551383849109925
        ]
      }
    },
    {
      "type": "Feature",
      "properties": {
        "name": "Erholungspark Marzahn",
        "info": "Eisenacher Straße 99",
        "category": "Grünanlage"
      },
      "geometry": {
        "type": "Point",
        "coordinates": [
          13.573926110294938,
          52.53736033291713
        ]
      }
    },
    {
      "type": "Feature",
      "properties": {
        "name": "Grünanlage hinter Alwineweg 7-67",
        "info": "südlich Gottfried-Funeck-Weg",
        "category": "Grünanlage"
      },
      "geometry": {
        "type": "Point",
        "coordinates": [
          13.569679211388038,
          52.534592732276444
        ]
      }
    },
    {
      "type": "Feature",
      "properties": {
        "name": "Öffentliche Parkanlage B1/B5",
        "info": "Hönower Straße/ Alt- Mahlsdorf",
        "category": "Grünanlage"
      },
      "geometry": {
        "type": "Point",
        "coordinates": [
          13.61396628014574,
          52.50520413479375
        ]
      }
    },
    {
      "type": "Feature",
      "properties": {
        "name": "Öffentliche Grünanlage, 2301454",
        "info": "Packet - Park",
        "category": "Grünanlage"
      },
      "geometry": {
        "type": "Point",
        "coordinates": [
          13.584516978440329,
          52.51931114102364
        ]
      }
    },
    {
      "type": "Feature",
      "properties": {
        "name": "Öffentliche Grünanlage, 2301453",
        "info": "\"Pestalozzitreff\"",
        "category": "Grünanlage"
      },
      "geometry": {
        "type": "Point",
        "coordinates": [
          13.6138453602113,
          52.5103721831395
        ]
      }
    },
    {
      "type": "Feature",
      "properties": {
        "name": "Wuhlewanderweg (östliche der Wuhle)",
        "info": "zw.Honsfelder Str und Lenbachstraße",
        "category": "Grünanlage"
      },
      "geometry": {
        "type": "Point",
        "coordinates": [
          13.571869913502065,
          52.49955034158275
        ]
      }
    },
    {
      "type": "Feature",
      "properties": {
        "name": "Stadtgarten Biesdorf-Süd",
        "info": "Grabensprung/ Minsker Straße",
        "category": "Grünanlage"
      },
      "geometry": {
        "type": "Point",
        "coordinates": [
          13.555945711877616,
          52.505899676426026
        ]
      }
    },
    {
      "type": "Feature",
      "properties": {
        "name": "Barnimhang- öff. Durchwegung",
        "info": "zw. Alt-Mahlsdorf und Elsenstraße",
        "category": "Grünanlage"
      },
      "geometry": {
        "type": "Point",
        "coordinates": [
          13.608221920484581,
          52.50231238693889
        ]
      }
    },
    {
      "type": "Feature",
      "properties": {
        "name": "Grünfläche Boizenburger Straße",
        "info": "zw.Lubminer Str. und Gärtnerstützpunkt",
        "category": "Grünanlage"
      },
      "geometry": {
        "type": "Point",
        "coordinates": [
          13.579810883534874,
          52.51827143007345
        ]
      }
    },
    {
      "type": "Feature",
      "properties": {
        "name": "Eugen-Roth-Weg",
        "info": "Grünanlage nach Schulabriss",
        "category": "Grünanlage"
      },
      "geometry": {
        "type": "Point",
        "coordinates": [
          13.543859280192944,
          52.51988654194267
        ]
      }
    },
    {
      "type": "Feature",
      "properties": {
        "name": "Wuhlegrünzug Damerauer Allee bis Köpenic",
        "info": "Östliche Wuhleseite",
        "category": "Grünanlage"
      },
      "geometry": {
        "type": "Point",
        "coordinates": [
          13.56744883931732,
          52.47666784450596
        ]
      }
    },
    {
      "type": "Feature",
      "properties": {
        "name": "Wuhlewanderweg",
        "info": "zw.Heerstraße und Lindenstraße",
        "category": "Grünanlage"
      },
      "geometry": {
        "type": "Point",
        "coordinates": [
          13.567964873918706,
          52.49059697277674
        ]
      }
    },
    {
      "type": "Feature",
      "properties": {
        "name": "Wuhle-Naherholungsanlage",
        "info": "zw.Cecilienstr.und Teterower Ring-Sport",
        "category": "Grünanlage"
      },
      "geometry": {
        "type": "Point",
        "coordinates": [
          13.578584059811654,
          52.52290136771435
        ]
      }
    },
    {
      "type": "Feature",
      "properties": {
        "name": "Windschutzstreifen (Verlängerung)",
        "info": "zw.Jänschwalder Str. und Hoyerswerdaer",
        "category": "Grünanlage"
      },
      "geometry": {
        "type": "Point",
        "coordinates": [
          13.62491956605675,
          52.53665490347378
        ]
      }
    },
    {
      "type": "Feature",
      "properties": {
        "name": "Südlich der U-Bahn-Trasse",
        "info": "nach U- Bhf. Hönow",
        "category": "Grünanlage"
      },
      "geometry": {
        "type": "Point",
        "coordinates": [
          13.627884180609676,
          52.53808233718935
        ]
      }
    },
    {
      "type": "Feature",
      "properties": {
        "name": "Grünfläche  Jänschwalder Str.",
        "info": "Dreiecksfläche",
        "category": "Grünanlage"
      },
      "geometry": {
        "type": "Point",
        "coordinates": [
          13.624832397257004,
          52.533859659265985
        ]
      }
    },
    {
      "type": "Feature",
      "properties": {
        "name": "Grünfläche Elsenstraße",
        "info": "Elsenstraße/ Kressenweg",
        "category": "Grünanlage"
      },
      "geometry": {
        "type": "Point",
        "coordinates": [
          13.598058565622956,
          52.50199781647603
        ]
      }
    },
    {
      "type": "Feature",
      "properties": {
        "name": "Gerdaplatz - öff. Platz",
        "info": "Öff. Grünanlage an der Cemnitzer Str.",
        "category": "Grünanlage"
      },
      "geometry": {
        "type": "Point",
        "coordinates": [
          13.57714030638565,
          52.49363415007343
        ]
      }
    },
    {
      "type": "Feature",
      "properties": {
        "name": "Hellersdorfer Weg, Kohlbeke",
        "info": "geschütztes, eingezäuntes Feuchtbiotop",
        "category": "Grünanlage"
      },
      "geometry": {
        "type": "Point",
        "coordinates": [
          13.554714461460257,
          52.56205664316512
        ]
      }
    },
    {
      "type": "Feature",
      "properties": {
        "name": "Clara-Zetkin-Park I",
        "info": "Bereich Flämingstraße/Niemegker Str.",
        "category": "Grünanlage"
      },
      "geometry": {
        "type": "Point",
        "coordinates": [
          13.569171193478402,
          52.56617230871754
        ]
      }
    },
    {
      "type": "Feature",
      "properties": {
        "name": "Wuhletalstraße-an der Gleisschleife, 186",
        "info": "Straßenbahnschleife Wuhletalstraße",
        "category": "Grünanlage"
      },
      "geometry": {
        "type": "Point",
        "coordinates": [
          13.567411521471142,
          52.55966252932665
        ]
      }
    },
    {
      "type": "Feature",
      "properties": {
        "name": "Franz-Stenzer-Str. 17/19, Hof",
        "info": "hinter Fr.-Stenzer-Str. 17/19",
        "category": "Grünanlage"
      },
      "geometry": {
        "type": "Point",
        "coordinates": [
          13.547780136728752,
          52.54527012368158
        ]
      }
    },
    {
      "type": "Feature",
      "properties": {
        "name": "Clara-Zetkin-Park II",
        "info": "Rabensteiner Straße/Borkheider Straße",
        "category": "Grünanlage"
      },
      "geometry": {
        "type": "Point",
        "coordinates": [
          13.575612961261395,
          52.5650443588065
        ]
      }
    },
    {
      "type": "Feature",
      "properties": {
        "name": "Rudolf-Leonhard-Straße zum Grohsteig 23",
        "info": "grüne Wegeverbindung zur J.-Petersen-Str",
        "category": "Grünanlage"
      },
      "geometry": {
        "type": "Point",
        "coordinates": [
          13.56589353316467,
          52.55002612189684
        ]
      }
    },
    {
      "type": "Feature",
      "properties": {
        "name": "Bürgerpark Marzahn - Lärmschutzwall",
        "info": "Max-Herrmann-Straße",
        "category": "Grünanlage"
      },
      "geometry": {
        "type": "Point",
        "coordinates": [
          13.564473824908772,
          52.55291626729525
        ]
      }
    },
    {
      "type": "Feature",
      "properties": {
        "name": "Hellersdorfer Weg",
        "info": "Fachvermögen des SGA Grün",
        "category": "Grünanlage"
      },
      "geometry": {
        "type": "Point",
        "coordinates": [
          13.54697061555747,
          52.56590862370785
        ]
      }
    },
    {
      "type": "Feature",
      "properties": {
        "name": "Barnimplatz und Weg entlang Straßenbahn",
        "info": "Havemannstraße und Wittenberger Straße",
        "category": "Grünanlage"
      },
      "geometry": {
        "type": "Point",
        "coordinates": [
          13.573219319768919,
          52.5677056930455
        ]
      }
    },
    {
      "type": "Feature",
      "properties": {
        "name": "Eichepark an der Kemberger Straße",
        "info": "Kemberger/ Golliner Straße",
        "category": "Grünanlage"
      },
      "geometry": {
        "type": "Point",
        "coordinates": [
          13.581998920019291,
          52.564386186801
        ]
      }
    },
    {
      "type": "Feature",
      "properties": {
        "name": "Bürgerpark Marzahn",
        "info": "zw.R.-Wallenberg-Str./Max-Herrmann-Str.",
        "category": "Grünanlage"
      },
      "geometry": {
        "type": "Point",
        "coordinates": [
          13.560421993628472,
          52.55075752432927
        ]
      }
    },
    {
      "type": "Feature",
      "properties": {
        "name": "Trusetaler Straße 15 - 55",
        "info": "Grünzug Rückfront Trusetaler",
        "category": "Grünanlage"
      },
      "geometry": {
        "type": "Point",
        "coordinates": [
          13.5659000393806,
          52.55848076648566
        ]
      }
    },
    {
      "type": "Feature",
      "properties": {
        "name": "Lehmgrube bei Bürknersfelde (ORWO-Teich)",
        "info": "mit 26a - Biotop",
        "category": "Grünanlage"
      },
      "geometry": {
        "type": "Point",
        "coordinates": [
          13.531246713527203,
          52.53685095798773
        ]
      }
    },
    {
      "type": "Feature",
      "properties": {
        "name": "Grohsteig 23/ Jan-Petersen-Straße",
        "info": "mit Rodelberg  hinter dem Grohsteig",
        "category": "Grünanlage"
      },
      "geometry": {
        "type": "Point",
        "coordinates": [
          13.565767876386028,
          52.54874707442507
        ]
      }
    },
    {
      "type": "Feature",
      "properties": {
        "name": "Dreiecksfläche \"Landsberger Tor\"",
        "info": "Blumberger Damm/ Landsberger Allee",
        "category": "Grünanlage"
      },
      "geometry": {
        "type": "Point",
        "coordinates": [
          13.572740440120182,
          52.54716725620299
        ]
      }
    },
    {
      "type": "Feature",
      "properties": {
        "name": "Wiesenburger Weg, Grünanl.hinter Friedh.",
        "info": "östlich der Boxberger Straße",
        "category": "Grünanlage"
      },
      "geometry": {
        "type": "Point",
        "coordinates": [
          13.540065815215536,
          52.55097755402428
        ]
      }
    },
    {
      "type": "Feature",
      "properties": {
        "name": "Geraer Ring, Marzahn/West",
        "info": "Grünzug Geraer Ring",
        "category": "Grünanlage"
      },
      "geometry": {
        "type": "Point",
        "coordinates": [
          13.563189713631392,
          52.57025192649687
        ]
      }
    },
    {
      "type": "Feature",
      "properties": {
        "name": "Geraer Ring - Lärmschutzwall am Grünzug",
        "info": "Lärmschutzwall",
        "category": "Grünanlage"
      },
      "geometry": {
        "type": "Point",
        "coordinates": [
          13.562578835948258,
          52.569156036146126
        ]
      }
    },
    {
      "type": "Feature",
      "properties": {
        "name": "Blumberger Damm/ Wuhletalstraße",
        "info": "Grünanlage mit Teich ggü.Kemberger Str.",
        "category": "Grünanlage"
      },
      "geometry": {
        "type": "Point",
        "coordinates": [
          13.574830243991334,
          52.55980182852275
        ]
      }
    },
    {
      "type": "Feature",
      "properties": {
        "name": "Weidefläche Park am Weidengrund",
        "info": "Blumberger Damm/ Glambecker Ring",
        "category": "Grünanlage"
      },
      "geometry": {
        "type": "Point",
        "coordinates": [
          13.578654925693023,
          52.55940970030934
        ]
      }
    },
    {
      "type": "Feature",
      "properties": {
        "name": "Glambecker Ring/ Parsteiner Ring",
        "info": "Grünzug an den Ahrensfelder Bergen",
        "category": "Grünanlage"
      },
      "geometry": {
        "type": "Point",
        "coordinates": [
          13.579829511063934,
          52.5547675832631
        ]
      }
    },
    {
      "type": "Feature",
      "properties": {
        "name": "Gleisschleife Ahrensfelde, und am Dorf",
        "info": "Klandorfer Straße am Stützpunkt",
        "category": "Grünanlage"
      },
      "geometry": {
        "type": "Point",
        "coordinates": [
          13.57056291641132,
          52.57316572270324
        ]
      }
    },
    {
      "type": "Feature",
      "properties": {
        "name": "Seelgrabenpark Marzahn/ Nord",
        "info": "Wuhletalstraße, nördlich",
        "category": "Grünanlage"
      },
      "geometry": {
        "type": "Point",
        "coordinates": [
          13.565212337293381,
          52.562813034900195
        ]
      }
    },
    {
      "type": "Feature",
      "properties": {
        "name": "Schönagelstraße/ Blumberger Damm",
        "info": "Kiezpark südlich Turnhalle/ Sportplatz",
        "category": "Grünanlage"
      },
      "geometry": {
        "type": "Point",
        "coordinates": [
          13.571256865110682,
          52.5480909800138
        ]
      }
    },
    {
      "type": "Feature",
      "properties": {
        "name": "Seelgraben Marzahn/ Westpark",
        "info": "Dessauer Straße, Geraer Ring - südlich",
        "category": "Grünanlage"
      },
      "geometry": {
        "type": "Point",
        "coordinates": [
          13.55083465662259,
          52.56638181602174
        ]
      }
    },
    {
      "type": "Feature",
      "properties": {
        "name": "Brodowiner Ring/Hohensaatener Str.",
        "info": "um RHB Marzahn-Ost",
        "category": "Grünanlage"
      },
      "geometry": {
        "type": "Point",
        "coordinates": [
          13.577146395766974,
          52.549149087826706
        ]
      }
    },
    {
      "type": "Feature",
      "properties": {
        "name": "Raoul-Wallenberg-Straße, nördl./südl.",
        "info": "S-Bahnhofs-Vorplatz",
        "category": "Grünanlage"
      },
      "geometry": {
        "type": "Point",
        "coordinates": [
          13.549305967100063,
          52.550764174584565
        ]
      }
    },
    {
      "type": "Feature",
      "properties": {
        "name": "Ahrensfelder Berge",
        "info": "Ahrensfelder Berge",
        "category": "Grünanlage"
      },
      "geometry": {
        "type": "Point",
        "coordinates": [
          13.583038701497918,
          52.55552375717537
        ]
      }
    },
    {
      "type": "Feature",
      "properties": {
        "name": "Raoul-Wallenberg-Str./Landsberger Allee",
        "info": "Grünanlage an der DEST",
        "category": "Grünanlage"
      },
      "geometry": {
        "type": "Point",
        "coordinates": [
          13.563806549820006,
          52.54512184217373
        ]
      }
    },
    {
      "type": "Feature",
      "properties": {
        "name": "Schwarzburger Str. 15 - 23",
        "info": "und Grünflächen zur Sitzendorfer Straße",
        "category": "Grünanlage"
      },
      "geometry": {
        "type": "Point",
        "coordinates": [
          13.57128866790353,
          52.557969505092935
        ]
      }
    },
    {
      "type": "Feature",
      "properties": {
        "name": "Hochzeitspark Marzahn Teil 1",
        "info": "zw. Ludwig-Renn-Straße und A.-Döblin-Straße",
        "category": "Grünanlage"
      },
      "geometry": {
        "type": "Point",
        "coordinates": [
          13.553951484585701,
          52.55035589237913
        ]
      }
    },
    {
      "type": "Feature",
      "properties": {
        "name": "Wolfener/Leunaer/Schkopauer/Nordring",
        "info": "Grüne Wegeverbindung im Gewerbegebiet, 7.BA",
        "category": "Grünanlage"
      },
      "geometry": {
        "type": "Point",
        "coordinates": [
          13.555504450218098,
          52.560498999876074
        ]
      }
    },
    {
      "type": "Feature",
      "properties": {
        "name": "S-Bahnhofs-Vorplatz Mehrower Allee",
        "info": "Mehrower Allee/ Märkische Allee",
        "category": "Grünanlage"
      },
      "geometry": {
        "type": "Point",
        "coordinates": [
          13.554846578264456,
          52.55703470816217
        ]
      }
    },
    {
      "type": "Feature",
      "properties": {
        "name": "Max-Herrmann-Straße - Ringkolonnaden",
        "info": "Ringkolonnaden",
        "category": "Grünanlage"
      },
      "geometry": {
        "type": "Point",
        "coordinates": [
          13.563124036704135,
          52.55452626055125
        ]
      }
    },
    {
      "type": "Feature",
      "properties": {
        "name": "Karl-Holtz-Platz",
        "info": "Stadtplatz",
        "category": "Grünanlage"
      },
      "geometry": {
        "type": "Point",
        "coordinates": [
          13.569176468398078,
          52.55318213033522
        ]
      }
    },
    {
      "type": "Feature",
      "properties": {
        "name": "Landsberger Allee 565",
        "info": "Dreiecksfläche Ringenwalder/Brodowiner R",
        "category": "Grünanlage"
      },
      "geometry": {
        "type": "Point",
        "coordinates": [
          13.58259928764308,
          52.549944955131906
        ]
      }
    },
    {
      "type": "Feature",
      "properties": {
        "name": "Basdorfer Str. 18-34/Mühlenbecker Weg",
        "info": "Franz-Stenzer-Str./Stolzenhagener Str.",
        "category": "Grünanlage"
      },
      "geometry": {
        "type": "Point",
        "coordinates": [
          13.548294945039833,
          52.54656859743932
        ]
      }
    },
    {
      "type": "Feature",
      "properties": {
        "name": "Grünanlage WG 3,3 zw.Schleipfuhl u.Kita",
        "info": "Naturschutzzentrum Schleipfuhl",
        "category": "Grünanlage"
      },
      "geometry": {
        "type": "Point",
        "coordinates": [
          13.611983867217337,
          52.529552485901746
        ]
      }
    },
    {
      "type": "Feature",
      "properties": {
        "name": "Wuhle Eisenacher u.Feld.Ring",
        "info": "(Abschnitt zw. Eisenacher u.Feldberger",
        "category": "Grünanlage"
      },
      "geometry": {
        "type": "Point",
        "coordinates": [
          13.584718818297146,
          52.53730245259072
        ]
      }
    },
    {
      "type": "Feature",
      "properties": {
        "name": "Landsberger Chaussee, 186",
        "info": "Öffentliche Grünanlage",
        "category": "Grünanlage"
      },
      "geometry": {
        "type": "Point",
        "coordinates": [
          13.595821565053992,
          52.54766324471983
        ]
      }
    },
    {
      "type": "Feature",
      "properties": {
        "name": "Freifläche an der Frohburger Str.",
        "info": "Frohburger Straße",
        "category": "Grünanlage"
      },
      "geometry": {
        "type": "Point",
        "coordinates": [
          13.617872600052998,
          52.53039897312029
        ]
      }
    },
    {
      "type": "Feature",
      "properties": {
        "name": "Parktrilogie, Flächen unter Freileitung",
        "info": "zw.U-Bahn und Riesaer Straße",
        "category": "Grünanlage"
      },
      "geometry": {
        "type": "Point",
        "coordinates": [
          13.617582699617108,
          52.5336214342041
        ]
      }
    },
    {
      "type": "Feature",
      "properties": {
        "name": "Grünfläche Tangermünder",
        "info": "Tangermünder Str./Ecke Stendaler Str.",
        "category": "Grünanlage"
      },
      "geometry": {
        "type": "Point",
        "coordinates": [
          13.603896055456632,
          52.54390956856803
        ]
      }
    },
    {
      "type": "Feature",
      "properties": {
        "name": "Regine-Hildebrandt-Park",
        "info": "Riesaer Straße/Mylauer Weg",
        "category": "Grünanlage"
      },
      "geometry": {
        "type": "Point",
        "coordinates": [
          13.603810340312313,
          52.534636480748425
        ]
      }
    },
    {
      "type": "Feature",
      "properties": {
        "name": "Grünfläche Hult. Damm/Margaretenstr.",
        "info": "Hultschiner Damm/ Margaretenstraße",
        "category": "Grünanlage"
      },
      "geometry": {
        "type": "Point",
        "coordinates": [
          13.612824831680777,
          52.49858993110314
        ]
      }
    },
    {
      "type": "Feature",
      "properties": {
        "name": "Hellersdorfer Graben, 173",
        "info": "(zw.Jugendclub U 5 u.Carola-Neher Str.)",
        "category": "Grünanlage"
      },
      "geometry": {
        "type": "Point",
        "coordinates": [
          13.595892927007098,
          52.53296381311046
        ]
      }
    },
    {
      "type": "Feature",
      "properties": {
        "name": "Grünanlage Etkaer-Andre-Str.",
        "info": "Etkaer- Andre- Str.",
        "category": "Grünanlage"
      },
      "geometry": {
        "type": "Point",
        "coordinates": [
          13.592400433428677,
          52.53015141411272
        ]
      }
    },
    {
      "type": "Feature",
      "properties": {
        "name": "Hellersdorfer Graben, 1247",
        "info": "(zw.Brücke Kastanienallee u.Jug.Club U 5",
        "category": "Grünanlage"
      },
      "geometry": {
        "type": "Point",
        "coordinates": [
          13.598010582305111,
          52.53372814993091
        ]
      }
    },
    {
      "type": "Feature",
      "properties": {
        "name": "Freifläche Oschatzer Ring",
        "info": "Oschatzer Ring",
        "category": "Grünanlage"
      },
      "geometry": {
        "type": "Point",
        "coordinates": [
          13.616672515648006,
          52.54264822164977
        ]
      }
    },
    {
      "type": "Feature",
      "properties": {
        "name": "Windschutzstreifen Gülzower Str.",
        "info": "zw.Gülzower und Glauchauer Str.",
        "category": "Grünanlage"
      },
      "geometry": {
        "type": "Point",
        "coordinates": [
          13.60204986138128,
          52.52869866610394
        ]
      }
    },
    {
      "type": "Feature",
      "properties": {
        "name": "Siedlungsrand zw.U-Bahn u.WG 3,4 Riesaer",
        "info": "zw.Riesaer Str.und Jänschwalder Str.",
        "category": "Grünanlage"
      },
      "geometry": {
        "type": "Point",
        "coordinates": [
          13.62534732132897,
          52.531205656755134
        ]
      }
    },
    {
      "type": "Feature",
      "properties": {
        "name": "Öst.der Wuhle KNII",
        "info": "(zw.Cecilien Str. u.Hellersdorfer Str.)",
        "category": "Grünanlage"
      },
      "geometry": {
        "type": "Point",
        "coordinates": [
          13.581963152929312,
          52.5265911143325
        ]
      }
    },
    {
      "type": "Feature",
      "properties": {
        "name": "Gutspark Mahlsdorf",
        "info": "Hultschiner Damm",
        "category": "Grünanlage"
      },
      "geometry": {
        "type": "Point",
        "coordinates": [
          13.61323607353241,
          52.501736144967325
        ]
      }
    },
    {
      "type": "Feature",
      "properties": {
        "name": "Um Kaulsdorfer Seen",
        "info": "Kaulsdorf Süd",
        "category": "Grünanlage"
      },
      "geometry": {
        "type": "Point",
        "coordinates": [
          13.596310088754924,
          52.49733353520835
        ]
      }
    },
    {
      "type": "Feature",
      "properties": {
        "name": "Peter-Weiss-Platz",
        "info": "Naumburger Ring/Qedlinburger Str.",
        "category": "Grünanlage"
      },
      "geometry": {
        "type": "Point",
        "coordinates": [
          13.608867272373766,
          52.539280131456344
        ]
      }
    },
    {
      "type": "Feature",
      "properties": {
        "name": "Stadtplatz Paul_Levi-Platz",
        "info": "Leisniger Str./ Roßweiner Ring",
        "category": "Grünanlage"
      },
      "geometry": {
        "type": "Point",
        "coordinates": [
          13.62029951525275,
          52.529008933528516
        ]
      }
    },
    {
      "type": "Feature",
      "properties": {
        "name": "Kokoschkaplatz",
        "info": "Kokoschkastraße",
        "category": "Grünanlage"
      },
      "geometry": {
        "type": "Point",
        "coordinates": [
          13.606239258561056,
          52.537966843979596
        ]
      }
    },
    {
      "type": "Feature",
      "properties": {
        "name": "Grünfläche (DEST)",
        "info": "Oschatzer Ring",
        "category": "Grünanlage"
      },
      "geometry": {
        "type": "Point",
        "coordinates": [
          13.613619013037411,
          52.541411809556074
        ]
      }
    },
    {
      "type": "Feature",
      "properties": {
        "name": "Freifläche an der U-Bahn",
        "info": "Weißenfelser Straße/Louis-Lewin-Straße",
        "category": "Grünanlage"
      },
      "geometry": {
        "type": "Point",
        "coordinates": [
          13.615661618038757,
          52.53833255783048
        ]
      }
    },
    {
      "type": "Feature",
      "properties": {
        "name": "Kurt-Julius-Goldstein-Park",
        "info": "Riesaer/ Heidenauer Straße",
        "category": "Grünanlage"
      },
      "geometry": {
        "type": "Point",
        "coordinates": [
          13.607357209208674,
          52.53596955427731
        ]
      }
    },
    {
      "type": "Feature",
      "properties": {
        "name": "Fläche unter der Freileitung",
        "info": "zw.U-Bahn und Hönower Weiherkette",
        "category": "Grünanlage"
      },
      "geometry": {
        "type": "Point",
        "coordinates": [
          13.612417021449213,
          52.54233661437904
        ]
      }
    },
    {
      "type": "Feature",
      "properties": {
        "name": "Elisabethstraße an d. Gleisschleife, Weg",
        "info": "Charlottenstraße zur Annenstraße",
        "category": "Grünanlage"
      },
      "geometry": {
        "type": "Point",
        "coordinates": [
          13.55447874292993,
          52.533218551446346
        ]
      }
    },
    {
      "type": "Feature",
      "properties": {
        "name": "Schmetterlingswiesen - Brodersengarten",
        "info": "Wuhlegrünzug",
        "category": "Grünanlage"
      },
      "geometry": {
        "type": "Point",
        "coordinates": [
          13.569773542894174,
          52.499862575751024
        ]
      }
    },
    {
      "type": "Feature",
      "properties": {
        "name": "Pyramidenring - südlich",
        "info": "Ruderalfläche",
        "category": "Grünanlage"
      },
      "geometry": {
        "type": "Point",
        "coordinates": [
          13.524070685743137,
          52.531369800178766
        ]
      }
    },
    {
      "type": "Feature",
      "properties": {
        "name": "Wuhlegrünzug, westlich der Wuhle",
        "info": "zw. Zimmermannstraße u.Bischofstaler Str",
        "category": "Grünanlage"
      },
      "geometry": {
        "type": "Point",
        "coordinates": [
          13.562706851296204,
          52.48451126005768
        ]
      }
    },
    {
      "type": "Feature",
      "properties": {
        "name": "nördlich Nordring, zum Hellersdorfer Wegrdlich Nordring, zum Hellersdorfer Weg",
        "info": "Fläche ehemals P-Null-Station",
        "category": "Grünanlage"
      },
      "geometry": {
        "type": "Point",
        "coordinates": [
          13.546199077165868,
          52.5646505816836
        ]
      }
    },
    {
      "type": "Feature",
      "properties": {
        "name": "Binsengrund,",
        "info": "an der Dramburger Straße",
        "category": "Grünanlage"
      },
      "geometry": {
        "type": "Point",
        "coordinates": [
          13.568167195738686,
          52.498554414712906
        ]
      }
    },
    {
      "type": "Feature",
      "properties": {
        "name": "Landsberger Tor - Stadtgarten",
        "info": "Wellenpark an der Spitzmühler Straße",
        "category": "Grünanlage"
      },
      "geometry": {
        "type": "Point",
        "coordinates": [
          13.574428741197792,
          52.54433628054182
        ]
      }
    },
    {
      "type": "Feature",
      "properties": {
        "name": "Altlandsberger Platz- Landsberger Tor",
        "info": "Zinndorfer Straße/Hasenholzer Allee",
        "category": "Grünanlage"
      },
      "geometry": {
        "type": "Point",
        "coordinates": [
          13.573776787804462,
          52.542630363089
        ]
      }
    },
    {
      "type": "Feature",
      "properties": {
        "name": "Bitterfelder Straße - südlich",
        "info": "mit Biotopflächen Bitterfelder Teiche",
        "category": "Grünanlage"
      },
      "geometry": {
        "type": "Point",
        "coordinates": [
          13.531781040404395,
          52.551748225567515
        ]
      }
    },
    {
      "type": "Feature",
      "properties": {
        "name": "Grünanlage Feldberger Ring",
        "info": "Feldberger Ring",
        "category": "Grünanlage"
      },
      "geometry": {
        "type": "Point",
        "coordinates": [
          13.586241841242446,
          52.527954984736056
        ]
      }
    },
    {
      "type": "Feature",
      "properties": {
        "name": "Erholungsfläche Hermsdorfer Straße",
        "info": "Hermsdorfer Straße",
        "category": "Grünanlage"
      },
      "geometry": {
        "type": "Point",
        "coordinates": [
          13.611082974091545,
          52.530715861692975
        ]
      }
    },
    {
      "type": "Feature",
      "properties": {
        "name": "Grünfläche  \"Hellersdorfer Graben\"",
        "info": "Sebnitzer Straße 6, 8",
        "category": "Grünanlage"
      },
      "geometry": {
        "type": "Point",
        "coordinates": [
          13.613633767969208,
          52.537032958526076
        ]
      }
    },
    {
      "type": "Feature",
      "properties": {
        "name": "Grünfläche Kyritzer Straße",
        "info": "Grünfläche",
        "category": "Grünanlage"
      },
      "geometry": {
        "type": "Point",
        "coordinates": [
          13.593211437510385,
          52.542580796117846
        ]
      }
    },
    {
      "type": "Feature",
      "properties": {
        "name": "Paradiessiedlung Grünanlage",
        "info": "Walsheimer Straße",
        "category": "Grünanlage"
      },
      "geometry": {
        "type": "Point",
        "coordinates": [
          13.565359019264472,
          52.510278913518164
        ]
      }
    },
    {
      "type": "Feature",
      "properties": {
        "name": "GSG-Weg in südlicher Verlängerung zw.",
        "info": "S-Mehrower bis Otto-Rosenberg-Platz",
        "category": "Grünanlage"
      },
      "geometry": {
        "type": "Point",
        "coordinates": [
          13.55014653945219,
          52.55422886125679
        ]
      }
    },
    {
      "type": "Feature",
      "properties": {
        "name": "Biesdorfer Promenade/ Wasserweg",
        "info": "östlich Blumberger Damm",
        "category": "Grünanlage"
      },
      "geometry": {
        "type": "Point",
        "coordinates": [
          13.564346938959735,
          52.51601501321605
        ]
      }
    },
    {
      "type": "Feature",
      "properties": {
        "name": "Grünanlage an der Rahnsdorfer Str.",
        "info": "Rahnsdorfer Straße",
        "category": "Grünanlage"
      },
      "geometry": {
        "type": "Point",
        "coordinates": [
          13.614162340047498,
          52.49873606544365
        ]
      }
    },
    {
      "type": "Feature",
      "properties": {
        "name": "Waldowpark",
        "info": "Waldowstraße",
        "category": "Grünanlage"
      },
      "geometry": {
        "type": "Point",
        "coordinates": [
          13.609602507315598,
          52.506548479559534
        ]
      }
    },
    {
      "type": "Feature",
      "properties": {
        "name": "Grünanlage Waldheimer Str.",
        "info": "Waldheimer/Döbelner Str.",
        "category": "Grünanlage"
      },
      "geometry": {
        "type": "Point",
        "coordinates": [
          13.61602853682378,
          52.52885902990405
        ]
      }
    },
    {
      "type": "Feature",
      "properties": {
        "name": "Grünanlage um Elsenteich",
        "info": "zw.Elsenstraße und Margaretenstraße",
        "category": "Grünanlage"
      },
      "geometry": {
        "type": "Point",
        "coordinates": [
          13.611567462058293,
          52.49982618305094
        ]
      }
    },
    {
      "type": "Feature",
      "properties": {
        "name": "Grünfläche Spremberger Str.",
        "info": "Spremberger Straße",
        "category": "Grünanlage"
      },
      "geometry": {
        "type": "Point",
        "coordinates": [
          13.592015454045159,
          52.53455458296827
        ]
      }
    },
    {
      "type": "Feature",
      "properties": {
        "name": "Frans-Hals-Platz",
        "info": "Frans-Hals-Str./Albrecht-Dürer-Str.",
        "category": "Grünanlage"
      },
      "geometry": {
        "type": "Point",
        "coordinates": [
          13.629800577821856,
          52.51947003917599
        ]
      }
    },
    {
      "type": "Feature",
      "properties": {
        "name": "Windschutzstreifen",
        "info": "zw.Glauchauer Str.und Riesaer Str.",
        "category": "Grünanlage"
      },
      "geometry": {
        "type": "Point",
        "coordinates": [
          13.623038193431512,
          52.52803562233711
        ]
      }
    },
    {
      "type": "Feature",
      "properties": {
        "name": "Durlacher Platz",
        "info": "Durlacher Straße",
        "category": "Grünanlage"
      },
      "geometry": {
        "type": "Point",
        "coordinates": [
          13.601934828275827,
          52.48812246019674
        ]
      }
    },
    {
      "type": "Feature",
      "properties": {
        "name": "Fläche vor Kleingartenanlage",
        "info": "Teterower Ring",
        "category": "Grünanlage"
      },
      "geometry": {
        "type": "Point",
        "coordinates": [
          13.579629235100352,
          52.523049658404275
        ]
      }
    },
    {
      "type": "Feature",
      "properties": {
        "name": "Clara-Zetkin-Platz - Stadtplatz",
        "info": "Teterower Ring/ Clara- Zetkin- Platz",
        "category": "Grünanlage"
      },
      "geometry": {
        "type": "Point",
        "coordinates": [
          13.584181303046568,
          52.520734507527806
        ]
      }
    },
    {
      "type": "Feature",
      "properties": {
        "name": "Schleipfuhl, 161",
        "info": "Jenaer Straße",
        "category": "Grünanlage"
      },
      "geometry": {
        "type": "Point",
        "coordinates": [
          13.61092094819048,
          52.528881894510135
        ]
      }
    },
    {
      "type": "Feature",
      "properties": {
        "name": "Sowjetisches Ehrenmal",
        "info": "Brodauer Str.10/ Waplitzer Straße",
        "category": "Grünanlage"
      },
      "geometry": {
        "type": "Point",
        "coordinates": [
          13.58320136611908,
          52.50887520095605
        ]
      }
    },
    {
      "type": "Feature",
      "properties": {
        "name": "Graffplatz",
        "info": "Kolberger Straße/Tizianstraße",
        "category": "Grünanlage"
      },
      "geometry": {
        "type": "Point",
        "coordinates": [
          13.642584404023319,
          52.522560358160995
        ]
      }
    },
    {
      "type": "Feature",
      "properties": {
        "name": "Wilhelmplatz",
        "info": "Mädewalder Weg/ Planitzstraße",
        "category": "Grünanlage"
      },
      "geometry": {
        "type": "Point",
        "coordinates": [
          13.588142094245942,
          52.509515556993904
        ]
      }
    },
    {
      "type": "Feature",
      "properties": {
        "name": "Körnerplatz",
        "info": "Seestraße/Mechthildstraße",
        "category": "Grünanlage"
      },
      "geometry": {
        "type": "Point",
        "coordinates": [
          13.593300790936972,
          52.47877807295365
        ]
      }
    },
    {
      "type": "Feature",
      "properties": {
        "name": "Ullrichplatz - Teil 1",
        "info": "Ullrichstraße",
        "category": "Grünanlage"
      },
      "geometry": {
        "type": "Point",
        "coordinates": [
          13.603997980408476,
          52.47972134020345
        ]
      }
    },
    {
      "type": "Feature",
      "properties": {
        "name": "Grünanlage Am Lupinenfeld",
        "info": "Am Lupinenfeld",
        "category": "Grünanlage"
      },
      "geometry": {
        "type": "Point",
        "coordinates": [
          13.612939235899175,
          52.52412606939379
        ]
      }
    },
    {
      "type": "Feature",
      "properties": {
        "name": "Lehnitzplatz",
        "info": "Lenitzstraße/ Bütower Straße",
        "category": "Grünanlage"
      },
      "geometry": {
        "type": "Point",
        "coordinates": [
          13.611424903706784,
          52.48275413366821
        ]
      }
    },
    {
      "type": "Feature",
      "properties": {
        "name": "Alice- Herz- Platz",
        "info": "ehem. Platz 18 Briesner Weg/Hörselbergst",
        "category": "Grünanlage"
      },
      "geometry": {
        "type": "Point",
        "coordinates": [
          13.607407818434645,
          52.51400484567197
        ]
      }
    },
    {
      "type": "Feature",
      "properties": {
        "name": "Ludwig- Turek- Platz",
        "info": "Reißniger Str./Tolkmittstraße",
        "category": "Grünanlage"
      },
      "geometry": {
        "type": "Point",
        "coordinates": [
          13.610001095349215,
          52.52157547178787
        ]
      }
    },
    {
      "type": "Feature",
      "properties": {
        "name": "Öffentliche Grünanlage",
        "info": "Gielsdorfer /Dirschauer Str.",
        "category": "Grünanlage"
      },
      "geometry": {
        "type": "Point",
        "coordinates": [
          13.605223494372751,
          52.50748314356129
        ]
      }
    },
    {
      "type": "Feature",
      "properties": {
        "name": "An der Wuhle WG 4",
        "info": "(zw.Land.Allee und Grenze zum Rev.8)",
        "category": "Grünanlage"
      },
      "geometry": {
        "type": "Point",
        "coordinates": [
          13.585796518759587,
          52.54801996061442
        ]
      }
    },
    {
      "type": "Feature",
      "properties": {
        "name": "Südl. der U-Bahn",
        "info": "Sebnitzer Str.",
        "category": "Grünanlage"
      },
      "geometry": {
        "type": "Point",
        "coordinates": [
          13.612076617256175,
          52.53736560789565
        ]
      }
    },
    {
      "type": "Feature",
      "properties": {
        "name": "Hönower Weiherkette",
        "info": "zw. Stendaler Str. und Hönow",
        "category": "Grünanlage"
      },
      "geometry": {
        "type": "Point",
        "coordinates": [
          13.62891932443232,
          52.541919072309426
        ]
      }
    },
    {
      "type": "Feature",
      "properties": {
        "name": "Östlich der Wuhle KN I",
        "info": "zw.Altentreptower und Sportplatz T.R.",
        "category": "Grünanlage"
      },
      "geometry": {
        "type": "Point",
        "coordinates": [
          13.577144115455608,
          52.516698797240736
        ]
      }
    },
    {
      "type": "Feature",
      "properties": {
        "name": "Wuhle -Rev.5 bis Eisenacher Str.",
        "info": "Grenze Rev.9 bis an die Eisenacher Str.",
        "category": "Grünanlage"
      },
      "geometry": {
        "type": "Point",
        "coordinates": [
          13.582895488340561,
          52.54232536725561
        ]
      }
    },
    {
      "type": "Feature",
      "properties": {
        "name": "Freifläche Werner Str.",
        "info": "Werner Straße",
        "category": "Grünanlage"
      },
      "geometry": {
        "type": "Point",
        "coordinates": [
          13.596643064673591,
          52.518646716908314
        ]
      }
    },
    {
      "type": "Feature",
      "properties": {
        "name": "West.der Wuhle KNII",
        "info": "(zw.Cecilien Str. u.Rohrbruchpark)",
        "category": "Grünanlage"
      },
      "geometry": {
        "type": "Point",
        "coordinates": [
          13.579914723783135,
          52.5266406908326
        ]
      }
    },
    {
      "type": "Feature",
      "properties": {
        "name": "Westlich der Wuhle KNI.",
        "info": "Erholungsfläche Westlich der Wuhle",
        "category": "Grünanlage"
      },
      "geometry": {
        "type": "Point",
        "coordinates": [
          13.576890373618129,
          52.520770437834344
        ]
      }
    },
    {
      "type": "Feature",
      "properties": {
        "name": "Wuhle Parchimer Str.",
        "info": "Wuhlerandbereich",
        "category": "Grünanlage"
      },
      "geometry": {
        "type": "Point",
        "coordinates": [
          13.578120478184934,
          52.51361899873937
        ]
      }
    },
    {
      "type": "Feature",
      "properties": {
        "name": "Grünanlage Oschatzer Ring",
        "info": "ehm.Sonderschule,Oschatzer Ring 1",
        "category": "Grünanlage"
      },
      "geometry": {
        "type": "Point",
        "coordinates": [
          13.613467059055495,
          52.54086614293849
        ]
      }
    },
    {
      "type": "Feature",
      "properties": {
        "name": "Am Wiesenrain/ Erpe Fr GA",
        "info": "LSG",
        "category": "Grünanlage"
      },
      "geometry": {
        "type": "Point",
        "coordinates": [
          13.610971645184183,
          52.45716370692989
        ]
      }
    },
    {
      "type": "Feature",
      "properties": {
        "name": "An der Wuhlheide 161/ FEZ südlich Eichgestell Ob GA",
        "info": "südlich des Eichgestells",
        "category": "Grünanlage"
      },
      "geometry": {
        "type": "Point",
        "coordinates": [
          13.540795182984926,
          52.462046188932135
        ]
      }
    },
    {
      "type": "Feature",
      "properties": {
        "name": "Moosstraße/ Hartriegelstraße Nie GA",
        "info": "Durchgangsweg",
        "category": "Grünanlage"
      },
      "geometry": {
        "type": "Point",
        "coordinates": [
          13.527389395271998,
          52.4502962351658
        ]
      }
    },
    {
      "type": "Feature",
      "properties": {
        "name": "Müggelschlößchenweg/ Alfred-Randt-Straße ggü. Nr. 34 Köp GA",
        "info": "neben Kaufhalle Alfred- Randt-Str",
        "category": "Grünanlage"
      },
      "geometry": {
        "type": "Point",
        "coordinates": [
          13.60137675264285,
          52.440107002855484
        ]
      }
    },
    {
      "type": "Feature",
      "properties": {
        "name": "Lagunenweg/ Biberpelzstraße Ra GA",
        "info": "Grünanlage mit Biotop",
        "category": "Grünanlage"
      },
      "geometry": {
        "type": "Point",
        "coordinates": [
          13.713361236151734,
          52.4285369856517
        ]
      }
    },
    {
      "type": "Feature",
      "properties": {
        "name": "Am Haselbusch 2 Jo GA",
        "info": "",
        "category": "Grünanlage"
      },
      "geometry": {
        "type": "Point",
        "coordinates": [
          13.504696507665702,
          52.44974172084427
        ]
      }
    },
    {
      "type": "Feature",
      "properties": {
        "name": "Kiefholzstraße v.Nr. 148-149a Ba GA",
        "info": "",
        "category": "Grünanlage"
      },
      "geometry": {
        "type": "Point",
        "coordinates": [
          13.47999245865265,
          52.4696000247833
        ]
      }
    },
    {
      "type": "Feature",
      "properties": {
        "name": "Ernst-Grube-Straße zw. 35 und 39 Köp GA",
        "info": "",
        "category": "Grünanlage"
      },
      "geometry": {
        "type": "Point",
        "coordinates": [
          13.560488448740546,
          52.44976508144251
        ]
      }
    },
    {
      "type": "Feature",
      "properties": {
        "name": "Spindlersfelder Straße/ südlich Spreeufer Köp GA",
        "info": "Spindlerpark",
        "category": "Grünanlage"
      },
      "geometry": {
        "type": "Point",
        "coordinates": [
          13.559379450378177,
          52.453024872033495
        ]
      }
    },
    {
      "type": "Feature",
      "properties": {
        "name": "Baumschulenstraße 79 Ba GA",
        "info": "Stadtplatz",
        "category": "Grünanlage"
      },
      "geometry": {
        "type": "Point",
        "coordinates": [
          13.485366424079759,
          52.46464006146733
        ]
      }
    },
    {
      "type": "Feature",
      "properties": {
        "name": "Volmerstraße/ Wilhelm-Ostwald-Straße Ahof GA",
        "info": "Robinienwäldchen 1 und 2",
        "category": "Grünanlage"
      },
      "geometry": {
        "type": "Point",
        "coordinates": [
          13.540593852964083,
          52.42783642894812
        ]
      }
    },
    {
      "type": "Feature",
      "properties": {
        "name": "Ludwig-Boltzmannstraße/ Linse Ahof GA",
        "info": "",
        "category": "Grünanlage"
      },
      "geometry": {
        "type": "Point",
        "coordinates": [
          13.526615363152217,
          52.429968958347885
        ]
      }
    },
    {
      "type": "Feature",
      "properties": {
        "name": "Rudower Chaussee/ Franz-Ehrlich-Straße Ahof GA",
        "info": "Eichenwäldchen",
        "category": "Grünanlage"
      },
      "geometry": {
        "type": "Point",
        "coordinates": [
          13.539968083491123,
          52.43430921416711
        ]
      }
    },
    {
      "type": "Feature",
      "properties": {
        "name": "Newtonstraße/ Aerodynamischer Park Ahof GA",
        "info": "",
        "category": "Grünanlage"
      },
      "geometry": {
        "type": "Point",
        "coordinates": [
          13.529373619072327,
          52.43252654377806
        ]
      }
    },
    {
      "type": "Feature",
      "properties": {
        "name": "Rudower Chaussee/ Akademieplatz Ahof GA",
        "info": "",
        "category": "Grünanlage"
      },
      "geometry": {
        "type": "Point",
        "coordinates": [
          13.53228792485335,
          52.43033635727513
        ]
      }
    },
    {
      "type": "Feature",
      "properties": {
        "name": "Späthstraße 80-81/ Arboretum Ba NA",
        "info": "Sen Stadt / Humboldt Uni",
        "category": "Grünanlage"
      },
      "geometry": {
        "type": "Point",
        "coordinates": [
          13.475092194871674,
          52.4550080445168
        ]
      }
    },
    {
      "type": "Feature",
      "properties": {
        "name": "Werlseestraße/ Julius-Hart-Straße Fr GA",
        "info": "",
        "category": "Grünanlage"
      },
      "geometry": {
        "type": "Point",
        "coordinates": [
          13.635654629924648,
          52.45374764438361
        ]
      }
    },
    {
      "type": "Feature",
      "properties": {
        "name": "Höhensteig/ Grünzug Falkenberg Bo GA",
        "info": "alle Bauabschnitte Grünzug Falkenberg zusammen",
        "category": "Grünanlage"
      },
      "geometry": {
        "type": "Point",
        "coordinates": [
          13.565445394720825,
          52.40698731659753
        ]
      }
    },
    {
      "type": "Feature",
      "properties": {
        "name": "Schönefelder Chaussee/ Landschaftspark Rudow-Altglienicke Ag NA",
        "info": "Fläche der Autobahn GmbH des Bundes",
        "category": "Grünanlage"
      },
      "geometry": {
        "type": "Point",
        "coordinates": [
          13.519614495281338,
          52.40521554967588
        ]
      }
    },
    {
      "type": "Feature",
      "properties": {
        "name": "Weidenweg/ am Wäldchen Ag GA",
        "info": "",
        "category": "Grünanlage"
      },
      "geometry": {
        "type": "Point",
        "coordinates": [
          13.53999151653731,
          52.40117816505231
        ]
      }
    },
    {
      "type": "Feature",
      "properties": {
        "name": "Kolpiner Weg/ NSG Schonungsberg Ra GA",
        "info": "",
        "category": "Grünanlage"
      },
      "geometry": {
        "type": "Point",
        "coordinates": [
          13.702031961008768,
          52.43900500241942
        ]
      }
    },
    {
      "type": "Feature",
      "properties": {
        "name": "Groß-Berliner Damm/ Landschaftspark Jo GA",
        "info": "LSG ehem.Flugfeld Johannisthal Teil1.1",
        "category": "Grünanlage"
      },
      "geometry": {
        "type": "Point",
        "coordinates": [
          13.52502491499647,
          52.43806294023983
        ]
      }
    },
    {
      "type": "Feature",
      "properties": {
        "name": "Groß-Berliner Damm/ Naturschutzgebiet Jo GA",
        "info": "NSG im ehem . Flugfeld Johannisthal",
        "category": "Grünanlage"
      },
      "geometry": {
        "type": "Point",
        "coordinates": [
          13.517730128884835,
          52.43639434063786
        ]
      }
    },
    {
      "type": "Feature",
      "properties": {
        "name": "Am Falkenberg/ Am Pumpwerk Ag GA",
        "info": "Wiese südl Plumpengraben",
        "category": "Grünanlage"
      },
      "geometry": {
        "type": "Point",
        "coordinates": [
          13.560519185361168,
          52.41675071438214
        ]
      }
    },
    {
      "type": "Feature",
      "properties": {
        "name": "Kirschweg Ag GA",
        "info": "Am Reichsbahnaußenring",
        "category": "Grünanlage"
      },
      "geometry": {
        "type": "Point",
        "coordinates": [
          13.534005466020002,
          52.40066267268219
        ]
      }
    },
    {
      "type": "Feature",
      "properties": {
        "name": "Schönefelder Chaussee Ag GA",
        "info": "Sonderfall ehem. Friehofserweiterungsfll.",
        "category": "Grünanlage"
      },
      "geometry": {
        "type": "Point",
        "coordinates": [
          13.52478489844278,
          52.4115554303243
        ]
      }
    },
    {
      "type": "Feature",
      "properties": {
        "name": "Baumschulenstraße/ Chris-Gueffroy-Allee Ba GA",
        "info": "Berliner Mauerweg",
        "category": "Grünanlage"
      },
      "geometry": {
        "type": "Point",
        "coordinates": [
          13.466562566610827,
          52.45887231188927
        ]
      }
    },
    {
      "type": "Feature",
      "properties": {
        "name": "Hinter Bellevuepark u. KGA Am Mühlenfließ Köp GA",
        "info": "am Neuhagener Mühlenfließ (Erpe)",
        "category": "Grünanlage"
      },
      "geometry": {
        "type": "Point",
        "coordinates": [
          13.58009385668296,
          52.4543198844054
        ]
      }
    },
    {
      "type": "Feature",
      "properties": {
        "name": "Puschkinallee/ Am Treptower Park AT GA",
        "info": "",
        "category": "Grünanlage"
      },
      "geometry": {
        "type": "Point",
        "coordinates": [
          13.455435307327356,
          52.49357885589722
        ]
      }
    },
    {
      "type": "Feature",
      "properties": {
        "name": "Segelfliegerdamm Nordwestfuge Jo GA",
        "info": "LSG ehemaliges Flugfeld Johannisthal Teil2",
        "category": "Grünanlage"
      },
      "geometry": {
        "type": "Point",
        "coordinates": [
          13.511707317234256,
          52.440996603535325
        ]
      }
    },
    {
      "type": "Feature",
      "properties": {
        "name": "Am Falkenberg 49 Ag GA",
        "info": "NSG Wendeschleife",
        "category": "Grünanlage"
      },
      "geometry": {
        "type": "Point",
        "coordinates": [
          13.554913016628563,
          52.41756462627857
        ]
      }
    },
    {
      "type": "Feature",
      "properties": {
        "name": "Platz am Kaisersteg 1 Ob (Pacht)",
        "info": "Skulpturengarten / Schauhallen",
        "category": "Grünanlage"
      },
      "geometry": {
        "type": "Point",
        "coordinates": [
          13.51811675483377,
          52.45925541100717
        ]
      }
    },
    {
      "type": "Feature",
      "properties": {
        "name": "Spindlersfelder Straße/ Glienicker Straße Köp GA",
        "info": "zw. Ottomar-Geschke und Glienicker Straße  (Drachenwiese)",
        "category": "Grünanlage"
      },
      "geometry": {
        "type": "Point",
        "coordinates": [
          13.560245250874814,
          52.44191371580243
        ]
      }
    },
    {
      "type": "Feature",
      "properties": {
        "name": "Zum Alten Windmühlenberg/ Hangkantenpark Ag GA",
        "info": "",
        "category": "Grünanlage"
      },
      "geometry": {
        "type": "Point",
        "coordinates": [
          13.53415877593177,
          52.420212945135575
        ]
      }
    },
    {
      "type": "Feature",
      "properties": {
        "name": "Kirchsteig 98 Bo GA",
        "info": "ehemal. ZV-Gelände",
        "category": "Grünanlage"
      },
      "geometry": {
        "type": "Point",
        "coordinates": [
          13.568817929470905,
          52.40841963076662
        ]
      }
    },
    {
      "type": "Feature",
      "properties": {
        "name": "Fürstenwalder Allee 137/ Grünheider Weg Ra GA",
        "info": "NSG \"Schulfeld\"/Wolterdorfer Dünenzug",
        "category": "Grünanlage"
      },
      "geometry": {
        "type": "Point",
        "coordinates": [
          13.703533819468383,
          52.435571859858044
        ]
      }
    },
    {
      "type": "Feature",
      "properties": {
        "name": "Hoernlestraße ggü.Nr.46 Köp GA",
        "info": "neben Kaufhalle",
        "category": "Grünanlage"
      },
      "geometry": {
        "type": "Point",
        "coordinates": [
          13.578692593972841,
          52.46298762453076
        ]
      }
    },
    {
      "type": "Feature",
      "properties": {
        "name": "Springbornstraße 176-186/ Grünzug Jo GA",
        "info": "Kirschwiese",
        "category": "Grünanlage"
      },
      "geometry": {
        "type": "Point",
        "coordinates": [
          13.494179649819001,
          52.438140469540954
        ]
      }
    },
    {
      "type": "Feature",
      "properties": {
        "name": "Braunellensteig/ Hornkleepfad Ag GA",
        "info": "A u E Fläche",
        "category": "Grünanlage"
      },
      "geometry": {
        "type": "Point",
        "coordinates": [
          13.525481871257686,
          52.41724810209261
        ]
      }
    },
    {
      "type": "Feature",
      "properties": {
        "name": "Alexander-Meißner-Straße Bo GA",
        "info": "BBI Business Park",
        "category": "Grünanlage"
      },
      "geometry": {
        "type": "Point",
        "coordinates": [
          13.550422699024555,
          52.39245966598631
        ]
      }
    },
    {
      "type": "Feature",
      "properties": {
        "name": "Braunellensteig Ag GA",
        "info": "",
        "category": "Grünanlage"
      },
      "geometry": {
        "type": "Point",
        "coordinates": [
          13.52508454774932,
          52.418670979039106
        ]
      }
    },
    {
      "type": "Feature",
      "properties": {
        "name": "Kiefholzstraße vor den KGA's Pl GA",
        "info": "",
        "category": "Grünanlage"
      },
      "geometry": {
        "type": "Point",
        "coordinates": [
          13.468902290767998,
          52.47874909252863
        ]
      }
    },
    {
      "type": "Feature",
      "properties": {
        "name": "Chorweiler Straße/ Coloniapark Ag GA",
        "info": "",
        "category": "Grünanlage"
      },
      "geometry": {
        "type": "Point",
        "coordinates": [
          13.545755601175662,
          52.40444856114433
        ]
      }
    },
    {
      "type": "Feature",
      "properties": {
        "name": "Schönefelder Chaussee/ Promenade Ag GA",
        "info": "mit Hochbeeten und Wasserüberlaufbecken/Kaskad.",
        "category": "Grünanlage"
      },
      "geometry": {
        "type": "Point",
        "coordinates": [
          13.52453908041938,
          52.40274310523496
        ]
      }
    },
    {
      "type": "Feature",
      "properties": {
        "name": "Lehmusstraße/ Altglienicker Aue Ag GA",
        "info": "",
        "category": "Grünanlage"
      },
      "geometry": {
        "type": "Point",
        "coordinates": [
          13.540560061497391,
          52.405724586802414
        ]
      }
    },
    {
      "type": "Feature",
      "properties": {
        "name": "Siriusstraße/ Uranusstraße Ag GA",
        "info": "Blumenthal",
        "category": "Grünanlage"
      },
      "geometry": {
        "type": "Point",
        "coordinates": [
          13.52449407899173,
          52.40062099193948
        ]
      }
    },
    {
      "type": "Feature",
      "properties": {
        "name": "Porzer Straße/ am Lärmschutzwall Ag GA",
        "info": "",
        "category": "Grünanlage"
      },
      "geometry": {
        "type": "Point",
        "coordinates": [
          13.541935882291522,
          52.4048095554687
        ]
      }
    },
    {
      "type": "Feature",
      "properties": {
        "name": "Nippeser Straße/ Rebenweg Ag GA",
        "info": "\"Am Wäldchen\"",
        "category": "Grünanlage"
      },
      "geometry": {
        "type": "Point",
        "coordinates": [
          13.539139605310833,
          52.40208877585676
        ]
      }
    },
    {
      "type": "Feature",
      "properties": {
        "name": "Lehmusstraße/ am Lärmschutzwall Ag GA",
        "info": "",
        "category": "Grünanlage"
      },
      "geometry": {
        "type": "Point",
        "coordinates": [
          13.540789743710649,
          52.40490419290917
        ]
      }
    },
    {
      "type": "Feature",
      "properties": {
        "name": "Gerosteig /Ortolfstraße Ag GA",
        "info": "",
        "category": "Grünanlage"
      },
      "geometry": {
        "type": "Point",
        "coordinates": [
          13.530224329040847,
          52.4087507252857
        ]
      }
    },
    {
      "type": "Feature",
      "properties": {
        "name": "Schönefelder Chaussee/ Venusstraße Ag GA",
        "info": "Volkspark",
        "category": "Grünanlage"
      },
      "geometry": {
        "type": "Point",
        "coordinates": [
          13.525591188315834,
          52.407146610617865
        ]
      }
    },
    {
      "type": "Feature",
      "properties": {
        "name": "Mohnweg/ Mittelweg Schmuckplatz Ag GA",
        "info": "",
        "category": "Grünanlage"
      },
      "geometry": {
        "type": "Point",
        "coordinates": [
          13.542707781618322,
          52.40773784031824
        ]
      }
    },
    {
      "type": "Feature",
      "properties": {
        "name": "Rudower Straße am Kiessee Ag GA",
        "info": "",
        "category": "Grünanlage"
      },
      "geometry": {
        "type": "Point",
        "coordinates": [
          13.520309195845268,
          52.42264509960233
        ]
      }
    },
    {
      "type": "Feature",
      "properties": {
        "name": "Preußenstraße/ Am Falkenberg 110-111 Ag GA",
        "info": "Wiese an der B 96",
        "category": "Grünanlage"
      },
      "geometry": {
        "type": "Point",
        "coordinates": [
          13.562519124720795,
          52.410884350273484
        ]
      }
    },
    {
      "type": "Feature",
      "properties": {
        "name": "Widosteig/ Doktorpark Ag GA",
        "info": "Salierstr., Bohnsdorfer Weg",
        "category": "Grünanlage"
      },
      "geometry": {
        "type": "Point",
        "coordinates": [
          13.541610960115047,
          52.41460480942854
        ]
      }
    },
    {
      "type": "Feature",
      "properties": {
        "name": "Semmelweisstraße 34-36 Ag GA",
        "info": "",
        "category": "Grünanlage"
      },
      "geometry": {
        "type": "Point",
        "coordinates": [
          13.53571773953002,
          52.42282922028683
        ]
      }
    },
    {
      "type": "Feature",
      "properties": {
        "name": "Kasperstraße Ag GA",
        "info": "",
        "category": "Grünanlage"
      },
      "geometry": {
        "type": "Point",
        "coordinates": [
          13.526738055420333,
          52.415602734399855
        ]
      }
    },
    {
      "type": "Feature",
      "properties": {
        "name": "Rosestraße/ Am Winkel Ag GA",
        "info": "",
        "category": "Grünanlage"
      },
      "geometry": {
        "type": "Point",
        "coordinates": [
          13.558956938505073,
          52.4101292367252
        ]
      }
    },
    {
      "type": "Feature",
      "properties": {
        "name": "Lianenweg Ag GA",
        "info": "",
        "category": "Grünanlage"
      },
      "geometry": {
        "type": "Point",
        "coordinates": [
          13.537903786157147,
          52.41824780062316
        ]
      }
    },
    {
      "type": "Feature",
      "properties": {
        "name": "Normannenstraße Ag GA",
        "info": "Alter Friedhof",
        "category": "Grünanlage"
      },
      "geometry": {
        "type": "Point",
        "coordinates": [
          13.539499998701073,
          52.41929583980388
        ]
      }
    },
    {
      "type": "Feature",
      "properties": {
        "name": "Ortolfstraße 144/148 Ag GA",
        "info": "",
        "category": "Grünanlage"
      },
      "geometry": {
        "type": "Point",
        "coordinates": [
          13.532256670844825,
          52.40630632052061
        ]
      }
    },
    {
      "type": "Feature",
      "properties": {
        "name": "Hasselwerderstraße/ Hasselwerder Park Nie GA",
        "info": "",
        "category": "Grünanlage"
      },
      "geometry": {
        "type": "Point",
        "coordinates": [
          13.52024856456377,
          52.45601384749662
        ]
      }
    },
    {
      "type": "Feature",
      "properties": {
        "name": "Grimaustraße 76-82 Nie GA",
        "info": "am Bahndamm",
        "category": "Grünanlage"
      },
      "geometry": {
        "type": "Point",
        "coordinates": [
          13.522127560462563,
          52.44995762667833
        ]
      }
    },
    {
      "type": "Feature",
      "properties": {
        "name": "Köllnische Straße 34-35a Nie GA",
        "info": "an der Rudower Str.",
        "category": "Grünanlage"
      },
      "geometry": {
        "type": "Point",
        "coordinates": [
          13.523985761536306,
          52.450640800576934
        ]
      }
    },
    {
      "type": "Feature",
      "properties": {
        "name": "Springbornstraße 144-154, 156/ Grünzug Jo GA",
        "info": "Grüner Anger",
        "category": "Grünanlage"
      },
      "geometry": {
        "type": "Point",
        "coordinates": [
          13.498918729244162,
          52.43914755729096
        ]
      }
    },
    {
      "type": "Feature",
      "properties": {
        "name": "Breiter Weg Jo GA",
        "info": "zw.Staudenweg u.Südostallee",
        "category": "Grünanlage"
      },
      "geometry": {
        "type": "Point",
        "coordinates": [
          13.506915468591545,
          52.45259331850027
        ]
      }
    },
    {
      "type": "Feature",
      "properties": {
        "name": "Johannisthaler Park/ Engelhardstraße Jo GA",
        "info": "",
        "category": "Grünanlage"
      },
      "geometry": {
        "type": "Point",
        "coordinates": [
          13.50892369818836,
          52.448672817260956
        ]
      }
    },
    {
      "type": "Feature",
      "properties": {
        "name": "Sterndamm 60-62/ Ecke Ellernweg Jo GA",
        "info": "",
        "category": "Grünanlage"
      },
      "geometry": {
        "type": "Point",
        "coordinates": [
          13.506431597209286,
          52.447859106114635
        ]
      }
    },
    {
      "type": "Feature",
      "properties": {
        "name": "Sterndamm/ Herweghstraße Jo GA",
        "info": "Goldwassergrundstück",
        "category": "Grünanlage"
      },
      "geometry": {
        "type": "Point",
        "coordinates": [
          13.503499925989017,
          52.44346020159458
        ]
      }
    },
    {
      "type": "Feature",
      "properties": {
        "name": "Ellernweg 29-39/ Königsheideweg Jo GA",
        "info": "",
        "category": "Grünanlage"
      },
      "geometry": {
        "type": "Point",
        "coordinates": [
          13.501013695808078,
          52.448183890080315
        ]
      }
    },
    {
      "type": "Feature",
      "properties": {
        "name": "Am Alten Fenn/ Verbindung Jo GA",
        "info": "Königsheideweg u. Südostallee",
        "category": "Grünanlage"
      },
      "geometry": {
        "type": "Point",
        "coordinates": [
          13.503932685003242,
          52.45382064088285
        ]
      }
    },
    {
      "type": "Feature",
      "properties": {
        "name": "Südostallee/ Rodelberg Jo GA",
        "info": "",
        "category": "Grünanlage"
      },
      "geometry": {
        "type": "Point",
        "coordinates": [
          13.5041698921993,
          52.4537051999757
        ]
      }
    },
    {
      "type": "Feature",
      "properties": {
        "name": "Neue Krugallee/ Ufer Plänterwald Pl GA",
        "info": "LSG",
        "category": "Grünanlage"
      },
      "geometry": {
        "type": "Point",
        "coordinates": [
          13.49481650062526,
          52.481405315308415
        ]
      }
    },
    {
      "type": "Feature",
      "properties": {
        "name": "Kiefholzstraße 207/ Radenzer Straße Ba GA",
        "info": "Britzer Zweigkanal",
        "category": "Grünanlage"
      },
      "geometry": {
        "type": "Point",
        "coordinates": [
          13.489746850458577,
          52.461872608761546
        ]
      }
    },
    {
      "type": "Feature",
      "properties": {
        "name": "Köpenicker Landstraße/ Rodelbergweg Ba GA",
        "info": "",
        "category": "Grünanlage"
      },
      "geometry": {
        "type": "Point",
        "coordinates": [
          13.495201313491185,
          52.46801558498246
        ]
      }
    },
    {
      "type": "Feature",
      "properties": {
        "name": "Neue Krugallee 142-144 Ba GA",
        "info": "",
        "category": "Grünanlage"
      },
      "geometry": {
        "type": "Point",
        "coordinates": [
          13.48810785911707,
          52.47417274018231
        ]
      }
    },
    {
      "type": "Feature",
      "properties": {
        "name": "Kiefholzstraße/ Hohenbirker Weg Ba GA",
        "info": "",
        "category": "Grünanlage"
      },
      "geometry": {
        "type": "Point",
        "coordinates": [
          13.489291359971434,
          52.46363188534474
        ]
      }
    },
    {
      "type": "Feature",
      "properties": {
        "name": "Heidekampweg/ Frauenlobstraße Ba GA",
        "info": "",
        "category": "Grünanlage"
      },
      "geometry": {
        "type": "Point",
        "coordinates": [
          13.480480019907448,
          52.46478387737663
        ]
      }
    },
    {
      "type": "Feature",
      "properties": {
        "name": "Willi-Sänger-Straße Pl GA",
        "info": "",
        "category": "Grünanlage"
      },
      "geometry": {
        "type": "Point",
        "coordinates": [
          13.48294665262103,
          52.47741946031091
        ]
      }
    },
    {
      "type": "Feature",
      "properties": {
        "name": "Köpenicker Landstraße neben 221/ Lakegrund Ba GA",
        "info": "",
        "category": "Grünanlage"
      },
      "geometry": {
        "type": "Point",
        "coordinates": [
          13.489134133794538,
          52.47165283762711
        ]
      }
    },
    {
      "type": "Feature",
      "properties": {
        "name": "Köpenicker Landstraße/ S-Bhf. Vorplatz Pl GA",
        "info": "S-Bhf.Plänterwald; Vorpl. mit Brunnen",
        "category": "Grünanlage"
      },
      "geometry": {
        "type": "Point",
        "coordinates": [
          13.474913999013713,
          52.4793640034744
        ]
      }
    },
    {
      "type": "Feature",
      "properties": {
        "name": "Alt-Treptow/ Treptower Park AT GA",
        "info": "einschließlich Insel der Jugend",
        "category": "Grünanlage"
      },
      "geometry": {
        "type": "Point",
        "coordinates": [
          13.474627888011321,
          52.483346703100615
        ]
      }
    },
    {
      "type": "Feature",
      "properties": {
        "name": "Neue Krugallee/ Bulgarische Straße Pl GA",
        "info": "neben Rathaus Treptow",
        "category": "Grünanlage"
      },
      "geometry": {
        "type": "Point",
        "coordinates": [
          13.479275980604882,
          52.48396648647807
        ]
      }
    },
    {
      "type": "Feature",
      "properties": {
        "name": "Galileistraße/ Orionstraße Pl GA",
        "info": "",
        "category": "Grünanlage"
      },
      "geometry": {
        "type": "Point",
        "coordinates": [
          13.479995656510743,
          52.479314034969576
        ]
      }
    },
    {
      "type": "Feature",
      "properties": {
        "name": "Kiefholzstraße/ Puderstraße Pl GA",
        "info": "Japanische Kirschen",
        "category": "Grünanlage"
      },
      "geometry": {
        "type": "Point",
        "coordinates": [
          13.463157271234536,
          52.48293955041163
        ]
      }
    },
    {
      "type": "Feature",
      "properties": {
        "name": "Lohmühlenstraße/ Lohmühlenufer AT GA",
        "info": "",
        "category": "Grünanlage"
      },
      "geometry": {
        "type": "Point",
        "coordinates": [
          13.44176672902413,
          52.49176839663742
        ]
      }
    },
    {
      "type": "Feature",
      "properties": {
        "name": "Lohmühlenstraße/ Görlitzer Bahndamm AT GA",
        "info": "Sonderfall, angemietet von der Bahn",
        "category": "Grünanlage"
      },
      "geometry": {
        "type": "Point",
        "coordinates": [
          13.452887980410207,
          52.49069975128442
        ]
      }
    },
    {
      "type": "Feature",
      "properties": {
        "name": "Martin-Hoffmann-Straße/ Grünes Dreieck AT GA",
        "info": "inkl. Verbindungssteg unter der Elsenbrücke",
        "category": "Grünanlage"
      },
      "geometry": {
        "type": "Point",
        "coordinates": [
          13.458409389110134,
          52.496209801505096
        ]
      }
    },
    {
      "type": "Feature",
      "properties": {
        "name": "Puschkinallee/ Schlesischer Busch AT GA",
        "info": "",
        "category": "Grünanlage"
      },
      "geometry": {
        "type": "Point",
        "coordinates": [
          13.449390746088024,
          52.49502198353835
        ]
      }
    },
    {
      "type": "Feature",
      "properties": {
        "name": "Schmollerplatz AT GA",
        "info": "",
        "category": "Grünanlage"
      },
      "geometry": {
        "type": "Point",
        "coordinates": [
          13.444826038677187,
          52.49024043988987
        ]
      }
    },
    {
      "type": "Feature",
      "properties": {
        "name": "Wildenbruchstraße/ Wildenbruchpark AT GA",
        "info": "",
        "category": "Grünanlage"
      },
      "geometry": {
        "type": "Point",
        "coordinates": [
          13.450981176177287,
          52.48844982966627
        ]
      }
    },
    {
      "type": "Feature",
      "properties": {
        "name": "Martin-Hoffmann-Straße/ Durchwegung AT GA",
        "info": "",
        "category": "Grünanlage"
      },
      "geometry": {
        "type": "Point",
        "coordinates": [
          13.457053762943737,
          52.49461363227333
        ]
      }
    },
    {
      "type": "Feature",
      "properties": {
        "name": "Erpe zw.Bellevuestraße und Grünfließer Gang Köp GA",
        "info": "",
        "category": "Grünanlage"
      },
      "geometry": {
        "type": "Point",
        "coordinates": [
          13.596814908307051,
          52.45494287113751
        ]
      }
    },
    {
      "type": "Feature",
      "properties": {
        "name": "Alt-Köpenick/ Luisenhain Köp GA",
        "info": "zw. Lange Brücke und Dammbrücke",
        "category": "Grünanlage"
      },
      "geometry": {
        "type": "Point",
        "coordinates": [
          13.573852252329562,
          52.44597732926397
        ]
      }
    },
    {
      "type": "Feature",
      "properties": {
        "name": "Strandschloßweg Köp GA",
        "info": "",
        "category": "Grünanlage"
      },
      "geometry": {
        "type": "Point",
        "coordinates": [
          13.604011465821168,
          52.438563540440626
        ]
      }
    },
    {
      "type": "Feature",
      "properties": {
        "name": "Stillerzeile 100/ vor der Schule Fr GA",
        "info": "",
        "category": "Grünanlage"
      },
      "geometry": {
        "type": "Point",
        "coordinates": [
          13.602726621047186,
          52.453337988685085
        ]
      }
    },
    {
      "type": "Feature",
      "properties": {
        "name": "Treskowallee 175-211/ GUS Ob GA",
        "info": "GUS-Flächen",
        "category": "Grünanlage"
      },
      "geometry": {
        "type": "Point",
        "coordinates": [
          13.522892598860148,
          52.47095868827253
        ]
      }
    },
    {
      "type": "Feature",
      "properties": {
        "name": "Alt-Schmöckwitz/ Brücke Sch GA",
        "info": "",
        "category": "Grünanlage"
      },
      "geometry": {
        "type": "Point",
        "coordinates": [
          13.651925175729641,
          52.37503919107094
        ]
      }
    },
    {
      "type": "Feature",
      "properties": {
        "name": "Gutenbergstraße/ Oberspreestraße Köp GA",
        "info": "",
        "category": "Grünanlage"
      },
      "geometry": {
        "type": "Point",
        "coordinates": [
          13.569876142824546,
          52.444851916525074
        ]
      }
    },
    {
      "type": "Feature",
      "properties": {
        "name": "Uferweg Freiheit Köp GA",
        "info": "",
        "category": "Grünanlage"
      },
      "geometry": {
        "type": "Point",
        "coordinates": [
          13.574710468010824,
          52.44760771123588
        ]
      }
    },
    {
      "type": "Feature",
      "properties": {
        "name": "Pflanzgartenplatz Köp GA",
        "info": "",
        "category": "Grünanlage"
      },
      "geometry": {
        "type": "Point",
        "coordinates": [
          13.583669323915693,
          52.47064530479872
        ]
      }
    },
    {
      "type": "Feature",
      "properties": {
        "name": "Mahlsdorfer Straße/ Kaulsdorfer Straße Köp GA",
        "info": "(6a/2-8)",
        "category": "Grünanlage"
      },
      "geometry": {
        "type": "Point",
        "coordinates": [
          13.580315376897433,
          52.46059232662654
        ]
      }
    },
    {
      "type": "Feature",
      "properties": {
        "name": "Am Bahndamm/ Wuhlegrünzug Köp GA",
        "info": "von Am Bahndamm bis Mozartstraße/ Zum Wuhleblick mit Radweg",
        "category": "Grünanlage"
      },
      "geometry": {
        "type": "Point",
        "coordinates": [
          13.57320283770968,
          52.4648664954335
        ]
      }
    },
    {
      "type": "Feature",
      "properties": {
        "name": "Stillerzeile/ Neuhagener Mühlenfließ Fr GA",
        "info": "LSG Am Wiesenrain, paralell zur Stillerzeile",
        "category": "Grünanlage"
      },
      "geometry": {
        "type": "Point",
        "coordinates": [
          13.610042363119634,
          52.45610576630982
        ]
      }
    },
    {
      "type": "Feature",
      "properties": {
        "name": "Mahlsdorfer Straße/ Gehsener Straße Köp GA",
        "info": "(6b/2-7)",
        "category": "Grünanlage"
      },
      "geometry": {
        "type": "Point",
        "coordinates": [
          13.582865887077663,
          52.46277773838628
        ]
      }
    },
    {
      "type": "Feature",
      "properties": {
        "name": "An der Wuhlheide 161/ Eichgestell Ob GA",
        "info": "",
        "category": "Grünanlage"
      },
      "geometry": {
        "type": "Point",
        "coordinates": [
          13.530262549562542,
          52.46555960148344
        ]
      }
    },
    {
      "type": "Feature",
      "properties": {
        "name": "Grünfließer Gang/ LSG Erpetal Fr GA",
        "info": "LSG",
        "category": "Grünanlage"
      },
      "geometry": {
        "type": "Point",
        "coordinates": [
          13.604702899500591,
          52.45581606517789
        ]
      }
    },
    {
      "type": "Feature",
      "properties": {
        "name": "Aßmannstraße/ Charlotte-E.-Pauly-Straße Fr GA",
        "info": "(Hinterland)",
        "category": "Grünanlage"
      },
      "geometry": {
        "type": "Point",
        "coordinates": [
          13.61673001244077,
          52.45245588256501
        ]
      }
    },
    {
      "type": "Feature",
      "properties": {
        "name": "Lindenallee 6a Fr GA",
        "info": "(vorher Peter-Hille-Straße 2)",
        "category": "Grünanlage"
      },
      "geometry": {
        "type": "Point",
        "coordinates": [
          13.620828275435375,
          52.455020509035826
        ]
      }
    },
    {
      "type": "Feature",
      "properties": {
        "name": "An der Wuhlheide 161/ FEZ nördlich Eichgestell Ob GA",
        "info": "FEZ- An den Finnenhütten",
        "category": "Grünanlage"
      },
      "geometry": {
        "type": "Point",
        "coordinates": [
          13.546472339353796,
          52.464062763882126
        ]
      }
    },
    {
      "type": "Feature",
      "properties": {
        "name": "Uferweg Spreeknie verlängerte Wilhelminenhofstraße Ob GA",
        "info": "",
        "category": "Grünanlage"
      },
      "geometry": {
        "type": "Point",
        "coordinates": [
          13.525332678978634,
          52.45459419437497
        ]
      }
    },
    {
      "type": "Feature",
      "properties": {
        "name": "Alfred-Randt-Straße Köp GA",
        "info": "",
        "category": "Grünanlage"
      },
      "geometry": {
        "type": "Point",
        "coordinates": [
          13.600134171181283,
          52.43968759675155
        ]
      }
    },
    {
      "type": "Feature",
      "properties": {
        "name": "Werlseestraße/ Wendeschleife Fr GA",
        "info": "am Müggelseedamm",
        "category": "Grünanlage"
      },
      "geometry": {
        "type": "Point",
        "coordinates": [
          13.639713284631414,
          52.44812058002733
        ]
      }
    },
    {
      "type": "Feature",
      "properties": {
        "name": "Am Goldmannpark Fr GA",
        "info": "",
        "category": "Grünanlage"
      },
      "geometry": {
        "type": "Point",
        "coordinates": [
          13.63039619802496,
          52.455610216146425
        ]
      }
    },
    {
      "type": "Feature",
      "properties": {
        "name": "Josef-Nawrocki-Straße 24/ Müggelpark Fr GA",
        "info": "(6a/9-2)",
        "category": "Grünanlage"
      },
      "geometry": {
        "type": "Point",
        "coordinates": [
          13.627165259360531,
          52.44481595590422
        ]
      }
    },
    {
      "type": "Feature",
      "properties": {
        "name": "Müggelseedamm/ Kalkseestraße Fr GA",
        "info": "(6a/9-3), Seeterassen",
        "category": "Grünanlage"
      },
      "geometry": {
        "type": "Point",
        "coordinates": [
          13.638537034736357,
          52.44720904031882
        ]
      }
    },
    {
      "type": "Feature",
      "properties": {
        "name": "Bruno-Wille-Straße/ Müggelseedamm Fr GA",
        "info": "Bruno-Wille-Steig (Kaisersteg)",
        "category": "Grünanlage"
      },
      "geometry": {
        "type": "Point",
        "coordinates": [
          13.632847197985432,
          52.44682551482457
        ]
      }
    },
    {
      "type": "Feature",
      "properties": {
        "name": "Dahlwitzer Landstraße/ Hinter dem Kurpark I Fr GA",
        "info": "ohne waldähnlichen Teil - Gartendenkmal",
        "category": "Grünanlage"
      },
      "geometry": {
        "type": "Point",
        "coordinates": [
          13.62478407042203,
          52.459097601175216
        ]
      }
    },
    {
      "type": "Feature",
      "properties": {
        "name": "Dämeritzstraße/ Lindenstraße Ra GA",
        "info": "(6a/8-9)",
        "category": "Grünanlage"
      },
      "geometry": {
        "type": "Point",
        "coordinates": [
          13.72640197769921,
          52.42562471289267
        ]
      }
    },
    {
      "type": "Feature",
      "properties": {
        "name": "Krampenburger Weg 13 Mü GA",
        "info": "ehem.Friedhof und Uferbereich ( Ablage )",
        "category": "Grünanlage"
      },
      "geometry": {
        "type": "Point",
        "coordinates": [
          13.66325242418212,
          52.409537854417415
        ]
      }
    },
    {
      "type": "Feature",
      "properties": {
        "name": "Alt-Schmöckwitz/ Wendeschleife Sch GA",
        "info": "Dorfplatz",
        "category": "Grünanlage"
      },
      "geometry": {
        "type": "Point",
        "coordinates": [
          13.6494819665266,
          52.37475640476114
        ]
      }
    },
    {
      "type": "Feature",
      "properties": {
        "name": "Vetschauer Allee/ Platz 764 Sch GA",
        "info": "(6a/6-14)",
        "category": "Grünanlage"
      },
      "geometry": {
        "type": "Point",
        "coordinates": [
          13.635323671226875,
          52.39149771970642
        ]
      }
    },
    {
      "type": "Feature",
      "properties": {
        "name": "Biberpelzstraße/ Uferpromenade Ra GA",
        "info": "",
        "category": "Grünanlage"
      },
      "geometry": {
        "type": "Point",
        "coordinates": [
          13.7124051902784,
          52.42614797730846
        ]
      }
    },
    {
      "type": "Feature",
      "properties": {
        "name": "Kochelseestraße/ ehemaliger Friedhof Gr GA",
        "info": "Walchensee-,Kochel-,Ammerseestr.",
        "category": "Grünanlage"
      },
      "geometry": {
        "type": "Point",
        "coordinates": [
          13.576387255441169,
          52.41668683167898
        ]
      }
    },
    {
      "type": "Feature",
      "properties": {
        "name": "Sportpromenade 1 Gr GA",
        "info": "ehemal.Sportlerdenkmal (6a/6-3)",
        "category": "Grünanlage"
      },
      "geometry": {
        "type": "Point",
        "coordinates": [
          13.600726643084279,
          52.410660228875436
        ]
      }
    },
    {
      "type": "Feature",
      "properties": {
        "name": "Regattastraße 176/ Libboldallee Gr GA",
        "info": "(6a/6-12)",
        "category": "Grünanlage"
      },
      "geometry": {
        "type": "Point",
        "coordinates": [
          13.583707969725282,
          52.413767566674856
        ]
      }
    },
    {
      "type": "Feature",
      "properties": {
        "name": "Don-Ugoletti-Platz/ Kochelseestraße Gr GA",
        "info": "Kochelseestraße-Walchenseestraße-Regattastraße 110",
        "category": "Grünanlage"
      },
      "geometry": {
        "type": "Point",
        "coordinates": [
          13.577237473481539,
          52.41780982632716
        ]
      }
    },
    {
      "type": "Feature",
      "properties": {
        "name": "Schlierseestraße/ Uferpark Gr GA",
        "info": "",
        "category": "Grünanlage"
      },
      "geometry": {
        "type": "Point",
        "coordinates": [
          13.580041550640791,
          52.4227023009682
        ]
      }
    },
    {
      "type": "Feature",
      "properties": {
        "name": "Vetschauer Allee/ Rehfeldtstraße/ Karolinenhofweg Sch GA",
        "info": "Dorfanger",
        "category": "Grünanlage"
      },
      "geometry": {
        "type": "Point",
        "coordinates": [
          13.630503653870893,
          52.396595136079384
        ]
      }
    },
    {
      "type": "Feature",
      "properties": {
        "name": "Regattastraße 155 Gr GA",
        "info": "Dampferanlegestelle",
        "category": "Grünanlage"
      },
      "geometry": {
        "type": "Point",
        "coordinates": [
          13.582678109401472,
          52.41564744492645
        ]
      }
    },
    {
      "type": "Feature",
      "properties": {
        "name": "Möllhausenufer Köp GA",
        "info": "(6a/4-5)",
        "category": "Grünanlage"
      },
      "geometry": {
        "type": "Point",
        "coordinates": [
          13.595090055745937,
          52.41431372211471
        ]
      }
    },
    {
      "type": "Feature",
      "properties": {
        "name": "Lienhardweg/ Wendenschloßstraße Köp GA",
        "info": "Lienhardplatz (6a/4-4)",
        "category": "Grünanlage"
      },
      "geometry": {
        "type": "Point",
        "coordinates": [
          13.588175563049653,
          52.42185134419107
        ]
      }
    },
    {
      "type": "Feature",
      "properties": {
        "name": "Müggelheimer Damm/ Salvador-Allende-Straße Köp GA",
        "info": "Volkspark",
        "category": "Grünanlage"
      },
      "geometry": {
        "type": "Point",
        "coordinates": [
          13.590762780853828,
          52.440299409211676
        ]
      }
    },
    {
      "type": "Feature",
      "properties": {
        "name": "Odernheimer Straße 13 Mü GA",
        "info": "Biotop",
        "category": "Grünanlage"
      },
      "geometry": {
        "type": "Point",
        "coordinates": [
          13.662197648737573,
          52.41504363834995
        ]
      }
    },
    {
      "type": "Feature",
      "properties": {
        "name": "Wendenschloßstraße/ Am Amtsgraben Köp GA",
        "info": "Amtsgrabenverrohrung (6b/7-11)",
        "category": "Grünanlage"
      },
      "geometry": {
        "type": "Point",
        "coordinates": [
          13.589501474049916,
          52.4447009372783
        ]
      }
    },
    {
      "type": "Feature",
      "properties": {
        "name": "Wendenschloßstraße 35/ vor dem Seniorenheim Köp GA",
        "info": "",
        "category": "Grünanlage"
      },
      "geometry": {
        "type": "Point",
        "coordinates": [
          13.587078582244613,
          52.44482383176403
        ]
      }
    },
    {
      "type": "Feature",
      "properties": {
        "name": "Müggelheimer Straße/ Frauentog Köp GA",
        "info": "(6a/3-19)",
        "category": "Grünanlage"
      },
      "geometry": {
        "type": "Point",
        "coordinates": [
          13.575457178478429,
          52.44411264775632
        ]
      }
    },
    {
      "type": "Feature",
      "properties": {
        "name": "Landjägerstraße/ Amtswäldchen Köp GA",
        "info": "",
        "category": "Grünanlage"
      },
      "geometry": {
        "type": "Point",
        "coordinates": [
          13.582128226744759,
          52.445435610603006
        ]
      }
    },
    {
      "type": "Feature",
      "properties": {
        "name": "Salvador-Allende-Straße/ Uferpromenade Köp GA",
        "info": "",
        "category": "Grünanlage"
      },
      "geometry": {
        "type": "Point",
        "coordinates": [
          13.597289848033311,
          52.44927331387937
        ]
      }
    },
    {
      "type": "Feature",
      "properties": {
        "name": "Futranplatz Köp GA",
        "info": "(6a/3-9)",
        "category": "Grünanlage"
      },
      "geometry": {
        "type": "Point",
        "coordinates": [
          13.578531381683531,
          52.4468935646167
        ]
      }
    },
    {
      "type": "Feature",
      "properties": {
        "name": "Müggelheimer Straße/ Schloßinsel Köp GA",
        "info": "",
        "category": "Grünanlage"
      },
      "geometry": {
        "type": "Point",
        "coordinates": [
          13.572896595027212,
          52.44294466707929
        ]
      }
    },
    {
      "type": "Feature",
      "properties": {
        "name": "Kirchstraße/ Laurentiuskirchplatz Köp GA",
        "info": "Sonderfall  zur Pflege, Vertrag Stadt und Kirche",
        "category": "Grünanlage"
      },
      "geometry": {
        "type": "Point",
        "coordinates": [
          13.575676460688992,
          52.446960261464405
        ]
      }
    },
    {
      "type": "Feature",
      "properties": {
        "name": "Ernst-Grube-Straße/ S-Bhf. Spindlersfeld Köp GA",
        "info": "Bahnhofsvorplatz Spindlersfeld",
        "category": "Grünanlage"
      },
      "geometry": {
        "type": "Point",
        "coordinates": [
          13.562477258819056,
          52.44688465783671
        ]
      }
    },
    {
      "type": "Feature",
      "properties": {
        "name": "Eiselenweg 24 Köp GA",
        "info": "",
        "category": "Grünanlage"
      },
      "geometry": {
        "type": "Point",
        "coordinates": [
          13.561178879361776,
          52.45304093949694
        ]
      }
    },
    {
      "type": "Feature",
      "properties": {
        "name": "Lindenstraße/ Wuhlewanderweg Köp GA",
        "info": "Zwischen Lindenstraße und Hämmerlingstraße",
        "category": "Grünanlage"
      },
      "geometry": {
        "type": "Point",
        "coordinates": [
          13.568130037140705,
          52.455685621262774
        ]
      }
    },
    {
      "type": "Feature",
      "properties": {
        "name": "Lindenstraße/ Wuhlemündung Köp GA",
        "info": "incl. Wuhletalweg mit Radweg",
        "category": "Grünanlage"
      },
      "geometry": {
        "type": "Point",
        "coordinates": [
          13.566435341338154,
          52.45446687684805
        ]
      }
    },
    {
      "type": "Feature",
      "properties": {
        "name": "Bahnhofstraße/ Maria-Jankowski-Park Köp GA",
        "info": "ehem. Veteranenplatz",
        "category": "Grünanlage"
      },
      "geometry": {
        "type": "Point",
        "coordinates": [
          13.572436854996795,
          52.451904583752714
        ]
      }
    },
    {
      "type": "Feature",
      "properties": {
        "name": "Am Ernst-Grube-Park Köp GA",
        "info": "Ernst-Grube-Straße",
        "category": "Grünanlage"
      },
      "geometry": {
        "type": "Point",
        "coordinates": [
          13.56163511615599,
          52.451005636920186
        ]
      }
    },
    {
      "type": "Feature",
      "properties": {
        "name": "Platz des 23. April/ Am Generalshof Köp GA",
        "info": "",
        "category": "Grünanlage"
      },
      "geometry": {
        "type": "Point",
        "coordinates": [
          13.574270106911394,
          52.45126861608952
        ]
      }
    },
    {
      "type": "Feature",
      "properties": {
        "name": "Mentzelpark Köp GA",
        "info": "Mentzelstraße",
        "category": "Grünanlage"
      },
      "geometry": {
        "type": "Point",
        "coordinates": [
          13.56887367032485,
          52.448638302560326
        ]
      }
    },
    {
      "type": "Feature",
      "properties": {
        "name": "Friedrichshagener Straße/ Bellevuepark Köp GA",
        "info": "",
        "category": "Grünanlage"
      },
      "geometry": {
        "type": "Point",
        "coordinates": [
          13.584096574248614,
          52.453319297529426
        ]
      }
    },
    {
      "type": "Feature",
      "properties": {
        "name": "Ernst-Grube-Straße/ Eiselenweg Köp GA",
        "info": "Bucheneck (6a/5-9)",
        "category": "Grünanlage"
      },
      "geometry": {
        "type": "Point",
        "coordinates": [
          13.563528741397896,
          52.452657359011425
        ]
      }
    },
    {
      "type": "Feature",
      "properties": {
        "name": "An der Wuhlheide 161/ FEZ Festwiese Ob GA",
        "info": "mit Eingangsbereich Bhf. und altem Hauptweg",
        "category": "Grünanlage"
      },
      "geometry": {
        "type": "Point",
        "coordinates": [
          13.54627847232228,
          52.45922978148724
        ]
      }
    },
    {
      "type": "Feature",
      "properties": {
        "name": "An der Wuhlheide 161/ Volkspark Ob GA",
        "info": "Volkspark Wuhlheide",
        "category": "Grünanlage"
      },
      "geometry": {
        "type": "Point",
        "coordinates": [
          13.524162626329113,
          52.46621024613621
        ]
      }
    },
    {
      "type": "Feature",
      "properties": {
        "name": "Mentelinstraße Ob GA",
        "info": "Mentelinplatz (6a/10-2)",
        "category": "Grünanlage"
      },
      "geometry": {
        "type": "Point",
        "coordinates": [
          13.50941527458889,
          52.46985583830656
        ]
      }
    },
    {
      "type": "Feature",
      "properties": {
        "name": "Waldowstraße/ Treskowstraße Ob GA",
        "info": "Nähe Waldowplatz (6b/10-50)",
        "category": "Grünanlage"
      },
      "geometry": {
        "type": "Point",
        "coordinates": [
          13.533499687367524,
          52.46029811490887
        ]
      }
    },
    {
      "type": "Feature",
      "properties": {
        "name": "Griechische Allee Ob GA",
        "info": "Griechischer Park (6a/10-1)",
        "category": "Grünanlage"
      },
      "geometry": {
        "type": "Point",
        "coordinates": [
          13.519741250143035,
          52.46405098841943
        ]
      }
    },
    {
      "type": "Feature",
      "properties": {
        "name": "Karl-Ziegler-Straße/ Hermann-Dorner-Allee Ahof GA",
        "info": "Grünzug  Auf dem Oktogon (südwest) Fußgängerzone",
        "category": "Grünanlage"
      },
      "geometry": {
        "type": "Point",
        "coordinates": [
          13.520250926938841,
          52.43125583635492
        ]
      }
    },
    {
      "type": "Feature",
      "properties": {
        "name": "Köpenicker Landstraße/ Minna-Todenhagen-Straße Nie GA",
        "info": "alt: Köpenicker Landstraße 297/ Marggraffbrücke Ba GA",
        "category": "Grünanlage"
      },
      "geometry": {
        "type": "Point",
        "coordinates": [
          13.496998443476716,
          52.467956343828924
        ]
      }
    },
    {
      "type": "Feature",
      "properties": {
        "name": "Gerhard-Sedelmayr-Straße/ Naturerlebnisraum Jo GA",
        "info": "\"Felsen\" auf Sand Ehem. Flugfeld",
        "category": "Grünanlage"
      },
      "geometry": {
        "type": "Point",
        "coordinates": [
          13.522504270637604,
          52.43831148737525
        ]
      }
    },
    {
      "type": "Feature",
      "properties": {
        "name": "Mohnweg/ neben Schule Ag GA",
        "info": "Hügellandschaft",
        "category": "Grünanlage"
      },
      "geometry": {
        "type": "Point",
        "coordinates": [
          13.537346282760442,
          52.40738112416831
        ]
      }
    },
    {
      "type": "Feature",
      "properties": {
        "name": "Winckelmannplatz Jo GA",
        "info": "",
        "category": "Grünanlage"
      },
      "geometry": {
        "type": "Point",
        "coordinates": [
          13.506300217391942,
          52.437942231862465
        ]
      }
    },
    {
      "type": "Feature",
      "properties": {
        "name": "An der Wuhlheide 250-270/ Uferweg Ob GA",
        "info": "Mellowpark",
        "category": "Grünanlage"
      },
      "geometry": {
        "type": "Point",
        "coordinates": [
          13.562369061754136,
          52.45505783013337
        ]
      }
    },
    {
      "type": "Feature",
      "properties": {
        "name": "Mörikestraße Hinter Baumschulenstraße Ba KSP",
        "info": "Generationsüberg. hinter  VHS",
        "category": "Grünanlage"
      },
      "geometry": {
        "type": "Point",
        "coordinates": [
          13.484536723203952,
          52.46525832102795
        ]
      }
    },
    {
      "type": "Feature",
      "properties": {
        "name": "Neustrelitzer Str. 60-70 / Gensler Str. 24-32",
        "info": "",
        "category": "Grünanlage"
      },
      "geometry": {
        "type": "Point",
        "coordinates": [
          13.496454156137133,
          52.5367762819084
        ]
      }
    },
    {
      "type": "Feature",
      "properties": {
        "name": "Gensler Str. 18 / Ecke  Werneuchner Str.",
        "info": "",
        "category": "Grünanlage"
      },
      "geometry": {
        "type": "Point",
        "coordinates": [
          13.498347555830415,
          52.5388143622577
        ]
      }
    },
    {
      "type": "Feature",
      "properties": {
        "name": "Freienwalder Platz",
        "info": "",
        "category": "Grünanlage"
      },
      "geometry": {
        "type": "Point",
        "coordinates": [
          13.496185509100254,
          52.54224451701703
        ]
      }
    },
    {
      "type": "Feature",
      "properties": {
        "name": "Strausberger Platz / Grünanlage",
        "info": "",
        "category": "Grünanlage"
      },
      "geometry": {
        "type": "Point",
        "coordinates": [
          13.49212903203591,
          52.539493695104326
        ]
      }
    },
    {
      "type": "Feature",
      "properties": {
        "name": "Neustrelitzer Str.36-58 / Zechliner Str. 20-24",
        "info": "Stadtplatz (Fl.St. 269)",
        "category": "Grünanlage"
      },
      "geometry": {
        "type": "Point",
        "coordinates": [
          13.494906339188356,
          52.536955459405654
        ]
      }
    },
    {
      "type": "Feature",
      "properties": {
        "name": "Obersee Park",
        "info": "",
        "category": "Grünanlage"
      },
      "geometry": {
        "type": "Point",
        "coordinates": [
          13.489533236340348,
          52.547781081434564
        ]
      }
    },
    {
      "type": "Feature",
      "properties": {
        "name": "Bahnhofstr. / Grünzug",
        "info": "",
        "category": "Grünanlage"
      },
      "geometry": {
        "type": "Point",
        "coordinates": [
          13.49793611318177,
          52.545597472742884
        ]
      }
    },
    {
      "type": "Feature",
      "properties": {
        "name": "Roderichplatz",
        "info": "",
        "category": "Grünanlage"
      },
      "geometry": {
        "type": "Point",
        "coordinates": [
          13.52128125518953,
          52.552388476401866
        ]
      }
    },
    {
      "type": "Feature",
      "properties": {
        "name": "Wartenberger Str. /Grünanlage",
        "info": "",
        "category": "Grünanlage"
      },
      "geometry": {
        "type": "Point",
        "coordinates": [
          13.515134272269961,
          52.563269548262646
        ]
      }
    },
    {
      "type": "Feature",
      "properties": {
        "name": "Rüdickenstr. / Arminstr. / Graben 81",
        "info": "",
        "category": "Grünanlage"
      },
      "geometry": {
        "type": "Point",
        "coordinates": [
          13.503986435589491,
          52.56163556837473
        ]
      }
    },
    {
      "type": "Feature",
      "properties": {
        "name": "Ribnitzer Str. / Hohenschönhauser Weg / Grünanlage",
        "info": "",
        "category": "Grünanlage"
      },
      "geometry": {
        "type": "Point",
        "coordinates": [
          13.491881140687909,
          52.56778053239416
        ]
      }
    },
    {
      "type": "Feature",
      "properties": {
        "name": "Rohrpfuhl / Grünanlage",
        "info": "",
        "category": "Grünanlage"
      },
      "geometry": {
        "type": "Point",
        "coordinates": [
          13.524958153838446,
          52.570432834234836
        ]
      }
    },
    {
      "type": "Feature",
      "properties": {
        "name": "Flächen nördl. Zehnrutenweg",
        "info": "Falkenberger Feldmark 8",
        "category": "Grünanlage"
      },
      "geometry": {
        "type": "Point",
        "coordinates": [
          13.554534020555359,
          52.57841792547473
        ]
      }
    },
    {
      "type": "Feature",
      "properties": {
        "name": "Joachimsthaler Str. 12-16 / Biesenthaler Str.",
        "info": "",
        "category": "Grünanlage"
      },
      "geometry": {
        "type": "Point",
        "coordinates": [
          13.503989944534602,
          52.53728408505502
        ]
      }
    },
    {
      "type": "Feature",
      "properties": {
        "name": "Malchower Aue / Nähe Magaretenbrücke",
        "info": "",
        "category": "Grünanlage"
      },
      "geometry": {
        "type": "Point",
        "coordinates": [
          13.490546955359662,
          52.58031428344987
        ]
      }
    },
    {
      "type": "Feature",
      "properties": {
        "name": "Flächen südl. Dörferweg bis Hechtgraben",
        "info": "Wartenberger Feldmark",
        "category": "Grünanlage"
      },
      "geometry": {
        "type": "Point",
        "coordinates": [
          13.51273887500569,
          52.5796691229928
        ]
      }
    },
    {
      "type": "Feature",
      "properties": {
        "name": "Arendsweg 1",
        "info": "",
        "category": "Grünanlage"
      },
      "geometry": {
        "type": "Point",
        "coordinates": [
          13.505080975255181,
          52.535092642337396
        ]
      }
    },
    {
      "type": "Feature",
      "properties": {
        "name": "Neustrelitzer Str. 8-22 / Zechliner Str. 8-18",
        "info": "Stadtplatz",
        "category": "Grünanlage"
      },
      "geometry": {
        "type": "Point",
        "coordinates": [
          13.492034557998936,
          52.53652843600175
        ]
      }
    },
    {
      "type": "Feature",
      "properties": {
        "name": "Zingster Str. 66-80 / Am Berl 13-17 (Wäldchen)",
        "info": "",
        "category": "Grünanlage"
      },
      "geometry": {
        "type": "Point",
        "coordinates": [
          13.4982179436316,
          52.57451801883832
        ]
      }
    },
    {
      "type": "Feature",
      "properties": {
        "name": "Arendsweg / Grünzug \"Weiße Taube\"",
        "info": "",
        "category": "Grünanlage"
      },
      "geometry": {
        "type": "Point",
        "coordinates": [
          13.507013235657862,
          52.537498481549235
        ]
      }
    },
    {
      "type": "Feature",
      "properties": {
        "name": "Joachimsthaler  Str. 4-10 / Biesenthaler Str. 2-8",
        "info": "",
        "category": "Grünanlage"
      },
      "geometry": {
        "type": "Point",
        "coordinates": [
          13.501896006969195,
          52.537164210462464
        ]
      }
    },
    {
      "type": "Feature",
      "properties": {
        "name": "Warnitzer Bogen / GA",
        "info": "",
        "category": "Grünanlage"
      },
      "geometry": {
        "type": "Point",
        "coordinates": [
          13.519709085655906,
          52.567600777671565
        ]
      }
    },
    {
      "type": "Feature",
      "properties": {
        "name": "Zingster Str. / Vorplatz Schwimmhalle",
        "info": "Premium-Anlage",
        "category": "Grünanlage"
      },
      "geometry": {
        "type": "Point",
        "coordinates": [
          13.502622757921669,
          52.566101760846685
        ]
      }
    },
    {
      "type": "Feature",
      "properties": {
        "name": "Zingster Str. 58-64",
        "info": "",
        "category": "Grünanlage"
      },
      "geometry": {
        "type": "Point",
        "coordinates": [
          13.496722441282369,
          52.57315305261156
        ]
      }
    },
    {
      "type": "Feature",
      "properties": {
        "name": "Wustrower Str./Lärmschutzwall",
        "info": "",
        "category": "Grünanlage"
      },
      "geometry": {
        "type": "Point",
        "coordinates": [
          13.500942043799112,
          52.57456550046651
        ]
      }
    },
    {
      "type": "Feature",
      "properties": {
        "name": "Barther Pfuhl / Grünanlage",
        "info": "",
        "category": "Grünanlage"
      },
      "geometry": {
        "type": "Point",
        "coordinates": [
          13.499127550380226,
          52.56577848738468
        ]
      }
    },
    {
      "type": "Feature",
      "properties": {
        "name": "Grevesmühlener Str. 36/ alte Ruine ggü. \"Leo\"s Hütte/GA",
        "info": "",
        "category": "Grünanlage"
      },
      "geometry": {
        "type": "Point",
        "coordinates": [
          13.51843099524181,
          52.56992199363945
        ]
      }
    },
    {
      "type": "Feature",
      "properties": {
        "name": "Vincent van Gogh - Str. 33-41 / Grünanlage",
        "info": "",
        "category": "Grünanlage"
      },
      "geometry": {
        "type": "Point",
        "coordinates": [
          13.529099064198874,
          52.56389317156873
        ]
      }
    },
    {
      "type": "Feature",
      "properties": {
        "name": "Landsberger Allee 225/227 / Stadtplatz",
        "info": "",
        "category": "Grünanlage"
      },
      "geometry": {
        "type": "Point",
        "coordinates": [
          13.486120518186752,
          52.535182231945974
        ]
      }
    },
    {
      "type": "Feature",
      "properties": {
        "name": "Degner Platz",
        "info": "",
        "category": "Grünanlage"
      },
      "geometry": {
        "type": "Point",
        "coordinates": [
          13.495220447330372,
          52.545934956968345
        ]
      }
    },
    {
      "type": "Feature",
      "properties": {
        "name": "Orankesee Park u. Promenade Orankestrand",
        "info": "",
        "category": "Grünanlage"
      },
      "geometry": {
        "type": "Point",
        "coordinates": [
          13.480049953302897,
          52.54928678947486
        ]
      }
    },
    {
      "type": "Feature",
      "properties": {
        "name": "Landsberger Allee 227-253 / Grünzug dahinter",
        "info": "",
        "category": "Grünanlage"
      },
      "geometry": {
        "type": "Point",
        "coordinates": [
          13.488414954897385,
          52.535486867332615
        ]
      }
    },
    {
      "type": "Feature",
      "properties": {
        "name": "Oberseestr. 5-7",
        "info": "",
        "category": "Grünanlage"
      },
      "geometry": {
        "type": "Point",
        "coordinates": [
          13.483773537509572,
          52.547590683350265
        ]
      }
    },
    {
      "type": "Feature",
      "properties": {
        "name": "Altenhofer Dreieck / GA",
        "info": "",
        "category": "Grünanlage"
      },
      "geometry": {
        "type": "Point",
        "coordinates": [
          13.48139473330009,
          52.53395999592018
        ]
      }
    },
    {
      "type": "Feature",
      "properties": {
        "name": "Altenhofer Str. 1-19 / Mittelstr.",
        "info": "",
        "category": "Grünanlage"
      },
      "geometry": {
        "type": "Point",
        "coordinates": [
          13.48018440499654,
          52.53681259969445
        ]
      }
    },
    {
      "type": "Feature",
      "properties": {
        "name": "Konrad-Wolf-Str. 92",
        "info": "",
        "category": "Grünanlage"
      },
      "geometry": {
        "type": "Point",
        "coordinates": [
          13.486364046241336,
          52.540186498391655
        ]
      }
    },
    {
      "type": "Feature",
      "properties": {
        "name": "Altenhofer Str.40 / Landsberger Allee 221/223",
        "info": "",
        "category": "Grünanlage"
      },
      "geometry": {
        "type": "Point",
        "coordinates": [
          13.484688676423882,
          52.53533995164931
        ]
      }
    },
    {
      "type": "Feature",
      "properties": {
        "name": "Am Berl / Grünanlage",
        "info": "",
        "category": "Grünanlage"
      },
      "geometry": {
        "type": "Point",
        "coordinates": [
          13.498766315676752,
          52.57252109484283
        ]
      }
    },
    {
      "type": "Feature",
      "properties": {
        "name": "Hohenschönhauser Weg / Grünanlage (Kletterfelsen)",
        "info": "",
        "category": "Grünanlage"
      },
      "geometry": {
        "type": "Point",
        "coordinates": [
          13.490692798867196,
          52.567034507191075
        ]
      }
    },
    {
      "type": "Feature",
      "properties": {
        "name": "Wustrower Park",
        "info": "",
        "category": "Grünanlage"
      },
      "geometry": {
        "type": "Point",
        "coordinates": [
          13.505937134533536,
          52.56997020342781
        ]
      }
    },
    {
      "type": "Feature",
      "properties": {
        "name": "Hechtgraben / Grünanlage nördl. bis Schnitterinnenweg",
        "info": "",
        "category": "Grünanlage"
      },
      "geometry": {
        "type": "Point",
        "coordinates": [
          13.5069855503125,
          52.57863889464631
        ]
      }
    },
    {
      "type": "Feature",
      "properties": {
        "name": "Am Berl / Naturschutzfläche",
        "info": "",
        "category": "Grünanlage"
      },
      "geometry": {
        "type": "Point",
        "coordinates": [
          13.498446017355555,
          52.57147518589826
        ]
      }
    },
    {
      "type": "Feature",
      "properties": {
        "name": "Falkenberger Krugwiesen I / nördl.Teil / einfach",
        "info": "",
        "category": "Grünanlage"
      },
      "geometry": {
        "type": "Point",
        "coordinates": [
          13.538665463806037,
          52.567741313832876
        ]
      }
    },
    {
      "type": "Feature",
      "properties": {
        "name": "Zehnrutenweg",
        "info": "",
        "category": "Grünanlage"
      },
      "geometry": {
        "type": "Point",
        "coordinates": [
          13.544620652639162,
          52.580653952318265
        ]
      }
    },
    {
      "type": "Feature",
      "properties": {
        "name": "Liebenwalder Str.20/22 / Grünanlage an Schule",
        "info": "",
        "category": "Grünanlage"
      },
      "geometry": {
        "type": "Point",
        "coordinates": [
          13.500370730558425,
          52.537588532595905
        ]
      }
    },
    {
      "type": "Feature",
      "properties": {
        "name": "Liebenwalder Str. 2-10 / Arendsweg 3-17",
        "info": "Landsberger Allee 291-309",
        "category": "Grünanlage"
      },
      "geometry": {
        "type": "Point",
        "coordinates": [
          13.500833319199126,
          52.535730139833085
        ]
      }
    },
    {
      "type": "Feature",
      "properties": {
        "name": "Malchower Aue / NSG",
        "info": "",
        "category": "Grünanlage"
      },
      "geometry": {
        "type": "Point",
        "coordinates": [
          13.487725167502589,
          52.57996672658299
        ]
      }
    },
    {
      "type": "Feature",
      "properties": {
        "name": "Altenhofer Str. / Ecke Konrad-Wolf-Str. /",
        "info": "Steller Weg",
        "category": "Grünanlage"
      },
      "geometry": {
        "type": "Point",
        "coordinates": [
          13.479202633831616,
          52.535584180722374
        ]
      }
    },
    {
      "type": "Feature",
      "properties": {
        "name": "Darßer Straße / Grünanlage",
        "info": "(Schwarzer Weg)",
        "category": "Grünanlage"
      },
      "geometry": {
        "type": "Point",
        "coordinates": [
          13.496040075210267,
          52.563022327076744
        ]
      }
    },
    {
      "type": "Feature",
      "properties": {
        "name": "Konrad-Wolf-Str.21-22 / Manetstr. 84-86",
        "info": "",
        "category": "Grünanlage"
      },
      "geometry": {
        "type": "Point",
        "coordinates": [
          13.49295705987798,
          52.54463124180948
        ]
      }
    },
    {
      "type": "Feature",
      "properties": {
        "name": "Flächen zw. der B2 und der Ahornallee",
        "info": "",
        "category": "Grünanlage"
      },
      "geometry": {
        "type": "Point",
        "coordinates": [
          13.503785612687354,
          52.590106491038846
        ]
      }
    },
    {
      "type": "Feature",
      "properties": {
        "name": "Randowstr. 29 / Grünanlage",
        "info": "",
        "category": "Grünanlage"
      },
      "geometry": {
        "type": "Point",
        "coordinates": [
          13.522532791259023,
          52.56444482652784
        ]
      }
    },
    {
      "type": "Feature",
      "properties": {
        "name": "KGA \"Mageretenhöhe-Nord\" / Grünfläche bis",
        "info": "Stadtbezirksgrenze",
        "category": "Grünanlage"
      },
      "geometry": {
        "type": "Point",
        "coordinates": [
          13.48734299821307,
          52.58839456604563
        ]
      }
    },
    {
      "type": "Feature",
      "properties": {
        "name": "Barnimer Dörferweg (Malchow-Wartenberg)",
        "info": "",
        "category": "Grünanlage"
      },
      "geometry": {
        "type": "Point",
        "coordinates": [
          13.515152622061134,
          52.59227716399014
        ]
      }
    },
    {
      "type": "Feature",
      "properties": {
        "name": "Falkenberger Chaussee. / Egon-Erwin-Kisch Str.",
        "info": "Grünanlage am Bürgeramt",
        "category": "Grünanlage"
      },
      "geometry": {
        "type": "Point",
        "coordinates": [
          13.512854180782258,
          52.56722604083348
        ]
      }
    },
    {
      "type": "Feature",
      "properties": {
        "name": "Margaretenhöhe Nord / an der Ahornallee",
        "info": "",
        "category": "Grünanlage"
      },
      "geometry": {
        "type": "Point",
        "coordinates": [
          13.501538331701747,
          52.584090919467506
        ]
      }
    },
    {
      "type": "Feature",
      "properties": {
        "name": "Blankenburger Pflasterweg / Grünanlage",
        "info": "",
        "category": "Grünanlage"
      },
      "geometry": {
        "type": "Point",
        "coordinates": [
          13.483185403905622,
          52.58345215322129
        ]
      }
    },
    {
      "type": "Feature",
      "properties": {
        "name": "Quartierspark Neubrandenbg. Str./Grün",
        "info": "",
        "category": "Grünanlage"
      },
      "geometry": {
        "type": "Point",
        "coordinates": [
          13.509486304812174,
          52.57138204613755
        ]
      }
    },
    {
      "type": "Feature",
      "properties": {
        "name": "Luch Magaretenhöhe / Schutzgebiet",
        "info": "",
        "category": "Grünanlage"
      },
      "geometry": {
        "type": "Point",
        "coordinates": [
          13.498886508905652,
          52.5839602059192
        ]
      }
    },
    {
      "type": "Feature",
      "properties": {
        "name": "An der Margaretenhöhe / Fläche beidseitig der Straße",
        "info": "",
        "category": "Grünanlage"
      },
      "geometry": {
        "type": "Point",
        "coordinates": [
          13.501318893798134,
          52.578193097706595
        ]
      }
    },
    {
      "type": "Feature",
      "properties": {
        "name": "Küstriner Straße 11-14 / Ehrenmal",
        "info": "",
        "category": "Grünanlage"
      },
      "geometry": {
        "type": "Point",
        "coordinates": [
          13.489573071942662,
          52.540458511675155
        ]
      }
    },
    {
      "type": "Feature",
      "properties": {
        "name": "Köpenicker Chaussee 20 südlich",
        "info": "",
        "category": "Grünanlage"
      },
      "geometry": {
        "type": "Point",
        "coordinates": [
          13.499167563016613,
          52.48313299970613
        ]
      }
    },
    {
      "type": "Feature",
      "properties": {
        "name": "Nibelungenpark/ ggü. Hagenstr.28-32",
        "info": "",
        "category": "Grünanlage"
      },
      "geometry": {
        "type": "Point",
        "coordinates": [
          13.50165047834193,
          52.51733109302548
        ]
      }
    },
    {
      "type": "Feature",
      "properties": {
        "name": "Tierpark Friedrichsfelde",
        "info": "",
        "category": "Grünanlage"
      },
      "geometry": {
        "type": "Point",
        "coordinates": [
          13.53026445053239,
          52.50220652399876
        ]
      }
    },
    {
      "type": "Feature",
      "properties": {
        "name": "Herzbergstr. 79 / nördlich",
        "info": "",
        "category": "Grünanlage"
      },
      "geometry": {
        "type": "Point",
        "coordinates": [
          13.506368956903927,
          52.529899947583615
        ]
      }
    },
    {
      "type": "Feature",
      "properties": {
        "name": "Am Tierpark 70-78",
        "info": "",
        "category": "Grünanlage"
      },
      "geometry": {
        "type": "Point",
        "coordinates": [
          13.521980107687192,
          52.49630736878471
        ]
      }
    },
    {
      "type": "Feature",
      "properties": {
        "name": "Wilhelm-Guddorf-Str. 20-32",
        "info": "",
        "category": "Grünanlage"
      },
      "geometry": {
        "type": "Point",
        "coordinates": [
          13.478938677519464,
          52.509357949065034
        ]
      }
    },
    {
      "type": "Feature",
      "properties": {
        "name": "Wartiner Str. 40-50",
        "info": "",
        "category": "Grünanlage"
      },
      "geometry": {
        "type": "Point",
        "coordinates": [
          13.531769271310894,
          52.56687799655875
        ]
      }
    },
    {
      "type": "Feature",
      "properties": {
        "name": "Elli-Voigt-Str.15-20",
        "info": "",
        "category": "Grünanlage"
      },
      "geometry": {
        "type": "Point",
        "coordinates": [
          13.483000131503262,
          52.53067862530904
        ]
      }
    },
    {
      "type": "Feature",
      "properties": {
        "name": "Carlsgarten/3. BA",
        "info": "",
        "category": "Grünanlage"
      },
      "geometry": {
        "type": "Point",
        "coordinates": [
          13.531538874152076,
          52.472947436195454
        ]
      }
    },
    {
      "type": "Feature",
      "properties": {
        "name": "Ribnitzer Str. 45 / Darßer Str.",
        "info": "",
        "category": "Grünanlage"
      },
      "geometry": {
        "type": "Point",
        "coordinates": [
          13.493882179928223,
          52.56573567642835
        ]
      }
    },
    {
      "type": "Feature",
      "properties": {
        "name": "Fuß-und Radweg Am Berl",
        "info": "",
        "category": "Grünanlage"
      },
      "geometry": {
        "type": "Point",
        "coordinates": [
          13.49939062897535,
          52.57576692433588
        ]
      }
    },
    {
      "type": "Feature",
      "properties": {
        "name": "Seehausener Str. 34-44",
        "info": "",
        "category": "Grünanlage"
      },
      "geometry": {
        "type": "Point",
        "coordinates": [
          13.522137248367558,
          52.56252002061696
        ]
      }
    },
    {
      "type": "Feature",
      "properties": {
        "name": "Radweg Ahornallee",
        "info": "",
        "category": "Grünanlage"
      },
      "geometry": {
        "type": "Point",
        "coordinates": [
          13.500344949019718,
          52.589324212444176
        ]
      }
    },
    {
      "type": "Feature",
      "properties": {
        "name": "Traberweg zw. Lehndorffstr. u. Eginhardstr.",
        "info": "",
        "category": "Grünanlage"
      },
      "geometry": {
        "type": "Point",
        "coordinates": [
          13.521351489904,
          52.477678882211244
        ]
      }
    },
    {
      "type": "Feature",
      "properties": {
        "name": "Zu den Krugwiesen / V.v.Gogh-Str.",
        "info": "",
        "category": "Grünanlage"
      },
      "geometry": {
        "type": "Point",
        "coordinates": [
          13.527483027114453,
          52.56137264705208
        ]
      }
    },
    {
      "type": "Feature",
      "properties": {
        "name": "Biesenbrower Str. 58-72, Welsestr. 37-39",
        "info": "",
        "category": "Grünanlage"
      },
      "geometry": {
        "type": "Point",
        "coordinates": [
          13.527987500197558,
          52.56573877960576
        ]
      }
    },
    {
      "type": "Feature",
      "properties": {
        "name": "Paul-Junius-Str. 50-64",
        "info": "",
        "category": "Grünanlage"
      },
      "geometry": {
        "type": "Point",
        "coordinates": [
          13.476144412781581,
          52.526340118593694
        ]
      }
    },
    {
      "type": "Feature",
      "properties": {
        "name": "Grünzug zwischen Hagenower Ring  u.",
        "info": "Schweriner Ring",
        "category": "Grünanlage"
      },
      "geometry": {
        "type": "Point",
        "coordinates": [
          13.509893775374808,
          52.578706799239086
        ]
      }
    },
    {
      "type": "Feature",
      "properties": {
        "name": "Malchow Dorfstr. 36-38",
        "info": "",
        "category": "Grünanlage"
      },
      "geometry": {
        "type": "Point",
        "coordinates": [
          13.480082823307072,
          52.57869149867124
        ]
      }
    },
    {
      "type": "Feature",
      "properties": {
        "name": "Volkradstr. 22-32 / Passage / hochwertig",
        "info": "Premium-Anlage",
        "category": "Grünanlage"
      },
      "geometry": {
        "type": "Point",
        "coordinates": [
          13.505876747867529,
          52.500023813214945
        ]
      }
    },
    {
      "type": "Feature",
      "properties": {
        "name": "Gensinger Str. 62-114 (Grünanlage)",
        "info": "",
        "category": "Grünanlage"
      },
      "geometry": {
        "type": "Point",
        "coordinates": [
          13.53099753766485,
          52.51245221098609
        ]
      }
    },
    {
      "type": "Feature",
      "properties": {
        "name": "Grünzug zw. Gotlindestr. & Herzbergstr. 77",
        "info": "Geh- u. Radweg",
        "category": "Grünanlage"
      },
      "geometry": {
        "type": "Point",
        "coordinates": [
          13.505608343966767,
          52.51865479269401
        ]
      }
    },
    {
      "type": "Feature",
      "properties": {
        "name": "Fischerstr. / Lärmschutzwall",
        "info": "",
        "category": "Grünanlage"
      },
      "geometry": {
        "type": "Point",
        "coordinates": [
          13.491668815888847,
          52.499332735838
        ]
      }
    },
    {
      "type": "Feature",
      "properties": {
        "name": "Rüdickenstr. 22 (Grünanlage)",
        "info": "",
        "category": "Grünanlage"
      },
      "geometry": {
        "type": "Point",
        "coordinates": [
          13.506304273281707,
          52.56135006637363
        ]
      }
    },
    {
      "type": "Feature",
      "properties": {
        "name": "Gensinger Str. 56/hinter Sporthalle/GA",
        "info": "",
        "category": "Grünanlage"
      },
      "geometry": {
        "type": "Point",
        "coordinates": [
          13.525634026506806,
          52.51268789488753
        ]
      }
    },
    {
      "type": "Feature",
      "properties": {
        "name": "Quartierspark Mellenseestr. / GA",
        "info": "",
        "category": "Grünanlage"
      },
      "geometry": {
        "type": "Point",
        "coordinates": [
          13.509671736457202,
          52.49415593532066
        ]
      }
    },
    {
      "type": "Feature",
      "properties": {
        "name": "Grüne Trift / Radweg",
        "info": "",
        "category": "Grünanlage"
      },
      "geometry": {
        "type": "Point",
        "coordinates": [
          13.53670574746283,
          52.57576151224425
        ]
      }
    },
    {
      "type": "Feature",
      "properties": {
        "name": "Carlsgarten / 1. BA / Binnendüne / GA",
        "info": "",
        "category": "Grünanlage"
      },
      "geometry": {
        "type": "Point",
        "coordinates": [
          13.529450216966588,
          52.475014539847365
        ]
      }
    },
    {
      "type": "Feature",
      "properties": {
        "name": "Rummelsburger Bucht / G.-Holzmann-Str.",
        "info": "Hauptstr. 13",
        "category": "Grünanlage"
      },
      "geometry": {
        "type": "Point",
        "coordinates": [
          13.487695272999101,
          52.49145411292433
        ]
      }
    },
    {
      "type": "Feature",
      "properties": {
        "name": "Rummelsburger Bucht / Mittelpromenade",
        "info": "Premium-Anlage",
        "category": "Grünanlage"
      },
      "geometry": {
        "type": "Point",
        "coordinates": [
          13.486361058189875,
          52.49514530893062
        ]
      }
    },
    {
      "type": "Feature",
      "properties": {
        "name": "Robert-Siewert-Str. / Brehmstr.",
        "info": "",
        "category": "Grünanlage"
      },
      "geometry": {
        "type": "Point",
        "coordinates": [
          13.535364914883079,
          52.495008245947
        ]
      }
    },
    {
      "type": "Feature",
      "properties": {
        "name": "Dolgenseestr. 34-36 / Am Kraatz-Tränke-Graben",
        "info": "",
        "category": "Grünanlage"
      },
      "geometry": {
        "type": "Point",
        "coordinates": [
          13.502375977565597,
          52.49525510613143
        ]
      }
    },
    {
      "type": "Feature",
      "properties": {
        "name": "Baikalstr. 1-29",
        "info": "",
        "category": "Grünanlage"
      },
      "geometry": {
        "type": "Point",
        "coordinates": [
          13.503619986621771,
          52.50013082983841
        ]
      }
    },
    {
      "type": "Feature",
      "properties": {
        "name": "Zachertstr. / Einbecker Str. / U-Bahnhof",
        "info": "Friedrichsfelde",
        "category": "Grünanlage"
      },
      "geometry": {
        "type": "Point",
        "coordinates": [
          13.512793060288857,
          52.50597007118297
        ]
      }
    },
    {
      "type": "Feature",
      "properties": {
        "name": "Karl-Lade-Str. 25-55 / LA 132-152",
        "info": "",
        "category": "Grünanlage"
      },
      "geometry": {
        "type": "Point",
        "coordinates": [
          13.464711557811789,
          52.52948844460815
        ]
      }
    },
    {
      "type": "Feature",
      "properties": {
        "name": "Volkradstr. / Rummelsburger Str. / Hügelbeet",
        "info": "",
        "category": "Grünanlage"
      },
      "geometry": {
        "type": "Point",
        "coordinates": [
          13.510591265654364,
          52.5035661886429
        ]
      }
    },
    {
      "type": "Feature",
      "properties": {
        "name": "Rummelsburger Bucht / Uferweg / Hauptstr.-E.-Ihrer-Str.",
        "info": "",
        "category": "Grünanlage"
      },
      "geometry": {
        "type": "Point",
        "coordinates": [
          13.479229131964658,
          52.49796287000374
        ]
      }
    },
    {
      "type": "Feature",
      "properties": {
        "name": "Grenzgraben westlich Zentralfriedhof",
        "info": "",
        "category": "Grünanlage"
      },
      "geometry": {
        "type": "Point",
        "coordinates": [
          13.514420914051952,
          52.52317433609821
        ]
      }
    },
    {
      "type": "Feature",
      "properties": {
        "name": "Frankfurter Allee 188-192 / Grünanlage",
        "info": "",
        "category": "Grünanlage"
      },
      "geometry": {
        "type": "Point",
        "coordinates": [
          13.488561227300485,
          52.511260491726205
        ]
      }
    },
    {
      "type": "Feature",
      "properties": {
        "name": "Hönower Str. 30 / östlich der Kita",
        "info": "",
        "category": "Grünanlage"
      },
      "geometry": {
        "type": "Point",
        "coordinates": [
          13.522000034302197,
          52.48923323967158
        ]
      }
    },
    {
      "type": "Feature",
      "properties": {
        "name": "Ingelheimer Str. Stadtplatz",
        "info": "",
        "category": "Grünanlage"
      },
      "geometry": {
        "type": "Point",
        "coordinates": [
          13.529417225001584,
          52.48128967715949
        ]
      }
    },
    {
      "type": "Feature",
      "properties": {
        "name": "Wilhelm -Guddorf-Str. / Mauritiuskirchstr.",
        "info": "",
        "category": "Grünanlage"
      },
      "geometry": {
        "type": "Point",
        "coordinates": [
          13.477080063934109,
          52.51228923395148
        ]
      }
    },
    {
      "type": "Feature",
      "properties": {
        "name": "Paul-Junius-Str. 37-50 Grünanl. Wolfgangpfuhl",
        "info": "",
        "category": "Grünanlage"
      },
      "geometry": {
        "type": "Point",
        "coordinates": [
          13.47488569939571,
          52.52632209180759
        ]
      }
    },
    {
      "type": "Feature",
      "properties": {
        "name": "Zachertstr. / Rummelsburger Str.",
        "info": "",
        "category": "Grünanlage"
      },
      "geometry": {
        "type": "Point",
        "coordinates": [
          13.512504120028009,
          52.50517920411576
        ]
      }
    },
    {
      "type": "Feature",
      "properties": {
        "name": "Hönower Weg / Mellenseestr. 35-38",
        "info": "",
        "category": "Grünanlage"
      },
      "geometry": {
        "type": "Point",
        "coordinates": [
          13.512679046367596,
          52.4918582067963
        ]
      }
    },
    {
      "type": "Feature",
      "properties": {
        "name": "Köpitzer Str. 5-19 / Charlottenstr. 2-20 /",
        "info": "Schlossachse",
        "category": "Grünanlage"
      },
      "geometry": {
        "type": "Point",
        "coordinates": [
          13.521933815106635,
          52.50778796521556
        ]
      }
    },
    {
      "type": "Feature",
      "properties": {
        "name": "Wilhelm-Guddorf-Str. 6-32 / Grünzu dahinter",
        "info": "",
        "category": "Grünanlage"
      },
      "geometry": {
        "type": "Point",
        "coordinates": [
          13.47649210986171,
          52.51078307495901
        ]
      }
    },
    {
      "type": "Feature",
      "properties": {
        "name": "Ilsestr. / Grünfläche an KGA \"Gute Hoffnung\"",
        "info": "",
        "category": "Grünanlage"
      },
      "geometry": {
        "type": "Point",
        "coordinates": [
          13.520197489908158,
          52.49080055366517
        ]
      }
    },
    {
      "type": "Feature",
      "properties": {
        "name": "Treskowallee / Wandlitzstr. /",
        "info": "Hermann-Duncker-Denkmal",
        "category": "Grünanlage"
      },
      "geometry": {
        "type": "Point",
        "coordinates": [
          13.52462392421795,
          52.48077404384894
        ]
      }
    },
    {
      "type": "Feature",
      "properties": {
        "name": "Rummelsburger Str. 13 / Gesundheitszentrum",
        "info": "",
        "category": "Grünanlage"
      },
      "geometry": {
        "type": "Point",
        "coordinates": [
          13.512207869074972,
          52.504568711879365
        ]
      }
    },
    {
      "type": "Feature",
      "properties": {
        "name": "Rosenfelder Ring 18 / Alt Friedrichsfelde 115",
        "info": "Löwenberger Str. 2-4",
        "category": "Grünanlage"
      },
      "geometry": {
        "type": "Point",
        "coordinates": [
          13.509194492568326,
          52.510984318980874
        ]
      }
    },
    {
      "type": "Feature",
      "properties": {
        "name": "Sewanstr. / Schwimmhalle",
        "info": "",
        "category": "Grünanlage"
      },
      "geometry": {
        "type": "Point",
        "coordinates": [
          13.5153588712136,
          52.49547153175195
        ]
      }
    },
    {
      "type": "Feature",
      "properties": {
        "name": "Rathausstr. / Rudolf-Reusch-Str.1-3",
        "info": "",
        "category": "Grünanlage"
      },
      "geometry": {
        "type": "Point",
        "coordinates": [
          13.48123791023667,
          52.51510704833093
        ]
      }
    },
    {
      "type": "Feature",
      "properties": {
        "name": "Schulze-Boysen-Str. / Brunnenanlage",
        "info": "",
        "category": "Grünanlage"
      },
      "geometry": {
        "type": "Point",
        "coordinates": [
          13.482467937822777,
          52.51186110498563
        ]
      }
    },
    {
      "type": "Feature",
      "properties": {
        "name": "Sewanstr. 209-219 / Balatonstr. Nr. 50",
        "info": "",
        "category": "Grünanlage"
      },
      "geometry": {
        "type": "Point",
        "coordinates": [
          13.514347280880244,
          52.49623917647186
        ]
      }
    },
    {
      "type": "Feature",
      "properties": {
        "name": "Hönower Weg / Mellenseestr. 45 - 50",
        "info": "",
        "category": "Grünanlage"
      },
      "geometry": {
        "type": "Point",
        "coordinates": [
          13.515055787581524,
          52.49225298680707
        ]
      }
    },
    {
      "type": "Feature",
      "properties": {
        "name": "Sewanstr. 124-130 / Dolgenseestr.",
        "info": "",
        "category": "Grünanlage"
      },
      "geometry": {
        "type": "Point",
        "coordinates": [
          13.506585108165714,
          52.49679455854706
        ]
      }
    },
    {
      "type": "Feature",
      "properties": {
        "name": "Erieseering/ Promenade",
        "info": "",
        "category": "Grünanlage"
      },
      "geometry": {
        "type": "Point",
        "coordinates": [
          13.518404331417955,
          52.49664759464405
        ]
      }
    },
    {
      "type": "Feature",
      "properties": {
        "name": "Huronseestr. / Am Kraatzgraben",
        "info": "",
        "category": "Grünanlage"
      },
      "geometry": {
        "type": "Point",
        "coordinates": [
          13.49667448857582,
          52.49615606150078
        ]
      }
    },
    {
      "type": "Feature",
      "properties": {
        "name": "Rudolf-Seiffert-Str. / Grünzug",
        "info": "",
        "category": "Grünanlage"
      },
      "geometry": {
        "type": "Point",
        "coordinates": [
          13.47221605093475,
          52.52536608939465
        ]
      }
    },
    {
      "type": "Feature",
      "properties": {
        "name": "Volkradstr. / östl. am Kraatzgraben bis Märkische Aue",
        "info": "",
        "category": "Grünanlage"
      },
      "geometry": {
        "type": "Point",
        "coordinates": [
          13.510309557460054,
          52.50016442861652
        ]
      }
    },
    {
      "type": "Feature",
      "properties": {
        "name": "Rudolf-Seiffert-Str. Hof 6-24",
        "info": "",
        "category": "Grünanlage"
      },
      "geometry": {
        "type": "Point",
        "coordinates": [
          13.468928778506184,
          52.52628457577159
        ]
      }
    },
    {
      "type": "Feature",
      "properties": {
        "name": "Otto-Marquard-Str. / Grünzug",
        "info": "",
        "category": "Grünanlage"
      },
      "geometry": {
        "type": "Point",
        "coordinates": [
          13.469285948178605,
          52.533205634225666
        ]
      }
    },
    {
      "type": "Feature",
      "properties": {
        "name": "Alfred-Jung-Str. hinter 16-22",
        "info": "",
        "category": "Grünanlage"
      },
      "geometry": {
        "type": "Point",
        "coordinates": [
          13.4772293544146,
          52.52504416279811
        ]
      }
    },
    {
      "type": "Feature",
      "properties": {
        "name": "Bernhard-Bästlein-Str.5",
        "info": "",
        "category": "Grünanlage"
      },
      "geometry": {
        "type": "Point",
        "coordinates": [
          13.481472681287377,
          52.52859999364212
        ]
      }
    },
    {
      "type": "Feature",
      "properties": {
        "name": "Paul-Junius-Str.29 - 45",
        "info": "",
        "category": "Grünanlage"
      },
      "geometry": {
        "type": "Point",
        "coordinates": [
          13.475091777113525,
          52.52452984467844
        ]
      }
    },
    {
      "type": "Feature",
      "properties": {
        "name": "Lincolnstr. 25-27",
        "info": "",
        "category": "Grünanlage"
      },
      "geometry": {
        "type": "Point",
        "coordinates": [
          13.505715495460736,
          52.507539899746305
        ]
      }
    },
    {
      "type": "Feature",
      "properties": {
        "name": "Rudolf-Seiffert-Str. ggü. Nr. 26-28",
        "info": "",
        "category": "Grünanlage"
      },
      "geometry": {
        "type": "Point",
        "coordinates": [
          13.470127238376488,
          52.52712163657708
        ]
      }
    },
    {
      "type": "Feature",
      "properties": {
        "name": "Rosenfelder Ring 15 ggü. 145-147, bis 29",
        "info": "",
        "category": "Grünanlage"
      },
      "geometry": {
        "type": "Point",
        "coordinates": [
          13.510173559667335,
          52.51166613023865
        ]
      }
    },
    {
      "type": "Feature",
      "properties": {
        "name": "Rosenfelder Ring ggü. 28-32",
        "info": "",
        "category": "Grünanlage"
      },
      "geometry": {
        "type": "Point",
        "coordinates": [
          13.511827707231143,
          52.51140496938241
        ]
      }
    },
    {
      "type": "Feature",
      "properties": {
        "name": "Am Tierpark 9-17 / Köpitzerstr. 13-19",
        "info": "(Maulbeerbaumwäldchen)",
        "category": "Grünanlage"
      },
      "geometry": {
        "type": "Point",
        "coordinates": [
          13.52082335775645,
          52.50767594109804
        ]
      }
    },
    {
      "type": "Feature",
      "properties": {
        "name": "Einbecker Str.113 (Hof)",
        "info": "",
        "category": "Grünanlage"
      },
      "geometry": {
        "type": "Point",
        "coordinates": [
          13.51305281236012,
          52.50652963466431
        ]
      }
    },
    {
      "type": "Feature",
      "properties": {
        "name": "Herzbergstr. 80 / Grünzug ehem. Zeltlager",
        "info": "",
        "category": "Grünanlage"
      },
      "geometry": {
        "type": "Point",
        "coordinates": [
          13.503732654663848,
          52.531132022815484
        ]
      }
    },
    {
      "type": "Feature",
      "properties": {
        "name": "Gutspark Falkenberg / Dorfstraße Falkenberg",
        "info": "",
        "category": "Grünanlage"
      },
      "geometry": {
        "type": "Point",
        "coordinates": [
          13.540245975808327,
          52.57015148246315
        ]
      }
    },
    {
      "type": "Feature",
      "properties": {
        "name": "Tasdorfer Str. 45-46 / Grünanlage neben Sporthalle",
        "info": "",
        "category": "Grünanlage"
      },
      "geometry": {
        "type": "Point",
        "coordinates": [
          13.47806284550003,
          52.50841847128806
        ]
      }
    },
    {
      "type": "Feature",
      "properties": {
        "name": "Ahrensfelder Chaussee 41 /Grünanlage",
        "info": "hinter Gymnasium",
        "category": "Grünanlage"
      },
      "geometry": {
        "type": "Point",
        "coordinates": [
          13.55039208127456,
          52.56947175790694
        ]
      }
    },
    {
      "type": "Feature",
      "properties": {
        "name": "Gehrensee-Park / einfach / Grünanlage",
        "info": "",
        "category": "Grünanlage"
      },
      "geometry": {
        "type": "Point",
        "coordinates": [
          13.564469161334905,
          52.57733334736541
        ]
      }
    },
    {
      "type": "Feature",
      "properties": {
        "name": "Falkenberger Krugwiesen II / südl.Teil / üblich",
        "info": "",
        "category": "Grünanlage"
      },
      "geometry": {
        "type": "Point",
        "coordinates": [
          13.5315342475318,
          52.55961255576399
        ]
      }
    },
    {
      "type": "Feature",
      "properties": {
        "name": "Vincent-van-Gogh-Str. 43-47 / Grünanlage",
        "info": "",
        "category": "Grünanlage"
      },
      "geometry": {
        "type": "Point",
        "coordinates": [
          13.52887719895746,
          52.56227143751786
        ]
      }
    },
    {
      "type": "Feature",
      "properties": {
        "name": "Hagenower Ring / Kirschplantage",
        "info": "",
        "category": "Grünanlage"
      },
      "geometry": {
        "type": "Point",
        "coordinates": [
          13.503715619733127,
          52.57741826038047
        ]
      }
    },
    {
      "type": "Feature",
      "properties": {
        "name": "Rummelsburger Bucht / Wasserstadt (Anger)",
        "info": "",
        "category": "Grünanlage"
      },
      "geometry": {
        "type": "Point",
        "coordinates": [
          13.476810949934539,
          52.5001816078539
        ]
      }
    },
    {
      "type": "Feature",
      "properties": {
        "name": "Moldaustr.39-55/Grünzug hint.Upstallweg",
        "info": "",
        "category": "Grünanlage"
      },
      "geometry": {
        "type": "Point",
        "coordinates": [
          13.516063528783452,
          52.498718457387255
        ]
      }
    },
    {
      "type": "Feature",
      "properties": {
        "name": "Erich-Kurz-Str. 2-4/Grün am Tränkegraben",
        "info": "",
        "category": "Grünanlage"
      },
      "geometry": {
        "type": "Point",
        "coordinates": [
          13.51829659439005,
          52.49948798126533
        ]
      }
    },
    {
      "type": "Feature",
      "properties": {
        "name": "Grünfläche an KGA Stallwiese",
        "info": "",
        "category": "Grünanlage"
      },
      "geometry": {
        "type": "Point",
        "coordinates": [
          13.518330153582523,
          52.47721855126552
        ]
      }
    },
    {
      "type": "Feature",
      "properties": {
        "name": "Anton-Saefkow-Platz Senkgarten I",
        "info": "Premium-Anlage",
        "category": "Grünanlage"
      },
      "geometry": {
        "type": "Point",
        "coordinates": [
          13.471540666928979,
          52.530388870085005
        ]
      }
    },
    {
      "type": "Feature",
      "properties": {
        "name": "Stadthausstr. / Türrschmidtstr.",
        "info": "Premium-Anlage",
        "category": "Grünanlage"
      },
      "geometry": {
        "type": "Point",
        "coordinates": [
          13.481679352202253,
          52.50303135496102
        ]
      }
    },
    {
      "type": "Feature",
      "properties": {
        "name": "Franz-Jacob-Str. 33 / Grünanlage",
        "info": "",
        "category": "Grünanlage"
      },
      "geometry": {
        "type": "Point",
        "coordinates": [
          13.468867687994413,
          52.529983396215485
        ]
      }
    },
    {
      "type": "Feature",
      "properties": {
        "name": "Huronseestr. zw. Nr. 78-82 u. 29-39",
        "info": "",
        "category": "Grünanlage"
      },
      "geometry": {
        "type": "Point",
        "coordinates": [
          13.497154613222015,
          52.49739073094224
        ]
      }
    },
    {
      "type": "Feature",
      "properties": {
        "name": "Marzahner Ch./an KGA \"Akazienwäldchen/GA",
        "info": "",
        "category": "Grünanlage"
      },
      "geometry": {
        "type": "Point",
        "coordinates": [
          13.52312573814499,
          52.51120537864379
        ]
      }
    },
    {
      "type": "Feature",
      "properties": {
        "name": "Salzmannstr. 29-33 / Dolgenseestr. / GA",
        "info": "",
        "category": "Grünanlage"
      },
      "geometry": {
        "type": "Point",
        "coordinates": [
          13.499367763563791,
          52.496697481731545
        ]
      }
    },
    {
      "type": "Feature",
      "properties": {
        "name": "Hönower Weg/ südl. hinter Dolgenseestr.15-18/GA",
        "info": "",
        "category": "Grünanlage"
      },
      "geometry": {
        "type": "Point",
        "coordinates": [
          13.508976852435643,
          52.492038812998665
        ]
      }
    },
    {
      "type": "Feature",
      "properties": {
        "name": "Sewanstr. 263-273 / Otto-Schmirgalstr. 8 / Grünanl",
        "info": "",
        "category": "Grünanlage"
      },
      "geometry": {
        "type": "Point",
        "coordinates": [
          13.520883719688824,
          52.49649250628294
        ]
      }
    },
    {
      "type": "Feature",
      "properties": {
        "name": "Frankfurter  Allee 178-186 / Grünanlage",
        "info": "",
        "category": "Grünanlage"
      },
      "geometry": {
        "type": "Point",
        "coordinates": [
          13.485992415746123,
          52.51161512083217
        ]
      }
    },
    {
      "type": "Feature",
      "properties": {
        "name": "Moldaustr. 2-37 /Kraatzgraben",
        "info": "",
        "category": "Grünanlage"
      },
      "geometry": {
        "type": "Point",
        "coordinates": [
          13.51120670697055,
          52.49978889210328
        ]
      }
    },
    {
      "type": "Feature",
      "properties": {
        "name": "Hendrichplatz südl.",
        "info": "",
        "category": "Grünanlage"
      },
      "geometry": {
        "type": "Point",
        "coordinates": [
          13.484175252845334,
          52.51926942055961
        ]
      }
    },
    {
      "type": "Feature",
      "properties": {
        "name": "Treue Herzenspfuhl / Grünanlage",
        "info": "Nähe Schweriner Ring",
        "category": "Grünanlage"
      },
      "geometry": {
        "type": "Point",
        "coordinates": [
          13.512401384071222,
          52.576814007945174
        ]
      }
    },
    {
      "type": "Feature",
      "properties": {
        "name": "Dorfstr. 19 a-f / Wartenberg",
        "info": "",
        "category": "Grünanlage"
      },
      "geometry": {
        "type": "Point",
        "coordinates": [
          13.522495444870632,
          52.574657019668614
        ]
      }
    },
    {
      "type": "Feature",
      "properties": {
        "name": "Sewanstr. 44-54 / Michiganseestr. 1-5",
        "info": "",
        "category": "Grünanlage"
      },
      "geometry": {
        "type": "Point",
        "coordinates": [
          13.50211251533328,
          52.497148365141896
        ]
      }
    },
    {
      "type": "Feature",
      "properties": {
        "name": "Krummer Pfuhl / Grünanlage",
        "info": "Südlich Ernst-Barlach-Str. 11",
        "category": "Grünanlage"
      },
      "geometry": {
        "type": "Point",
        "coordinates": [
          13.510770997585102,
          52.57451937433207
        ]
      }
    },
    {
      "type": "Feature",
      "properties": {
        "name": "Gutspark Falkenberg / Große Weite",
        "info": "",
        "category": "Grünanlage"
      },
      "geometry": {
        "type": "Point",
        "coordinates": [
          13.541431537851777,
          52.5719957931991
        ]
      }
    },
    {
      "type": "Feature",
      "properties": {
        "name": "Salzmannstr. (südl.) 35 - 39",
        "info": "",
        "category": "Grünanlage"
      },
      "geometry": {
        "type": "Point",
        "coordinates": [
          13.500273548165243,
          52.49656406237852
        ]
      }
    },
    {
      "type": "Feature",
      "properties": {
        "name": "Erich-Kurz-Str. 9-11 / Upstallweg",
        "info": "",
        "category": "Grünanlage"
      },
      "geometry": {
        "type": "Point",
        "coordinates": [
          13.520101215616913,
          52.498058998104625
        ]
      }
    },
    {
      "type": "Feature",
      "properties": {
        "name": "Upstallweg / Osterwäldchen",
        "info": "",
        "category": "Grünanlage"
      },
      "geometry": {
        "type": "Point",
        "coordinates": [
          13.516452196270178,
          52.49735782906273
        ]
      }
    },
    {
      "type": "Feature",
      "properties": {
        "name": "Am Gutshof Wartenberg",
        "info": "",
        "category": "Grünanlage"
      },
      "geometry": {
        "type": "Point",
        "coordinates": [
          13.514911353742203,
          52.57382806328392
        ]
      }
    },
    {
      "type": "Feature",
      "properties": {
        "name": "Straße 6 Nr. 23-31 / Grünlage",
        "info": "",
        "category": "Grünanlage"
      },
      "geometry": {
        "type": "Point",
        "coordinates": [
          13.534910537208667,
          52.588248813676536
        ]
      }
    },
    {
      "type": "Feature",
      "properties": {
        "name": "Malchower See Park / Flächen um den See herum",
        "info": "",
        "category": "Grünanlage"
      },
      "geometry": {
        "type": "Point",
        "coordinates": [
          13.492751035569245,
          52.57483635852096
        ]
      }
    },
    {
      "type": "Feature",
      "properties": {
        "name": "Straße 2 / Straße 6 Nr. 32 /  Grünanlage",
        "info": "",
        "category": "Grünanlage"
      },
      "geometry": {
        "type": "Point",
        "coordinates": [
          13.534078403776022,
          52.58823112768924
        ]
      }
    },
    {
      "type": "Feature",
      "properties": {
        "name": "Rummelsburger Bucht / G.-Holzmann-Str. 10",
        "info": "",
        "category": "Grünanlage"
      },
      "geometry": {
        "type": "Point",
        "coordinates": [
          13.487046981729572,
          52.49225670882295
        ]
      }
    },
    {
      "type": "Feature",
      "properties": {
        "name": "Rhinstr. 87 - 101 / Grünfläche am Graben",
        "info": "",
        "category": "Grünanlage"
      },
      "geometry": {
        "type": "Point",
        "coordinates": [
          13.517145369579756,
          52.527764770162676
        ]
      }
    },
    {
      "type": "Feature",
      "properties": {
        "name": "Strausberger Str. / Reichenberger Str",
        "info": "",
        "category": "Grünanlage"
      },
      "geometry": {
        "type": "Point",
        "coordinates": [
          13.4888380222681,
          52.540644387354305
        ]
      }
    },
    {
      "type": "Feature",
      "properties": {
        "name": "Blockpark zw. Lückstr. u. Fischerstr.",
        "info": "",
        "category": "Grünanlage"
      },
      "geometry": {
        "type": "Point",
        "coordinates": [
          13.489816577740845,
          52.500885425663924
        ]
      }
    },
    {
      "type": "Feature",
      "properties": {
        "name": "Gensinger Straße  37-49 (Grünzug)",
        "info": "",
        "category": "Grünanlage"
      },
      "geometry": {
        "type": "Point",
        "coordinates": [
          13.535243609172438,
          52.51324489599613
        ]
      }
    },
    {
      "type": "Feature",
      "properties": {
        "name": "Rummelsburgerstr. 47,49,51",
        "info": "",
        "category": "Grünanlage"
      },
      "geometry": {
        "type": "Point",
        "coordinates": [
          13.50376989278494,
          52.50124294779133
        ]
      }
    },
    {
      "type": "Feature",
      "properties": {
        "name": "Grünzug zw. Zentralfriedhof & Lindenhof",
        "info": "",
        "category": "Grünanlage"
      },
      "geometry": {
        "type": "Point",
        "coordinates": [
          13.509446019542978,
          52.516408244805014
        ]
      }
    },
    {
      "type": "Feature",
      "properties": {
        "name": "verlängerte Gudrunstr. zw. KGA Bielefeld u.KGA Friedrichsfelde Nord",
        "info": "",
        "category": "Grünanlage"
      },
      "geometry": {
        "type": "Point",
        "coordinates": [
          13.51360510696306,
          52.5149387702876
        ]
      }
    },
    {
      "type": "Feature",
      "properties": {
        "name": "Zwieseler Str. / Kötzinger Str.",
        "info": "",
        "category": "Grünanlage"
      },
      "geometry": {
        "type": "Point",
        "coordinates": [
          13.537934390709436,
          52.4966383087119
        ]
      }
    },
    {
      "type": "Feature",
      "properties": {
        "name": "Wartenberger/Falkenberger Luch / westl. KGA 'Am Hechtgraben'",
        "info": "",
        "category": "Grünanlage"
      },
      "geometry": {
        "type": "Point",
        "coordinates": [
          13.527340246665162,
          52.57297566342834
        ]
      }
    },
    {
      "type": "Feature",
      "properties": {
        "name": "Ahrenshooper Str. 50-52 (Quatierspark)",
        "info": "",
        "category": "Grünanlage"
      },
      "geometry": {
        "type": "Point",
        "coordinates": [
          13.502391708022012,
          52.569504211187244
        ]
      }
    },
    {
      "type": "Feature",
      "properties": {
        "name": "Arnimstr. / östl. KGA \"Feierabend\"",
        "info": "",
        "category": "Grünanlage"
      },
      "geometry": {
        "type": "Point",
        "coordinates": [
          13.522840142957412,
          52.55679901502959
        ]
      }
    },
    {
      "type": "Feature",
      "properties": {
        "name": "Zingster Str. / Wendeschleife",
        "info": "",
        "category": "Grünanlage"
      },
      "geometry": {
        "type": "Point",
        "coordinates": [
          13.49400520655635,
          52.57332888495295
        ]
      }
    },
    {
      "type": "Feature",
      "properties": {
        "name": "Sewanstr. 233-241",
        "info": "",
        "category": "Grünanlage"
      },
      "geometry": {
        "type": "Point",
        "coordinates": [
          13.51526633206811,
          52.49440570822806
        ]
      }
    },
    {
      "type": "Feature",
      "properties": {
        "name": "Wege an den Falkenbg. Rieselfeldern nördl. Stadtbez.Grenze",
        "info": "",
        "category": "Grünanlage"
      },
      "geometry": {
        "type": "Point",
        "coordinates": [
          13.554564272087635,
          52.58265663473491
        ]
      }
    },
    {
      "type": "Feature",
      "properties": {
        "name": "Malchow Dorfstr. 48-51",
        "info": "Weg Malchower Gärten",
        "category": "Grünanlage"
      },
      "geometry": {
        "type": "Point",
        "coordinates": [
          13.48071862602989,
          52.573515527063414
        ]
      }
    },
    {
      "type": "Feature",
      "properties": {
        "name": "Hönower Weg / hinter Sewanstr. 240-256",
        "info": "",
        "category": "Grünanlage"
      },
      "geometry": {
        "type": "Point",
        "coordinates": [
          13.51709480779452,
          52.492759030944946
        ]
      }
    },
    {
      "type": "Feature",
      "properties": {
        "name": "Wartenberger Str./ am Mühlengrundteich I",
        "info": "in KGA \"Mühlengrund\"",
        "category": "Grünanlage"
      },
      "geometry": {
        "type": "Point",
        "coordinates": [
          13.508236216606676,
          52.554308603296995
        ]
      }
    },
    {
      "type": "Feature",
      "properties": {
        "name": "Allee der Kosmonauten 20 u. 21/ Herzberge",
        "info": "",
        "category": "Grünanlage"
      },
      "geometry": {
        "type": "Point",
        "coordinates": [
          13.507526422563457,
          52.52421168493966
        ]
      }
    },
    {
      "type": "Feature",
      "properties": {
        "name": "Str.142 Nr. 24 / am Teich KGALand in Sonne",
        "info": "",
        "category": "Grünanlage"
      },
      "geometry": {
        "type": "Point",
        "coordinates": [
          13.506582131217689,
          52.555882916161444
        ]
      }
    },
    {
      "type": "Feature",
      "properties": {
        "name": "Rummelsburger Str. / Volkradstr.",
        "info": "",
        "category": "Grünanlage"
      },
      "geometry": {
        "type": "Point",
        "coordinates": [
          13.504980306730458,
          52.501474761781665
        ]
      }
    },
    {
      "type": "Feature",
      "properties": {
        "name": "Leuenberger Str. ggü. 4-10",
        "info": "",
        "category": "Grünanlage"
      },
      "geometry": {
        "type": "Point",
        "coordinates": [
          13.502212399497076,
          52.54852496995225
        ]
      }
    },
    {
      "type": "Feature",
      "properties": {
        "name": "Feldtmannstr. 49-61 / Grünzug",
        "info": "ehem. Industriebahn (NEB)",
        "category": "Grünanlage"
      },
      "geometry": {
        "type": "Point",
        "coordinates": [
          13.487416904039835,
          52.56132855906837
        ]
      }
    },
    {
      "type": "Feature",
      "properties": {
        "name": "Rummelsburger Bucht / Interimslösung",
        "info": "Berlin Campus",
        "category": "Grünanlage"
      },
      "geometry": {
        "type": "Point",
        "coordinates": [
          13.486969239570119,
          52.49320091932188
        ]
      }
    },
    {
      "type": "Feature",
      "properties": {
        "name": "Rummelsburger Bucht / Uferweg / BerlinCampus",
        "info": "",
        "category": "Grünanlage"
      },
      "geometry": {
        "type": "Point",
        "coordinates": [
          13.483775790285895,
          52.493671839552576
        ]
      }
    },
    {
      "type": "Feature",
      "properties": {
        "name": "Quartierspark Randowstr. 11-13 / Grünanl",
        "info": "",
        "category": "Grünanlage"
      },
      "geometry": {
        "type": "Point",
        "coordinates": [
          13.526076786065254,
          52.566126037894804
        ]
      }
    },
    {
      "type": "Feature",
      "properties": {
        "name": "Rummelsburger Bucht / Uferweg/ Bolleufer",
        "info": "",
        "category": "Grünanlage"
      },
      "geometry": {
        "type": "Point",
        "coordinates": [
          13.482187512636855,
          52.49474747042621
        ]
      }
    },
    {
      "type": "Feature",
      "properties": {
        "name": "Rummelsburger Bucht / Uferweg / Knabenhäuser",
        "info": "",
        "category": "Grünanlage"
      },
      "geometry": {
        "type": "Point",
        "coordinates": [
          13.480116103773964,
          52.49642858747585
        ]
      }
    },
    {
      "type": "Feature",
      "properties": {
        "name": "Stegeweg / Fläche für Naturschutzfachl. Kompensationsmaßnahmen",
        "info": "",
        "category": "Grünanlage"
      },
      "geometry": {
        "type": "Point",
        "coordinates": [
          13.543272629427536,
          52.58016353106625
        ]
      }
    },
    {
      "type": "Feature",
      "properties": {
        "name": "Rahmengrün an KGA \"Siegfriedslust\"",
        "info": "Bornitzstr.",
        "category": "Grünanlage"
      },
      "geometry": {
        "type": "Point",
        "coordinates": [
          13.493228196986767,
          52.520633325892426
        ]
      }
    },
    {
      "type": "Feature",
      "properties": {
        "name": "Landsberger Allee/Siegfriedstr./Rahmengrün an KGA \"Weiße Taube\"",
        "info": "",
        "category": "Grünanlage"
      },
      "geometry": {
        "type": "Point",
        "coordinates": [
          13.498680864149382,
          52.532556027473035
        ]
      }
    },
    {
      "type": "Feature",
      "properties": {
        "name": "Rahmengrün an KGA \"Am E-Werk\"",
        "info": "Hegemeisterweg",
        "category": "Grünanlage"
      },
      "geometry": {
        "type": "Point",
        "coordinates": [
          13.50552875297872,
          52.48115928164479
        ]
      }
    },
    {
      "type": "Feature",
      "properties": {
        "name": "Rummelsburger Str. 71-73",
        "info": "(ehemals Friedhof)",
        "category": "Grünanlage"
      },
      "geometry": {
        "type": "Point",
        "coordinates": [
          13.50060386380451,
          52.50005101261065
        ]
      }
    },
    {
      "type": "Feature",
      "properties": {
        "name": "Rudolf Reusch Str. 4-10",
        "info": "ehemals Friedhof",
        "category": "Grünanlage"
      },
      "geometry": {
        "type": "Point",
        "coordinates": [
          13.483235964218615,
          52.515070990254756
        ]
      }
    },
    {
      "type": "Feature",
      "properties": {
        "name": "Gotlindestr. 80 / ehem. Friedhof",
        "info": "",
        "category": "Grünanlage"
      },
      "geometry": {
        "type": "Point",
        "coordinates": [
          13.490739742219654,
          52.5189259036762
        ]
      }
    },
    {
      "type": "Feature",
      "properties": {
        "name": "Gudrunstr. 20",
        "info": "hinter dem Friedhof",
        "category": "Grünanlage"
      },
      "geometry": {
        "type": "Point",
        "coordinates": [
          13.516892980447139,
          52.52268672950975
        ]
      }
    },
    {
      "type": "Feature",
      "properties": {
        "name": "Falkenberger Chaussee / Dorfstr. Falkenb",
        "info": "",
        "category": "Grünanlage"
      },
      "geometry": {
        "type": "Point",
        "coordinates": [
          13.529831112274316,
          52.57023825557386
        ]
      }
    },
    {
      "type": "Feature",
      "properties": {
        "name": "Wege zw. Grüner Trift u. Stegeweg",
        "info": "entl. KGA Falkenhöhe",
        "category": "Grünanlage"
      },
      "geometry": {
        "type": "Point",
        "coordinates": [
          13.538015027844903,
          52.5819287172303
        ]
      }
    },
    {
      "type": "Feature",
      "properties": {
        "name": "Birkholzer Weg / Straße 2",
        "info": "",
        "category": "Grünanlage"
      },
      "geometry": {
        "type": "Point",
        "coordinates": [
          13.536224031546523,
          52.58727120816778
        ]
      }
    },
    {
      "type": "Feature",
      "properties": {
        "name": "Am Luchteich östl. Wartenberger Dorfstr. 14-19",
        "info": "",
        "category": "Grünanlage"
      },
      "geometry": {
        "type": "Point",
        "coordinates": [
          13.524607816433718,
          52.57410389276859
        ]
      }
    },
    {
      "type": "Feature",
      "properties": {
        "name": "Rummelsburger Bucht / Medallionplatz",
        "info": "",
        "category": "Grünanlage"
      },
      "geometry": {
        "type": "Point",
        "coordinates": [
          13.48266089554633,
          52.4964134589089
        ]
      }
    },
    {
      "type": "Feature",
      "properties": {
        "name": "Siegfriedstr. / Rheinhardsbrunner Str.",
        "info": "Regenrückhaltebecken/geschütztes Biotop",
        "category": "Grünanlage"
      },
      "geometry": {
        "type": "Point",
        "coordinates": [
          13.498696261009618,
          52.52991232047072
        ]
      }
    },
    {
      "type": "Feature",
      "properties": {
        "name": "Rosenfelder Ring ggü.50-56",
        "info": "",
        "category": "Grünanlage"
      },
      "geometry": {
        "type": "Point",
        "coordinates": [
          13.51686695235762,
          52.511297960908045
        ]
      }
    },
    {
      "type": "Feature",
      "properties": {
        "name": "Rhinstr. 121 - 135 / Grünfläche am Graben",
        "info": "",
        "category": "Grünanlage"
      },
      "geometry": {
        "type": "Point",
        "coordinates": [
          13.51765209016243,
          52.53046888818839
        ]
      }
    },
    {
      "type": "Feature",
      "properties": {
        "name": "Salzmannstr. / östl.",
        "info": "",
        "category": "Grünanlage"
      },
      "geometry": {
        "type": "Point",
        "coordinates": [
          13.499474716319048,
          52.49475326051724
        ]
      }
    },
    {
      "type": "Feature",
      "properties": {
        "name": "Hönower Weg / Mellenseestraße 9-11 / Grünfläche",
        "info": "",
        "category": "Grünanlage"
      },
      "geometry": {
        "type": "Point",
        "coordinates": [
          13.510439480506097,
          52.491744743207285
        ]
      }
    },
    {
      "type": "Feature",
      "properties": {
        "name": "Frankfurter Allee / westlich Gürtelstr.",
        "info": "",
        "category": "Grünanlage"
      },
      "geometry": {
        "type": "Point",
        "coordinates": [
          13.475942469318605,
          52.51308163939399
        ]
      }
    },
    {
      "type": "Feature",
      "properties": {
        "name": "Freiaplatz",
        "info": "",
        "category": "Grünanlage"
      },
      "geometry": {
        "type": "Point",
        "coordinates": [
          13.497927601502123,
          52.51619078710624
        ]
      }
    },
    {
      "type": "Feature",
      "properties": {
        "name": "Türrschmidtstr. / Spittastr., Kernhofer Str.",
        "info": "",
        "category": "Grünanlage"
      },
      "geometry": {
        "type": "Point",
        "coordinates": [
          13.476136328983111,
          52.50304380840102
        ]
      }
    },
    {
      "type": "Feature",
      "properties": {
        "name": "Schulze-Boysen-Str. / Stadtplatz",
        "info": "",
        "category": "Grünanlage"
      },
      "geometry": {
        "type": "Point",
        "coordinates": [
          13.48180182924942,
          52.51145422327329
        ]
      }
    },
    {
      "type": "Feature",
      "properties": {
        "name": "Rathauspark",
        "info": "Premium-Anlage",
        "category": "Grünanlage"
      },
      "geometry": {
        "type": "Point",
        "coordinates": [
          13.479538355219727,
          52.51485339261033
        ]
      }
    },
    {
      "type": "Feature",
      "properties": {
        "name": "Tasdorfer Str. 25 / Wartenbergstr. / GA",
        "info": "",
        "category": "Grünanlage"
      },
      "geometry": {
        "type": "Point",
        "coordinates": [
          13.477477305442868,
          52.50946280245003
        ]
      }
    },
    {
      "type": "Feature",
      "properties": {
        "name": "John-Sieg-Str. 12-16",
        "info": "",
        "category": "Grünanlage"
      },
      "geometry": {
        "type": "Point",
        "coordinates": [
          13.479607038922708,
          52.51103164418741
        ]
      }
    },
    {
      "type": "Feature",
      "properties": {
        "name": "Stadtpark Lichtenberg",
        "info": "",
        "category": "Grünanlage"
      },
      "geometry": {
        "type": "Point",
        "coordinates": [
          13.477102532454612,
          52.51824982611689
        ]
      }
    },
    {
      "type": "Feature",
      "properties": {
        "name": "Fennpfuhlpark",
        "info": "",
        "category": "Grünanlage"
      },
      "geometry": {
        "type": "Point",
        "coordinates": [
          13.475048260429025,
          52.52954181673201
        ]
      }
    },
    {
      "type": "Feature",
      "properties": {
        "name": "Gutspark am Loeperplatz / Möllendorfsstr. 34-39",
        "info": "",
        "category": "Grünanlage"
      },
      "geometry": {
        "type": "Point",
        "coordinates": [
          13.481161538853234,
          52.52179730966224
        ]
      }
    },
    {
      "type": "Feature",
      "properties": {
        "name": "Park Herzberge / Allee der Kosmonauten 16",
        "info": "",
        "category": "Grünanlage"
      },
      "geometry": {
        "type": "Point",
        "coordinates": [
          13.508937383266254,
          52.52151514209399
        ]
      }
    },
    {
      "type": "Feature",
      "properties": {
        "name": "Park Herzberge nördlich d. Krankenhausschule",
        "info": "",
        "category": "Grünanlage"
      },
      "geometry": {
        "type": "Point",
        "coordinates": [
          13.507528842744156,
          52.530731888094465
        ]
      }
    },
    {
      "type": "Feature",
      "properties": {
        "name": "Park Herzberge / Rohrdammweg / Grünzug",
        "info": "",
        "category": "Grünanlage"
      },
      "geometry": {
        "type": "Point",
        "coordinates": [
          13.509540525833426,
          52.530787281459205
        ]
      }
    },
    {
      "type": "Feature",
      "properties": {
        "name": "Treskowallee / Gregoroviusweg",
        "info": "Premium-Anlage",
        "category": "Grünanlage"
      },
      "geometry": {
        "type": "Point",
        "coordinates": [
          13.52671431402791,
          52.49337178224184
        ]
      }
    },
    {
      "type": "Feature",
      "properties": {
        "name": "Bernhard-Bästlein-Str. 33-54",
        "info": "",
        "category": "Grünanlage"
      },
      "geometry": {
        "type": "Point",
        "coordinates": [
          13.482451769166747,
          52.530774943317226
        ]
      }
    },
    {
      "type": "Feature",
      "properties": {
        "name": "Alfred-Kowalke-Str. 34 / Straße Am Tierpark 22-26",
        "info": "",
        "category": "Grünanlage"
      },
      "geometry": {
        "type": "Point",
        "coordinates": [
          13.517341830214313,
          52.50664016672479
        ]
      }
    },
    {
      "type": "Feature",
      "properties": {
        "name": "Stolzenfelsstr. / entlang der Bahn",
        "info": "",
        "category": "Grünanlage"
      },
      "geometry": {
        "type": "Point",
        "coordinates": [
          13.531860708657383,
          52.478676234275206
        ]
      }
    },
    {
      "type": "Feature",
      "properties": {
        "name": "Sangeallee 32",
        "info": "Premium-Anlage",
        "category": "Grünanlage"
      },
      "geometry": {
        "type": "Point",
        "coordinates": [
          13.519753094515929,
          52.487684852029695
        ]
      }
    },
    {
      "type": "Feature",
      "properties": {
        "name": "Rudolf-Seiffert-Str. ggü.20-22 / Sporthalle",
        "info": "",
        "category": "Grünanlage"
      },
      "geometry": {
        "type": "Point",
        "coordinates": [
          13.467830795548064,
          52.52726450055337
        ]
      }
    },
    {
      "type": "Feature",
      "properties": {
        "name": "Rheinsteinpark",
        "info": "",
        "category": "Grünanlage"
      },
      "geometry": {
        "type": "Point",
        "coordinates": [
          13.531061913492305,
          52.48297794512904
        ]
      }
    },
    {
      "type": "Feature",
      "properties": {
        "name": "Münsterlandplatz",
        "info": "",
        "category": "Grünanlage"
      },
      "geometry": {
        "type": "Point",
        "coordinates": [
          13.495666800325932,
          52.50385862136965
        ]
      }
    },
    {
      "type": "Feature",
      "properties": {
        "name": "Nöldnerplatz / Grünfläche",
        "info": "",
        "category": "Grünanlage"
      },
      "geometry": {
        "type": "Point",
        "coordinates": [
          13.485791160737811,
          52.50203482770402
        ]
      }
    },
    {
      "type": "Feature",
      "properties": {
        "name": "Traberweg / Lehndorffstr. / Liepnitzstr.",
        "info": "",
        "category": "Grünanlage"
      },
      "geometry": {
        "type": "Point",
        "coordinates": [
          13.516812925891443,
          52.480077827107785
        ]
      }
    },
    {
      "type": "Feature",
      "properties": {
        "name": "Hönower Weg nördl.25-39/Betriebsbhf. Rummelsburg",
        "info": "",
        "category": "Grünanlage"
      },
      "geometry": {
        "type": "Point",
        "coordinates": [
          13.502581603012255,
          52.493503099330795
        ]
      }
    },
    {
      "type": "Feature",
      "properties": {
        "name": "Seepark Karlshorst",
        "info": "",
        "category": "Grünanlage"
      },
      "geometry": {
        "type": "Point",
        "coordinates": [
          13.513537488032842,
          52.48109763714117
        ]
      }
    },
    {
      "type": "Feature",
      "properties": {
        "name": "Lückstr. 52-53",
        "info": "",
        "category": "Grünanlage"
      },
      "geometry": {
        "type": "Point",
        "coordinates": [
          13.492009528568856,
          52.501416124070786
        ]
      }
    },
    {
      "type": "Feature",
      "properties": {
        "name": "Zamenhofpark - Rosenfelder Platz",
        "info": "Premium-Anlage",
        "category": "Grünanlage"
      },
      "geometry": {
        "type": "Point",
        "coordinates": [
          13.503529892449567,
          52.50930349739678
        ]
      }
    },
    {
      "type": "Feature",
      "properties": {
        "name": "Grün um Pachtland - Hahn Hausvaterweg / Zehnrutenweg",
        "info": "",
        "category": "Grünanlage"
      },
      "geometry": {
        "type": "Point",
        "coordinates": [
          13.55318651141987,
          52.57300982826029
        ]
      }
    },
    {
      "type": "Feature",
      "properties": {
        "name": "Ahrensfelde Chaussee 43-55",
        "info": "Grünfläche nördl.",
        "category": "Grünanlage"
      },
      "geometry": {
        "type": "Point",
        "coordinates": [
          13.551714081021398,
          52.57083450933133
        ]
      }
    },
    {
      "type": "Feature",
      "properties": {
        "name": "Feldhecken / Falkenberger Feldmark",
        "info": "",
        "category": "Grünanlage"
      },
      "geometry": {
        "type": "Point",
        "coordinates": [
          13.54487891726214,
          52.580158969549004
        ]
      }
    },
    {
      "type": "Feature",
      "properties": {
        "name": "Lindenstraße - Zuwegung zu Alte Försterei - Köp GA",
        "info": "Uferweg außen an der Wuhle",
        "category": "Grünanlage"
      },
      "geometry": {
        "type": "Point",
        "coordinates": [
          13.570986846416442,
          52.45708733256885
        ]
      }
    },
    {
      "type": "Feature",
      "properties": {
        "name": "Öffentliche Grünverbindung Hönower Straße",
        "info": "zw.Hönower Str. / An der Schule",
        "category": "Grünanlage"
      },
      "geometry": {
        "type": "Point",
        "coordinates": [
          13.61384468246708,
          52.50848564131858
        ]
      }
    },
    {
      "type": "Feature",
      "properties": {
        "name": "Kienberg",
        "info": "südl. Eisenacher Straße",
        "category": "Grünanlage"
      },
      "geometry": {
        "type": "Point",
        "coordinates": [
          13.583014295427573,
          52.53710755325941
        ]
      }
    },
    {
      "type": "Feature",
      "properties": {
        "name": "Westlich und östlich der Wuhle(Höhe Rohrbruchpark)",
        "info": "Höhe \"Jelena- Santic- Friedenspark \"",
        "category": "Grünanlage"
      },
      "geometry": {
        "type": "Point",
        "coordinates": [
          13.586715433621038,
          52.53267947149778
        ]
      }
    },
    {
      "type": "Feature",
      "properties": {
        "name": "Iselbergstraße Grünanlage",
        "info": "An der KGA",
        "category": "Grünanlage"
      },
      "geometry": {
        "type": "Point",
        "coordinates": [
          13.59918947715949,
          52.523980692491406
        ]
      }
    },
    {
      "type": "Feature",
      "properties": {
        "name": "Slabystraße 4/ Bürgerwiese Ob GA",
        "info": "",
        "category": "Grünanlage"
      },
      "geometry": {
        "type": "Point",
        "coordinates": [
          13.529183372151355,
          52.458688350389046
        ]
      }
    },
    {
      "type": "Feature",
      "properties": {
        "name": "Schleuseninsel - GA",
        "info": "",
        "category": "Grünanlage"
      },
      "geometry": {
        "type": "Point",
        "coordinates": [
          13.285379559244099,
          52.53004306435586
        ]
      }
    },
    {
      "type": "Feature",
      "properties": {
        "name": "Gotlindestr. 66 / Grünzug",
        "info": "",
        "category": "Grünanlage"
      },
      "geometry": {
        "type": "Point",
        "coordinates": [
          13.492828112791152,
          52.51892516937905
        ]
      }
    },
    {
      "type": "Feature",
      "properties": {
        "name": "Landschaftsfriedhof Gatow-Grünanlage",
        "info": "bei Bedarf Erweiterung Friedhof",
        "category": "Grünanlage"
      },
      "geometry": {
        "type": "Point",
        "coordinates": [
          13.151299036856571,
          52.492716473909326
        ]
      }
    },
    {
      "type": "Feature",
      "properties": {
        "name": "Steinbergpark, Rodelbahn",
        "info": "",
        "category": "Grünanlage"
      },
      "geometry": {
        "type": "Point",
        "coordinates": [
          13.306143931324396,
          52.59994919215899
        ]
      }
    },
    {
      "type": "Feature",
      "properties": {
        "name": "Graben E-Rieselfelder angrenzend",
        "info": "Straße 265",
        "category": "Grünanlage"
      },
      "geometry": {
        "type": "Point",
        "coordinates": [
          13.176043000365214,
          52.49322782431673
        ]
      }
    },
    {
      "type": "Feature",
      "properties": {
        "name": "Östlich der WuhleKN II/Entlang der Wuhle",
        "info": "Teil des Objektes \"Östlich der Wuhle\"",
        "category": "Grünanlage"
      },
      "geometry": {
        "type": "Point",
        "coordinates": [
          13.58575315061826,
          52.529743444314185
        ]
      }
    },
    {
      "type": "Feature",
      "properties": {
        "name": "Östlich der Wuhle-Teilfläche Rohrbruchpark",
        "info": "Teilfläche des Objektes 2300167",
        "category": "Grünanlage"
      },
      "geometry": {
        "type": "Point",
        "coordinates": [
          13.587213090521187,
          52.5305874971224
        ]
      }
    },
    {
      "type": "Feature",
      "properties": {
        "name": "Zentraler Festplatz",
        "info": "Festplatzumring",
        "category": "Grünanlage"
      },
      "geometry": {
        "type": "Point",
        "coordinates": [
          13.308322849995092,
          52.55121778963124
        ]
      }
    },
    {
      "type": "Feature",
      "properties": {
        "name": "Allee du Stade / am Berlin-Spandauer-Schiffffahrtskanal",
        "info": "ehem. Baustoffwerk",
        "category": "Grünanlage"
      },
      "geometry": {
        "type": "Point",
        "coordinates": [
          13.313232332920316,
          52.549000406246556
        ]
      }
    },
    {
      "type": "Feature",
      "properties": {
        "name": "Volkspark Jungfernheide (extensiv)",
        "info": "",
        "category": "Grünanlage"
      },
      "geometry": {
        "type": "Point",
        "coordinates": [
          13.289789987892453,
          52.54619823775093
        ]
      }
    },
    {
      "type": "Feature",
      "properties": {
        "name": "Spreeuferweg / Spreewiesen - GA",
        "info": "nördlich Kol. Spreewiesen",
        "category": "Grünanlage"
      },
      "geometry": {
        "type": "Point",
        "coordinates": [
          13.281030125132181,
          52.529761887997594
        ]
      }
    },
    {
      "type": "Feature",
      "properties": {
        "name": "Allee der Kosmonauten 19c",
        "info": "Schlüssel bei Power Usern Hr. Beck",
        "category": "Grünanlage"
      },
      "geometry": {
        "type": "Point",
        "coordinates": [
          13.511039001665866,
          52.524375072381474
        ]
      }
    },
    {
      "type": "Feature",
      "properties": {
        "name": "Grünanlage Cleantech-Business-Park I",
        "info": "zw. Nordring und Clara-Immerwahr-Straße",
        "category": "Grünanlage"
      },
      "geometry": {
        "type": "Point",
        "coordinates": [
          13.544852216368866,
          52.56168592296594
        ]
      }
    },
    {
      "type": "Feature",
      "properties": {
        "name": "Grünanlage Cleantech-Business-Park II",
        "info": "südlich der Clara-Immerwahr-Straße",
        "category": "Grünanlage"
      },
      "geometry": {
        "type": "Point",
        "coordinates": [
          13.542421099999551,
          52.55787138672289
        ]
      }
    },
    {
      "type": "Feature",
      "properties": {
        "name": "Friedenstraße 83, Pacht",
        "info": "Umweltforum Außenanl.",
        "category": "Grünanlage"
      },
      "geometry": {
        "type": "Point",
        "coordinates": [
          13.437852639619905,
          52.520629720234915
        ]
      }
    },
    {
      "type": "Feature",
      "properties": {
        "name": "Gleisdreieck, Kleingärten Rahmengrün",
        "info": "Potsdamer Güterbahnhof, POG",
        "category": "Grünanlage"
      },
      "geometry": {
        "type": "Point",
        "coordinates": [
          13.369606479681302,
          52.49572230237174
        ]
      }
    },
    {
      "type": "Feature",
      "properties": {
        "name": "Theodorpark (Teil 1)",
        "info": "Grünverbindung Theodorstraße",
        "category": "Grünanlage"
      },
      "geometry": {
        "type": "Point",
        "coordinates": [
          13.618779959144376,
          52.500237408354394
        ]
      }
    },
    {
      "type": "Feature",
      "properties": {
        "name": "Sterndamm neben 241 Jo GA",
        "info": "",
        "category": "Grünanlage"
      },
      "geometry": {
        "type": "Point",
        "coordinates": [
          13.50391996393752,
          52.438283161051444
        ]
      }
    },
    {
      "type": "Feature",
      "properties": {
        "name": "Grünanlage Hönower Weiherkette",
        "info": "Hönower Weiherkette",
        "category": "Grünanlage"
      },
      "geometry": {
        "type": "Point",
        "coordinates": [
          13.6215169394985,
          52.54321170810996
        ]
      }
    },
    {
      "type": "Feature",
      "properties": {
        "name": "Regener Str.zw.Nr.46&58/Stadtgarten Gartenstadt",
        "info": "",
        "category": "Grünanlage"
      },
      "geometry": {
        "type": "Point",
        "coordinates": [
          13.542147689939032,
          52.487486065850185
        ]
      }
    },
    {
      "type": "Feature",
      "properties": {
        "name": "Biesenhorster Sand",
        "info": "",
        "category": "Grünanlage"
      },
      "geometry": {
        "type": "Point",
        "coordinates": [
          13.546735605878558,
          52.48792449325425
        ]
      }
    },
    {
      "type": "Feature",
      "properties": {
        "name": "Lietzenseepark/Süd",
        "info": "",
        "category": "Grünanlage"
      },
      "geometry": {
        "type": "Point",
        "coordinates": [
          13.287117344855986,
          52.50497644905011
        ]
      }
    },
    {
      "type": "Feature",
      "properties": {
        "name": "Alter Markt 1/ Claus-Dieter-Sprink-Weg Köp GA",
        "info": "",
        "category": "Grünanlage"
      },
      "geometry": {
        "type": "Point",
        "coordinates": [
          13.580042668785696,
          52.44569541843594
        ]
      }
    },
    {
      "type": "Feature",
      "properties": {
        "name": "Lietzenseepark/Nord - Kl. Kaskade",
        "info": "",
        "category": "Grünanlage"
      },
      "geometry": {
        "type": "Point",
        "coordinates": [
          13.289946009504954,
          52.508888546424096
        ]
      }
    },
    {
      "type": "Feature",
      "properties": {
        "name": "Volkspark Wilmersdorf - Staudengarten",
        "info": "",
        "category": "Grünanlage"
      },
      "geometry": {
        "type": "Point",
        "coordinates": [
          13.327646289587609,
          52.48313396230857
        ]
      }
    },
    {
      "type": "Feature",
      "properties": {
        "name": "Reimerweg-Amalienhof 2-GA",
        "info": "um die KGA-Amalienhof 2",
        "category": "Grünanlage"
      },
      "geometry": {
        "type": "Point",
        "coordinates": [
          13.156967915358205,
          52.520973651440045
        ]
      }
    },
    {
      "type": "Feature",
      "properties": {
        "name": "Eduard-Spranger-Promenade - Teil 1/2",
        "info": "Bereich um Ikarus",
        "category": "Grünanlage"
      },
      "geometry": {
        "type": "Point",
        "coordinates": [
          13.316817781238633,
          52.433834401909394
        ]
      }
    },
    {
      "type": "Feature",
      "properties": {
        "name": "Lilienthal-Gedenkstätte WG - Teil 1/3",
        "info": "Fliegeberg",
        "category": "Grünanlage"
      },
      "geometry": {
        "type": "Point",
        "coordinates": [
          13.328905893344754,
          52.41368893059318
        ]
      }
    },
    {
      "type": "Feature",
      "properties": {
        "name": "Stadtpark Steglitz - Teil 1/2",
        "info": "Bereich Rosengarten und Brunnen",
        "category": "Grünanlage"
      },
      "geometry": {
        "type": "Point",
        "coordinates": [
          13.336512646627945,
          52.44867310242696
        ]
      }
    },
    {
      "type": "Feature",
      "properties": {
        "name": "Gemeindepark Lankwitz - Teil 1/2",
        "info": "",
        "category": "Grünanlage"
      },
      "geometry": {
        "type": "Point",
        "coordinates": [
          13.351505016714478,
          52.43227213488815
        ]
      }
    },
    {
      "type": "Feature",
      "properties": {
        "name": "Waßmannsdorfer Chaussee",
        "info": "",
        "category": "Grünanlage"
      },
      "geometry": {
        "type": "Point",
        "coordinates": [
          13.487787707207534,
          52.397920791236494
        ]
      }
    },
    {
      "type": "Feature",
      "properties": {
        "name": "Grünfläche An der Schule/Landsberger Straße",
        "info": "An der Schule/Landsberger Straße",
        "category": "Grünanlage"
      },
      "geometry": {
        "type": "Point",
        "coordinates": [
          13.618637977853941,
          52.50833571917905
        ]
      }
    },
    {
      "type": "Feature",
      "properties": {
        "name": "Grünanlage Landsberger Straße",
        "info": "Landsberger Straße(Göppert)",
        "category": "Grünanlage"
      },
      "geometry": {
        "type": "Point",
        "coordinates": [
          13.625589955330751,
          52.50635534072368
        ]
      }
    },
    {
      "type": "Feature",
      "properties": {
        "name": "Bötzowbahntrasse III parallel-östl.",
        "info": "zw. Pionierstr. bis Falkenseer Chaussee",
        "category": "Grünanlage"
      },
      "geometry": {
        "type": "Point",
        "coordinates": [
          13.170486523887678,
          52.55282079910409
        ]
      }
    },
    {
      "type": "Feature",
      "properties": {
        "name": "Grüne Aue",
        "info": "Grünzug südlich Alt Biesdorf",
        "category": "Grünanlage"
      },
      "geometry": {
        "type": "Point",
        "coordinates": [
          13.577317563316761,
          52.502402858732275
        ]
      }
    },
    {
      "type": "Feature",
      "properties": {
        "name": "Köbisstr.",
        "info": "an der Köbisstr. Nord \"Canisiusgarten\"",
        "category": "Grünanlage"
      },
      "geometry": {
        "type": "Point",
        "coordinates": [
          13.353913648718214,
          52.508056412117924
        ]
      }
    },
    {
      "type": "Feature",
      "properties": {
        "name": "Fernradwanderweg-Berlin-Kopenhagen südl. Festplatz",
        "info": "Gemarkung Charlottenburg WSV-Gelände",
        "category": "Grünanlage"
      },
      "geometry": {
        "type": "Point",
        "coordinates": [
          13.306041793218098,
          52.548653718540734
        ]
      }
    },
    {
      "type": "Feature",
      "properties": {
        "name": "Elisabeth-Abegg-Str. neben Nr. 1",
        "info": "Innenhof Polizeiwache A . 34",
        "category": "Grünanlage"
      },
      "geometry": {
        "type": "Point",
        "coordinates": [
          13.366437918589995,
          52.52196559493832
        ]
      }
    },
    {
      "type": "Feature",
      "properties": {
        "name": "Allee du Stade / Kurt-Schumacher-Damm",
        "info": "nördlich Am Festplatz",
        "category": "Grünanlage"
      },
      "geometry": {
        "type": "Point",
        "coordinates": [
          13.305563732706913,
          52.553128920642756
        ]
      }
    },
    {
      "type": "Feature",
      "properties": {
        "name": "Erknerstraße Schönblicker Straße Ra GA",
        "info": "",
        "category": "Grünanlage"
      },
      "geometry": {
        "type": "Point",
        "coordinates": [
          13.721139730672379,
          52.43843971283493
        ]
      }
    },
    {
      "type": "Feature",
      "properties": {
        "name": "Puschkinallee/ Treptower Park - Rosengarten AT GA",
        "info": "Wasserfontänen im PO 012010",
        "category": "Grünanlage"
      },
      "geometry": {
        "type": "Point",
        "coordinates": [
          13.469068315323886,
          52.490833713284246
        ]
      }
    },
    {
      "type": "Feature",
      "properties": {
        "name": "Volkspark Humboldthain, Rosengarten",
        "info": "",
        "category": "Grünanlage"
      },
      "geometry": {
        "type": "Point",
        "coordinates": [
          13.387163011779096,
          52.54757529796
        ]
      }
    },
    {
      "type": "Feature",
      "properties": {
        "name": "Volkspark Humboldthain, Bahnfläche",
        "info": "Bahnflächen als Weg genutzt",
        "category": "Grünanlage"
      },
      "geometry": {
        "type": "Point",
        "coordinates": [
          13.381820045967542,
          52.54645511536747
        ]
      }
    },
    {
      "type": "Feature",
      "properties": {
        "name": "Alfred-Randt-Straße gegenüber Nr. 19 Köp GA",
        "info": "",
        "category": "Grünanlage"
      },
      "geometry": {
        "type": "Point",
        "coordinates": [
          13.604423085292199,
          52.440709159734496
        ]
      }
    },
    {
      "type": "Feature",
      "properties": {
        "name": "Mauerpark Erweiterungsfläche",
        "info": "",
        "category": "Grünanlage"
      },
      "geometry": {
        "type": "Point",
        "coordinates": [
          13.401271412158595,
          52.54311724353844
        ]
      }
    },
    {
      "type": "Feature",
      "properties": {
        "name": "Am Dorfteich Wartenberg / Grünanlage",
        "info": "",
        "category": "Grünanlage"
      },
      "geometry": {
        "type": "Point",
        "coordinates": [
          13.514503895314762,
          52.57526315534284
        ]
      }
    },
    {
      "type": "Feature",
      "properties": {
        "name": "Schlangengraben-Ufergrünstreifen",
        "info": "Bereich KGA Burgwallschanze",
        "category": "Grünanlage"
      },
      "geometry": {
        "type": "Point",
        "coordinates": [
          13.205080888478319,
          52.52935805405809
        ]
      }
    },
    {
      "type": "Feature",
      "properties": {
        "name": "GA um Großen Herzbergteich",
        "info": "nördl. Museum Kesselhaus",
        "category": "Grünanlage"
      },
      "geometry": {
        "type": "Point",
        "coordinates": [
          13.513693701536877,
          52.529633819431126
        ]
      }
    },
    {
      "type": "Feature",
      "properties": {
        "name": "GA Herzberge / südl. Museum Kesselhaus",
        "info": "",
        "category": "Grünanlage"
      },
      "geometry": {
        "type": "Point",
        "coordinates": [
          13.51177041936488,
          52.52730723487491
        ]
      }
    },
    {
      "type": "Feature",
      "properties": {
        "name": "GA Herzberge / ggü. Haus 50",
        "info": "",
        "category": "Grünanlage"
      },
      "geometry": {
        "type": "Point",
        "coordinates": [
          13.51166725735547,
          52.5268173818112
        ]
      }
    },
    {
      "type": "Feature",
      "properties": {
        "name": "GA um Kleinen Herzbergteich",
        "info": "östl. Haus 12",
        "category": "Grünanlage"
      },
      "geometry": {
        "type": "Point",
        "coordinates": [
          13.513175333250823,
          52.52622971269602
        ]
      }
    },
    {
      "type": "Feature",
      "properties": {
        "name": "Heckerdamm 236/Am Heidebusch - GA",
        "info": "(Alt: Am Heidebusch - Grünanlage)",
        "category": "Grünanlage"
      },
      "geometry": {
        "type": "Point",
        "coordinates": [
          13.297174379323422,
          52.539691773000285
        ]
      }
    },
    {
      "type": "Feature",
      "properties": {
        "name": "Spieroweg-NER",
        "info": "Naturerlebnisraum",
        "category": "Grünanlage"
      },
      "geometry": {
        "type": "Point",
        "coordinates": [
          13.153634465286613,
          52.52660638240759
        ]
      }
    },
    {
      "type": "Feature",
      "properties": {
        "name": "Puschkinallee/ Treptower Park - Sommerblumengarten AT GA",
        "info": "",
        "category": "Grünanlage"
      },
      "geometry": {
        "type": "Point",
        "coordinates": [
          13.475793900670123,
          52.48872281979647
        ]
      }
    },
    {
      "type": "Feature",
      "properties": {
        "name": "Puschkinallee/ Treptower Park - Staudengarten AT GA",
        "info": "(Lichtungsgarten)",
        "category": "Grünanlage"
      },
      "geometry": {
        "type": "Point",
        "coordinates": [
          13.475360814628038,
          52.48995224055486
        ]
      }
    },
    {
      "type": "Feature",
      "properties": {
        "name": "Puschkinallee/ Treptower Park - Heidegarten AT GA",
        "info": "(eingezäunter Garten)",
        "category": "Grünanlage"
      },
      "geometry": {
        "type": "Point",
        "coordinates": [
          13.473471987648969,
          52.49072153903641
        ]
      }
    },
    {
      "type": "Feature",
      "properties": {
        "name": "Richard-Münch-Straße GA",
        "info": "um SP- Blauer Platz",
        "category": "Grünanlage"
      },
      "geometry": {
        "type": "Point",
        "coordinates": [
          13.148435948411205,
          52.523842517907774
        ]
      }
    },
    {
      "type": "Feature",
      "properties": {
        "name": "Preußenpark - Park Café",
        "info": "Fehrbelliner Platz 8",
        "category": "Grünanlage"
      },
      "geometry": {
        "type": "Point",
        "coordinates": [
          13.31406273510111,
          52.49120567822382
        ]
      }
    },
    {
      "type": "Feature",
      "properties": {
        "name": "Kitty-Kuse-Platz",
        "info": "",
        "category": "Grünanlage"
      },
      "geometry": {
        "type": "Point",
        "coordinates": [
          13.36416120244595,
          52.481178119360344
        ]
      }
    },
    {
      "type": "Feature",
      "properties": {
        "name": "Grünflächen entlang der Wuhle",
        "info": "südlich der Altentreptower Straße",
        "category": "Grünanlage"
      },
      "geometry": {
        "type": "Point",
        "coordinates": [
          13.574395799192349,
          52.51055615619792
        ]
      }
    },
    {
      "type": "Feature",
      "properties": {
        "name": "Oranienburger Tor",
        "info": "Wröhmännerpark angrenzend",
        "category": "Grünanlage"
      },
      "geometry": {
        "type": "Point",
        "coordinates": [
          13.207510083386,
          52.541035114828084
        ]
      }
    },
    {
      "type": "Feature",
      "properties": {
        "name": "Weg zur Straße \"Am Hechtgraben\" / GA",
        "info": "",
        "category": "Grünanlage"
      },
      "geometry": {
        "type": "Point",
        "coordinates": [
          13.528082381748664,
          52.575177895450615
        ]
      }
    },
    {
      "type": "Feature",
      "properties": {
        "name": "Rieselfelder-ehem Jacubeit-Fläche",
        "info": "",
        "category": "Grünanlage"
      },
      "geometry": {
        "type": "Point",
        "coordinates": [
          13.174703527229976,
          52.494801413809874
        ]
      }
    },
    {
      "type": "Feature",
      "properties": {
        "name": "Fritz-Schloß-Park",
        "info": "Minigolfanlage (PO 213010, BG 200)",
        "category": "Grünanlage"
      },
      "geometry": {
        "type": "Point",
        "coordinates": [
          13.356366183126077,
          52.52642441410288
        ]
      }
    },
    {
      "type": "Feature",
      "properties": {
        "name": "Dahlwitzer Landstraße/ Hinter dem Kurpark II Fr GA",
        "info": "waldähnlicher Teil - Gartendenkmal",
        "category": "Grünanlage"
      },
      "geometry": {
        "type": "Point",
        "coordinates": [
          13.620683008215487,
          52.458279498407464
        ]
      }
    },
    {
      "type": "Feature",
      "properties": {
        "name": "Landschaftspark Glienicke N - Teil 2/2",
        "info": "",
        "category": "Grünanlage"
      },
      "geometry": {
        "type": "Point",
        "coordinates": [
          13.106595805105854,
          52.417949377304836
        ]
      }
    },
    {
      "type": "Feature",
      "properties": {
        "name": "Lanke-Aue WG",
        "info": "Alt-Lankwitz 53 - 57",
        "category": "Grünanlage"
      },
      "geometry": {
        "type": "Point",
        "coordinates": [
          13.358267017061463,
          52.43769865819273
        ]
      }
    },
    {
      "type": "Feature",
      "properties": {
        "name": "Am Krusenick Köp GA",
        "info": "Wasserfläche - Altarm der Spree",
        "category": "Grünanlage"
      },
      "geometry": {
        "type": "Point",
        "coordinates": [
          13.581508142810254,
          52.448850783474974
        ]
      }
    },
    {
      "type": "Feature",
      "properties": {
        "name": "Grünzug Landsberger Straße",
        "info": "Stralsunder Straße",
        "category": "Grünanlage"
      },
      "geometry": {
        "type": "Point",
        "coordinates": [
          13.637498236780527,
          52.51946000118315
        ]
      }
    },
    {
      "type": "Feature",
      "properties": {
        "name": "Botanische Anlage Blankenfelde I",
        "info": "Historische Achse und Arboretum",
        "category": "Grünanlage"
      },
      "geometry": {
        "type": "Point",
        "coordinates": [
          13.397458476026488,
          52.60450394520374
        ]
      }
    },
    {
      "type": "Feature",
      "properties": {
        "name": "Botanische Anlage Blankenfelde III",
        "info": "Ackerflächen",
        "category": "Grünanlage"
      },
      "geometry": {
        "type": "Point",
        "coordinates": [
          13.400193934043907,
          52.603903372921145
        ]
      }
    },
    {
      "type": "Feature",
      "properties": {
        "name": "Bürgerpark Niederschönhausen",
        "info": "Cottastraße",
        "category": "Grünanlage"
      },
      "geometry": {
        "type": "Point",
        "coordinates": [
          13.389876169609005,
          52.56982454162996
        ]
      }
    },
    {
      "type": "Feature",
      "properties": {
        "name": "Potsdamer Platz Areal Urbane Gewässer",
        "info": "Pianobecken, Gewässer Marlene-Dietrich-Platz bis Potsdamer Str.",
        "category": "Grünanlage"
      },
      "geometry": {
        "type": "Point",
        "coordinates": [
          13.371806686971565,
          52.506110360789776
        ]
      }
    },
    {
      "type": "Feature",
      "properties": {
        "name": "Hellersdorfer Graben(Albert-Kuntz-Straße)",
        "info": "zw.Fußgängerbrücke und Louis-Lewin-Straße",
        "category": "Grünanlage"
      },
      "geometry": {
        "type": "Point",
        "coordinates": [
          13.618621452541072,
          52.53855609744427
        ]
      }
    },
    {
      "type": "Feature",
      "properties": {
        "name": "Hellersdorfer Graben (Louis-Lewin-Straße)",
        "info": "zw.Louis-Lewin-Straße und Hoyerswerdaer Straße",
        "category": "Grünanlage"
      },
      "geometry": {
        "type": "Point",
        "coordinates": [
          13.621904931789038,
          52.53878948898442
        ]
      }
    },
    {
      "type": "Feature",
      "properties": {
        "name": "Mahlsdorfer Grünzug",
        "info": "Sudermannstraße",
        "category": "Grünanlage"
      },
      "geometry": {
        "type": "Point",
        "coordinates": [
          13.621950996144694,
          52.51573875544799
        ]
      }
    },
    {
      "type": "Feature",
      "properties": {
        "name": "Sewanstr. 257",
        "info": "",
        "category": "Grünanlage"
      },
      "geometry": {
        "type": "Point",
        "coordinates": [
          13.517108821453668,
          52.49490760161125
        ]
      }
    },
    {
      "type": "Feature",
      "properties": {
        "name": "Rudolph-Wilde-Park (West) - Gartendenkmal",
        "info": "westl. Carl-Zuckmayer-Brücke",
        "category": "Grünanlage"
      },
      "geometry": {
        "type": "Point",
        "coordinates": [
          13.3391523766707,
          52.482125984346425
        ]
      }
    },
    {
      "type": "Feature",
      "properties": {
        "name": "nördl.Fennpfuhlweg 85 & Lindenberger Str.29",
        "info": "",
        "category": "Grünanlage"
      },
      "geometry": {
        "type": "Point",
        "coordinates": [
          13.517990461002725,
          52.57757061408854
        ]
      }
    },
    {
      "type": "Feature",
      "properties": {
        "name": "Grünanlage Gehrenseestraße",
        "info": "bis zu den Bitterfelder Teichen",
        "category": "Grünanlage"
      },
      "geometry": {
        "type": "Point",
        "coordinates": [
          13.527666408786748,
          52.55374518636009
        ]
      }
    },
    {
      "type": "Feature",
      "properties": {
        "name": "Volkspark Friedrichshain Staudengarten",
        "info": "Staudenbeete und umgebende Wege",
        "category": "Grünanlage"
      },
      "geometry": {
        "type": "Point",
        "coordinates": [
          13.434646389469753,
          52.52751935039908
        ]
      }
    },
    {
      "type": "Feature",
      "properties": {
        "name": "Groß-Glienicker Weg Ecke Kladower Damm",
        "info": "Dreiecksfläche",
        "category": "Grünanlage"
      },
      "geometry": {
        "type": "Point",
        "coordinates": [
          13.180968408364908,
          52.48239555718145
        ]
      }
    },
    {
      "type": "Feature",
      "properties": {
        "name": "Großer Tiergarten - Venusbecken",
        "info": "Venusbecken ohne Bassin",
        "category": "Grünanlage"
      },
      "geometry": {
        "type": "Point",
        "coordinates": [
          13.370593311971634,
          52.515157814203256
        ]
      }
    },
    {
      "type": "Feature",
      "properties": {
        "name": "Verlängerte Uferpromenade-GA I",
        "info": "Gr-Gl-See ggü Badestelle sog Moorloch",
        "category": "Grünanlage"
      },
      "geometry": {
        "type": "Point",
        "coordinates": [
          13.117052166008829,
          52.45880758640664
        ]
      }
    },
    {
      "type": "Feature",
      "properties": {
        "name": "Großer Tiergarten - Sinti und Roma",
        "info": "Mahnmal",
        "category": "Grünanlage"
      },
      "geometry": {
        "type": "Point",
        "coordinates": [
          13.37626577610217,
          52.51741328879685
        ]
      }
    },
    {
      "type": "Feature",
      "properties": {
        "name": "Großer Tiergarten - Rosengarten",
        "info": "",
        "category": "Grünanlage"
      },
      "geometry": {
        "type": "Point",
        "coordinates": [
          13.356950779807557,
          52.513803165036514
        ]
      }
    },
    {
      "type": "Feature",
      "properties": {
        "name": "Großer Tiergarten Formalgarten",
        "info": "im Englischen Garten",
        "category": "Grünanlage"
      },
      "geometry": {
        "type": "Point",
        "coordinates": [
          13.348028862042941,
          52.51680550574445
        ]
      }
    },
    {
      "type": "Feature",
      "properties": {
        "name": "Großer Tiergarten - Luiseninsel",
        "info": "",
        "category": "Grünanlage"
      },
      "geometry": {
        "type": "Point",
        "coordinates": [
          13.364433433669602,
          52.51089084677049
        ]
      }
    },
    {
      "type": "Feature",
      "properties": {
        "name": "Murellenweg-Baumannsche Wiese-GA",
        "info": "Am U-Bhf Ruhleben",
        "category": "Grünanlage"
      },
      "geometry": {
        "type": "Point",
        "coordinates": [
          13.242218971682922,
          52.52443919263411
        ]
      }
    },
    {
      "type": "Feature",
      "properties": {
        "name": "Viktoriapark, Rosengarten",
        "info": "Rosenbeete, Stauden und angr. Wege",
        "category": "Grünanlage"
      },
      "geometry": {
        "type": "Point",
        "coordinates": [
          13.383052747790305,
          52.48853137513311
        ]
      }
    },
    {
      "type": "Feature",
      "properties": {
        "name": "Wanderweg am Müggelsee Köp GA",
        "info": "Uferweg",
        "category": "Grünanlage"
      },
      "geometry": {
        "type": "Point",
        "coordinates": [
          13.630006571433848,
          52.42693014841882
        ]
      }
    },
    {
      "type": "Feature",
      "properties": {
        "name": "Koenigsallee 27a/27c - GA",
        "info": "Grünanlage Koenigssee",
        "category": "Grünanlage"
      },
      "geometry": {
        "type": "Point",
        "coordinates": [
          13.273612526119846,
          52.48796934316274
        ]
      }
    },
    {
      "type": "Feature",
      "properties": {
        "name": "Wolfgang-Steinitz-Straße/ Lagunenweg Ra GA",
        "info": "naturnahe Parkanlage",
        "category": "Grünanlage"
      },
      "geometry": {
        "type": "Point",
        "coordinates": [
          13.715313241519496,
          52.42998975645027
        ]
      }
    },
    {
      "type": "Feature",
      "properties": {
        "name": "Rixdorfer Straße Ba GA",
        "info": "ehemaliges Friedhofsgelände am Bahndamm",
        "category": "Grünanlage"
      },
      "geometry": {
        "type": "Point",
        "coordinates": [
          13.497759661038309,
          52.46154401581205
        ]
      }
    },
    {
      "type": "Feature",
      "properties": {
        "name": "Gutspark Neukladow-Nutzungsfläche",
        "info": "Wasser-und Schifffahrtsamt",
        "category": "Grünanlage"
      },
      "geometry": {
        "type": "Point",
        "coordinates": [
          13.162190793614283,
          52.45812245653845
        ]
      }
    },
    {
      "type": "Feature",
      "properties": {
        "name": "Am Brendegraben",
        "info": "",
        "category": "Grünanlage"
      },
      "geometry": {
        "type": "Point",
        "coordinates": [
          13.449981373491811,
          52.60949621601439
        ]
      }
    },
    {
      "type": "Feature",
      "properties": {
        "name": "Ruschestr. bis Siegfriedstr. / Grünzug",
        "info": "",
        "category": "Grünanlage"
      },
      "geometry": {
        "type": "Point",
        "coordinates": [
          13.49214336494178,
          52.52179485135125
        ]
      }
    },
    {
      "type": "Feature",
      "properties": {
        "name": "Am Bahnhof Wuhlheide Ob GA",
        "info": "",
        "category": "Grünanlage"
      },
      "geometry": {
        "type": "Point",
        "coordinates": [
          13.552701568975055,
          52.46899402710708
        ]
      }
    },
    {
      "type": "Feature",
      "properties": {
        "name": "Obrikatstraße Nie GA",
        "info": "vorher Schnellerstraße 136 Nie GA",
        "category": "Grünanlage"
      },
      "geometry": {
        "type": "Point",
        "coordinates": [
          13.510981291263487,
          52.45996996546976
        ]
      }
    },
    {
      "type": "Feature",
      "properties": {
        "name": "Landschaftsfriedhof Gatow-Graben",
        "info": "",
        "category": "Grünanlage"
      },
      "geometry": {
        "type": "Point",
        "coordinates": [
          13.151837691742978,
          52.496367967802634
        ]
      }
    },
    {
      "type": "Feature",
      "properties": {
        "name": "Verbindungsweg zw Str 269 und GrGlienicker Weg",
        "info": "",
        "category": "Grünanlage"
      },
      "geometry": {
        "type": "Point",
        "coordinates": [
          13.150756837850158,
          52.4831993178981
        ]
      }
    },
    {
      "type": "Feature",
      "properties": {
        "name": "Straße 269-Grünwegeverbindung",
        "info": "zw Potsdamer Chaussee und Melsunger Str",
        "category": "Grünanlage"
      },
      "geometry": {
        "type": "Point",
        "coordinates": [
          13.1541378337283,
          52.48890960751994
        ]
      }
    },
    {
      "type": "Feature",
      "properties": {
        "name": "Anton-Saefkow-Platz Senkgarten II",
        "info": "",
        "category": "Grünanlage"
      },
      "geometry": {
        "type": "Point",
        "coordinates": [
          13.47206222376759,
          52.53005317216187
        ]
      }
    },
    {
      "type": "Feature",
      "properties": {
        "name": "Grünanlage Wurzener Straße",
        "info": "Wurzener Straße",
        "category": "Grünanlage"
      },
      "geometry": {
        "type": "Point",
        "coordinates": [
          13.617402307453048,
          52.54249703213694
        ]
      }
    },
    {
      "type": "Feature",
      "properties": {
        "name": "Straße 265-Grünfläche",
        "info": "",
        "category": "Grünanlage"
      },
      "geometry": {
        "type": "Point",
        "coordinates": [
          13.173016549533115,
          52.49171539048327
        ]
      }
    },
    {
      "type": "Feature",
      "properties": {
        "name": "Theodorpark (Teil 2)",
        "info": "Grünverbindung Theodorstraße",
        "category": "Grünanlage"
      },
      "geometry": {
        "type": "Point",
        "coordinates": [
          13.616056397836402,
          52.50088242557796
        ]
      }
    },
    {
      "type": "Feature",
      "properties": {
        "name": "Bartningallee hintere Erschließung",
        "info": "Fläche nördl.Bartningallee 5 - 9",
        "category": "Grünanlage"
      },
      "geometry": {
        "type": "Point",
        "coordinates": [
          13.343679739901138,
          52.51970400437706
        ]
      }
    },
    {
      "type": "Feature",
      "properties": {
        "name": "Parkgraben",
        "info": "",
        "category": "Grünanlage"
      },
      "geometry": {
        "type": "Point",
        "coordinates": [
          13.43799463921241,
          52.5990287451
        ]
      }
    },
    {
      "type": "Feature",
      "properties": {
        "name": "Viktoriapark, Tiergehege",
        "info": "",
        "category": "Grünanlage"
      },
      "geometry": {
        "type": "Point",
        "coordinates": [
          13.3799751441281,
          52.489178986359924
        ]
      }
    },
    {
      "type": "Feature",
      "properties": {
        "name": "Volkspark Friedrichshain, Märchenbrunnen",
        "info": "",
        "category": "Grünanlage"
      },
      "geometry": {
        "type": "Point",
        "coordinates": [
          13.427308782549478,
          52.5278826916411
        ]
      }
    },
    {
      "type": "Feature",
      "properties": {
        "name": "Görlitzer Park Fläche BBB",
        "info": "Teilfläche auf Spreewaldbad",
        "category": "Grünanlage"
      },
      "geometry": {
        "type": "Point",
        "coordinates": [
          13.432644321068445,
          52.49833236063343
        ]
      }
    },
    {
      "type": "Feature",
      "properties": {
        "name": "Grünzug Alfred-Döblin-Str. zur L.-Renn-Str.",
        "info": "und Walter Felsenstein-Straße",
        "category": "Grünanlage"
      },
      "geometry": {
        "type": "Point",
        "coordinates": [
          13.555663846287553,
          52.55229969922769
        ]
      }
    },
    {
      "type": "Feature",
      "properties": {
        "name": "Schlosspark Biesdorf",
        "info": "Gartendenkmal",
        "category": "Grünanlage"
      },
      "geometry": {
        "type": "Point",
        "coordinates": [
          13.559846191962025,
          52.511142402644886
        ]
      }
    },
    {
      "type": "Feature",
      "properties": {
        "name": "Fraenkelufer, Grünanl.",
        "info": "Admiralbrücke bis Erkelenzdamm",
        "category": "Grünanlage"
      },
      "geometry": {
        "type": "Point",
        "coordinates": [
          13.41312839305827,
          52.49545005076525
        ]
      }
    },
    {
      "type": "Feature",
      "properties": {
        "name": "Mahlower Seegraben",
        "info": "zw. Weberstr. und Löwenbrucher Weg",
        "category": "Grünanlage"
      },
      "geometry": {
        "type": "Point",
        "coordinates": [
          13.394971079156033,
          52.37882667228225
        ]
      }
    },
    {
      "type": "Feature",
      "properties": {
        "name": "Skalitzer Str. 121",
        "info": "Çetin-Mert-Park, Ecke Mariannenstr.",
        "category": "Grünanlage"
      },
      "geometry": {
        "type": "Point",
        "coordinates": [
          13.42328788783551,
          52.49946537779986
        ]
      }
    },
    {
      "type": "Feature",
      "properties": {
        "name": "Kienbergterrassen und Platz am See",
        "info": "",
        "category": "Grünanlage"
      },
      "geometry": {
        "type": "Point",
        "coordinates": [
          13.579075614067927,
          52.53205205700975
        ]
      }
    },
    {
      "type": "Feature",
      "properties": {
        "name": "Plateau",
        "info": "",
        "category": "Grünanlage"
      },
      "geometry": {
        "type": "Point",
        "coordinates": [
          13.58122210078444,
          52.5344046409446
        ]
      }
    },
    {
      "type": "Feature",
      "properties": {
        "name": "Kienberg südlich BMG und BMG 1",
        "info": "",
        "category": "Grünanlage"
      },
      "geometry": {
        "type": "Point",
        "coordinates": [
          13.579664579553993,
          52.534463887708476
        ]
      }
    },
    {
      "type": "Feature",
      "properties": {
        "name": "Kienberg/Wuhletal",
        "info": "",
        "category": "Grünanlage"
      },
      "geometry": {
        "type": "Point",
        "coordinates": [
          13.583487425764044,
          52.533877658019215
        ]
      }
    },
    {
      "type": "Feature",
      "properties": {
        "name": "J.S.Friedenspark",
        "info": "",
        "category": "Grünanlage"
      },
      "geometry": {
        "type": "Point",
        "coordinates": [
          13.589071718667748,
          52.53154067825748
        ]
      }
    },
    {
      "type": "Feature",
      "properties": {
        "name": "Märkischer Garten mit Festplatz",
        "info": "",
        "category": "Grünanlage"
      },
      "geometry": {
        "type": "Point",
        "coordinates": [
          13.587530681413368,
          52.52984367336395
        ]
      }
    },
    {
      "type": "Feature",
      "properties": {
        "name": "Groß-Berliner Damm Gleislinse Jo GA",
        "info": "von S-Bhf.-Schöneweide nach S-Bhf.-Adlershof",
        "category": "Grünanlage"
      },
      "geometry": {
        "type": "Point",
        "coordinates": [
          13.523090524548072,
          52.44689159961091
        ]
      }
    },
    {
      "type": "Feature",
      "properties": {
        "name": "Straße 264",
        "info": "",
        "category": "Grünanlage"
      },
      "geometry": {
        "type": "Point",
        "coordinates": [
          13.176649866387638,
          52.482512534146615
        ]
      }
    },
    {
      "type": "Feature",
      "properties": {
        "name": "Ringkolonnaden - DEGEWO-Fläche",
        "info": "Teilung 31.01.2019, 1. Teilfläche",
        "category": "Grünanlage"
      },
      "geometry": {
        "type": "Point",
        "coordinates": [
          13.56148333637975,
          52.55306151187243
        ]
      }
    },
    {
      "type": "Feature",
      "properties": {
        "name": "Dolgenseestr. 43 / Rodelberg / GA",
        "info": "",
        "category": "Grünanlage"
      },
      "geometry": {
        "type": "Point",
        "coordinates": [
          13.50153875497136,
          52.495891146173044
        ]
      }
    },
    {
      "type": "Feature",
      "properties": {
        "name": "Bullengrabengrünzug VI-Metropolitan Park",
        "info": "ehem  Krankenhaus Staaken-West",
        "category": "Grünanlage"
      },
      "geometry": {
        "type": "Point",
        "coordinates": [
          13.133192777095363,
          52.53213651088761
        ]
      }
    },
    {
      "type": "Feature",
      "properties": {
        "name": "Grevesmühlener Str. 43 / GA hinter 'Leo's Hütte'",
        "info": "",
        "category": "Grünanlage"
      },
      "geometry": {
        "type": "Point",
        "coordinates": [
          13.517416679206756,
          52.5707141412385
        ]
      }
    },
    {
      "type": "Feature",
      "properties": {
        "name": "Egelpfuhlgraben-Grünzug-Erweiterungsflächen",
        "info": "",
        "category": "Grünanlage"
      },
      "geometry": {
        "type": "Point",
        "coordinates": [
          13.167810874657544,
          52.528288037887954
        ]
      }
    },
    {
      "type": "Feature",
      "properties": {
        "name": "Ufergrünzug Dischinger Brücke bis DB-Brücke",
        "info": "Sternbergpromenade",
        "category": "Grünanlage"
      },
      "geometry": {
        "type": "Point",
        "coordinates": [
          13.20060291886114,
          52.53261693976119
        ]
      }
    },
    {
      "type": "Feature",
      "properties": {
        "name": "Kynaststr. 4, 5",
        "info": "am Uferweg Paul-und-Paula-Ufer",
        "category": "Grünanlage"
      },
      "geometry": {
        "type": "Point",
        "coordinates": [
          13.468846762278114,
          52.499386589689905
        ]
      }
    },
    {
      "type": "Feature",
      "properties": {
        "name": "Großer Tiergarten - Steppengarten",
        "info": "",
        "category": "Grünanlage"
      },
      "geometry": {
        "type": "Point",
        "coordinates": [
          13.371145232338389,
          52.51433035465619
        ]
      }
    },
    {
      "type": "Feature",
      "properties": {
        "name": "Großer Tiergarten - Steingarten",
        "info": "im Englischen Garten",
        "category": "Grünanlage"
      },
      "geometry": {
        "type": "Point",
        "coordinates": [
          13.347124881201559,
          52.5176127685901
        ]
      }
    },
    {
      "type": "Feature",
      "properties": {
        "name": "Paradiesgärten Schönagelstraße",
        "info": "Kiezpark Schönagelstraße",
        "category": "Grünanlage"
      },
      "geometry": {
        "type": "Point",
        "coordinates": [
          13.571452040957634,
          52.54824343972307
        ]
      }
    },
    {
      "type": "Feature",
      "properties": {
        "name": "Fennpfuhlweg 65 / GA hinter Sportanlage Wartenberg",
        "info": "",
        "category": "Grünanlage"
      },
      "geometry": {
        "type": "Point",
        "coordinates": [
          13.513879303665867,
          52.57856336627348
        ]
      }
    },
    {
      "type": "Feature",
      "properties": {
        "name": "Gartenufer",
        "info": "am Landwehrkanal",
        "category": "Grünanlage"
      },
      "geometry": {
        "type": "Point",
        "coordinates": [
          13.339571949104464,
          52.510028684147876
        ]
      }
    },
    {
      "type": "Feature",
      "properties": {
        "name": "Hegemeisterweg 1",
        "info": "",
        "category": "Grünanlage"
      },
      "geometry": {
        "type": "Point",
        "coordinates": [
          13.506888423882076,
          52.47833886355985
        ]
      }
    },
    {
      "type": "Feature",
      "properties": {
        "name": "Um Gründerzeitmuseum",
        "info": "Gutspark Mahlsdorf",
        "category": "Grünanlage"
      },
      "geometry": {
        "type": "Point",
        "coordinates": [
          13.6137935588641,
          52.50226463771521
        ]
      }
    },
    {
      "type": "Feature",
      "properties": {
        "name": "Lindholzweg - Grünanlage",
        "info": "",
        "category": "Grünanlage"
      },
      "geometry": {
        "type": "Point",
        "coordinates": [
          13.430357705345802,
          52.415987253215896
        ]
      }
    },
    {
      "type": "Feature",
      "properties": {
        "name": "Gutspark Britz Rosarium",
        "info": "",
        "category": "Grünanlage"
      },
      "geometry": {
        "type": "Point",
        "coordinates": [
          13.439180029055834,
          52.447574070037454
        ]
      }
    },
    {
      "type": "Feature",
      "properties": {
        "name": "Gutshof Britz - Teil 2",
        "info": "",
        "category": "Grünanlage"
      },
      "geometry": {
        "type": "Point",
        "coordinates": [
          13.438486403213082,
          52.445571190730604
        ]
      }
    },
    {
      "type": "Feature",
      "properties": {
        "name": "Volkspark am Weinbergsweg",
        "info": "Nordwestteil Brunnenstr./Veteranenberg",
        "category": "Grünanlage"
      },
      "geometry": {
        "type": "Point",
        "coordinates": [
          13.400574699543926,
          52.532272025336376
        ]
      }
    },
    {
      "type": "Feature",
      "properties": {
        "name": "Windmühlenberg-Erweiterungsfläche",
        "info": "südl Bockwindmühle Gatow",
        "category": "Grünanlage"
      },
      "geometry": {
        "type": "Point",
        "coordinates": [
          13.180793245355028,
          52.48432235570081
        ]
      }
    },
    {
      "type": "Feature",
      "properties": {
        "name": "Am Wartenberger Luch / nördlich Nr. 3-41",
        "info": "",
        "category": "Grünanlage"
      },
      "geometry": {
        "type": "Point",
        "coordinates": [
          13.522642440392831,
          52.57606337693422
        ]
      }
    },
    {
      "type": "Feature",
      "properties": {
        "name": "Ahornallee / Wartenberger Feldmark",
        "info": "",
        "category": "Grünanlage"
      },
      "geometry": {
        "type": "Point",
        "coordinates": [
          13.504321412302748,
          52.58528938273218
        ]
      }
    },
    {
      "type": "Feature",
      "properties": {
        "name": "Landmarke / Wartenberger Feldmark",
        "info": "",
        "category": "Grünanlage"
      },
      "geometry": {
        "type": "Point",
        "coordinates": [
          13.506203150530629,
          52.59172702178298
        ]
      }
    },
    {
      "type": "Feature",
      "properties": {
        "name": "Schälingsweg / Wartenberger Feldmark",
        "info": "",
        "category": "Grünanlage"
      },
      "geometry": {
        "type": "Point",
        "coordinates": [
          13.507203382358377,
          52.58771081394245
        ]
      }
    },
    {
      "type": "Feature",
      "properties": {
        "name": "Wiesenweg / Wartenberger Feldmark",
        "info": "",
        "category": "Grünanlage"
      },
      "geometry": {
        "type": "Point",
        "coordinates": [
          13.506420633112542,
          52.58225927479859
        ]
      }
    },
    {
      "type": "Feature",
      "properties": {
        "name": "Wartenberger Feldmarkweg",
        "info": "",
        "category": "Grünanlage"
      },
      "geometry": {
        "type": "Point",
        "coordinates": [
          13.509836597482083,
          52.587241163479085
        ]
      }
    },
    {
      "type": "Feature",
      "properties": {
        "name": "Cecilienplatz",
        "info": "",
        "category": "Grünanlage"
      },
      "geometry": {
        "type": "Point",
        "coordinates": [
          13.313257760030362,
          52.62424031066049
        ]
      }
    },
    {
      "type": "Feature",
      "properties": {
        "name": "Pappelweg / Wartenberger Feldmark",
        "info": "",
        "category": "Grünanlage"
      },
      "geometry": {
        "type": "Point",
        "coordinates": [
          13.515887409855033,
          52.584764039999996
        ]
      }
    },
    {
      "type": "Feature",
      "properties": {
        "name": "Kleiner Tiergarten West",
        "info": "westlich der Stromstraße",
        "category": "Grünanlage"
      },
      "geometry": {
        "type": "Point",
        "coordinates": [
          13.341584711895822,
          52.52591787088582
        ]
      }
    },
    {
      "type": "Feature",
      "properties": {
        "name": "Volkspark Humboldthain, Gewässerlauf",
        "info": "",
        "category": "Grünanlage"
      },
      "geometry": {
        "type": "Point",
        "coordinates": [
          13.38773745923932,
          52.546067677763226
        ]
      }
    },
    {
      "type": "Feature",
      "properties": {
        "name": "Spitzwegerichweg Pappeln Fr GA",
        "info": "Zwischen KGA Erpetal und Weide B",
        "category": "Grünanlage"
      },
      "geometry": {
        "type": "Point",
        "coordinates": [
          13.610964946249142,
          52.459161207643284
        ]
      }
    },
    {
      "type": "Feature",
      "properties": {
        "name": "Park an der Südpanke",
        "info": "nördlich Ida-von-Arnim-Str",
        "category": "Grünanlage"
      },
      "geometry": {
        "type": "Point",
        "coordinates": [
          13.373814018544266,
          52.53592498173336
        ]
      }
    },
    {
      "type": "Feature",
      "properties": {
        "name": "Windmühlenberg-NSG-33",
        "info": "zw. Am Berghang und An den Berggärten",
        "category": "Grünanlage"
      },
      "geometry": {
        "type": "Point",
        "coordinates": [
          13.177736981415382,
          52.48590110170294
        ]
      }
    },
    {
      "type": "Feature",
      "properties": {
        "name": "Landschaftspark Rudow-Altglienicke",
        "info": "",
        "category": "Grünanlage"
      },
      "geometry": {
        "type": "Point",
        "coordinates": [
          13.517540747704942,
          52.407274544299995
        ]
      }
    },
    {
      "type": "Feature",
      "properties": {
        "name": "Carl-Weder-Park",
        "info": "",
        "category": "Grünanlage"
      },
      "geometry": {
        "type": "Point",
        "coordinates": [
          13.425714820398484,
          52.46142936901424
        ]
      }
    },
    {
      "type": "Feature",
      "properties": {
        "name": "Anita-Berber-Park",
        "info": "",
        "category": "Grünanlage"
      },
      "geometry": {
        "type": "Point",
        "coordinates": [
          13.424423973568473,
          52.47202323716684
        ]
      }
    },
    {
      "type": "Feature",
      "properties": {
        "name": "Corneliusufer",
        "info": "Uferweg am Landwehrkanal",
        "category": "Grünanlage"
      },
      "geometry": {
        "type": "Point",
        "coordinates": [
          13.344690048809143,
          52.50875705547965
        ]
      }
    },
    {
      "type": "Feature",
      "properties": {
        "name": "Germanenplatz Ag GA",
        "info": "",
        "category": "Grünanlage"
      },
      "geometry": {
        "type": "Point",
        "coordinates": [
          13.547554695347987,
          52.4171059537939
        ]
      }
    },
    {
      "type": "Feature",
      "properties": {
        "name": "Grünanlage-II Falkenseer Damm  Ackerstr",
        "info": "",
        "category": "Grünanlage"
      },
      "geometry": {
        "type": "Point",
        "coordinates": [
          13.195051423374439,
          52.545534362408695
        ]
      }
    },
    {
      "type": "Feature",
      "properties": {
        "name": "Volkspark Rehberge",
        "info": "Weg zur Freilichtbühne",
        "category": "Grünanlage"
      },
      "geometry": {
        "type": "Point",
        "coordinates": [
          13.3314331386072,
          52.55469172025302
        ]
      }
    },
    {
      "type": "Feature",
      "properties": {
        "name": "Biotopfläche Allee du Stade",
        "info": "",
        "category": "Grünanlage"
      },
      "geometry": {
        "type": "Point",
        "coordinates": [
          13.311576792645829,
          52.549809090893945
        ]
      }
    },
    {
      "type": "Feature",
      "properties": {
        "name": "westl. Zingergraben",
        "info": "",
        "category": "Grünanlage"
      },
      "geometry": {
        "type": "Point",
        "coordinates": [
          13.38399221727976,
          52.58322545174003
        ]
      }
    },
    {
      "type": "Feature",
      "properties": {
        "name": "Eichepark Beweidungsflächen",
        "info": "ehem.Teilfläche vom Eichepark (00151)",
        "category": "Grünanlage"
      },
      "geometry": {
        "type": "Point",
        "coordinates": [
          13.579764070198866,
          52.561704320882455
        ]
      }
    },
    {
      "type": "Feature",
      "properties": {
        "name": "Mühle Dorf Alt-Marzahn",
        "info": "",
        "category": "Grünanlage"
      },
      "geometry": {
        "type": "Point",
        "coordinates": [
          13.563504271351407,
          52.544021727944745
        ]
      }
    },
    {
      "type": "Feature",
      "properties": {
        "name": "Um Ahrensfelder Berge",
        "info": "",
        "category": "Grünanlage"
      },
      "geometry": {
        "type": "Point",
        "coordinates": [
          13.581822199591473,
          52.55876028296947
        ]
      }
    },
    {
      "type": "Feature",
      "properties": {
        "name": "Fläche westlich des Tierfriedhofs",
        "info": "Falkenberg",
        "category": "Grünanlage"
      },
      "geometry": {
        "type": "Point",
        "coordinates": [
          13.53988958857546,
          52.57655937237791
        ]
      }
    },
    {
      "type": "Feature",
      "properties": {
        "name": "Fläche nordwestlich des Tierheims",
        "info": "",
        "category": "Grünanlage"
      },
      "geometry": {
        "type": "Point",
        "coordinates": [
          13.542155001699715,
          52.5783339769545
        ]
      }
    },
    {
      "type": "Feature",
      "properties": {
        "name": "Treskowallee 175-211/ Weg und Bäume Ob GA",
        "info": "Radweg",
        "category": "Grünanlage"
      },
      "geometry": {
        "type": "Point",
        "coordinates": [
          13.524938387738798,
          52.47092938757111
        ]
      }
    },
    {
      "type": "Feature",
      "properties": {
        "name": "Gehrensee-Park / üblich / Grünanlage",
        "info": "",
        "category": "Grünanlage"
      },
      "geometry": {
        "type": "Point",
        "coordinates": [
          13.562311177873168,
          52.57755144278243
        ]
      }
    },
    {
      "type": "Feature",
      "properties": {
        "name": "Schleidenplatz",
        "info": "",
        "category": "Grünanlage"
      },
      "geometry": {
        "type": "Point",
        "coordinates": [
          13.472228415146509,
          52.51526480064355
        ]
      }
    },
    {
      "type": "Feature",
      "properties": {
        "name": "Herzbergstr. 80 / Weidefläche ehem. Zeltlager",
        "info": "",
        "category": "Grünanlage"
      },
      "geometry": {
        "type": "Point",
        "coordinates": [
          13.503976626324848,
          52.528828372941284
        ]
      }
    },
    {
      "type": "Feature",
      "properties": {
        "name": "Weidefläche zw. Gotlindestr. & Herzbergstr.",
        "info": "",
        "category": "Grünanlage"
      },
      "geometry": {
        "type": "Point",
        "coordinates": [
          13.505302495204242,
          52.520441376933874
        ]
      }
    },
    {
      "type": "Feature",
      "properties": {
        "name": "Grünfläche hinter Rhinstr. 51-77/am Südbecken",
        "info": "",
        "category": "Grünanlage"
      },
      "geometry": {
        "type": "Point",
        "coordinates": [
          13.517066834555873,
          52.52530171156599
        ]
      }
    },
    {
      "type": "Feature",
      "properties": {
        "name": "Potsdamer Platzareal Urbane Gewässer",
        "info": "Wasserbecken Reichpietschufer",
        "category": "Grünanlage"
      },
      "geometry": {
        "type": "Point",
        "coordinates": [
          13.372787386268717,
          52.504971488081196
        ]
      }
    },
    {
      "type": "Feature",
      "properties": {
        "name": "Weidefläche zw. Zingster Str. und Wartenberger Weg",
        "info": "",
        "category": "Grünanlage"
      },
      "geometry": {
        "type": "Point",
        "coordinates": [
          13.494539408422654,
          52.57570454427636
        ]
      }
    },
    {
      "type": "Feature",
      "properties": {
        "name": "Malchower See Park / HSH Weg",
        "info": "",
        "category": "Grünanlage"
      },
      "geometry": {
        "type": "Point",
        "coordinates": [
          13.487743873527801,
          52.57047067714501
        ]
      }
    },
    {
      "type": "Feature",
      "properties": {
        "name": "Dorf Alt -Marzahn Weideflächen",
        "info": "",
        "category": "Grünanlage"
      },
      "geometry": {
        "type": "Point",
        "coordinates": [
          13.562613234661058,
          52.544261029972354
        ]
      }
    },
    {
      "type": "Feature",
      "properties": {
        "name": "Pablo-Picasso-Str. neben 12",
        "info": "",
        "category": "Grünanlage"
      },
      "geometry": {
        "type": "Point",
        "coordinates": [
          13.518569071590258,
          52.562671543105935
        ]
      }
    },
    {
      "type": "Feature",
      "properties": {
        "name": "Grünzug Albrechtshof-Landesgrenze",
        "info": "Grünes Band-Radweg der Sympathie",
        "category": "Grünanlage"
      },
      "geometry": {
        "type": "Point",
        "coordinates": [
          13.137755007481012,
          52.552520920215514
        ]
      }
    },
    {
      "type": "Feature",
      "properties": {
        "name": "Windmühlenberg",
        "info": "",
        "category": "Grünanlage"
      },
      "geometry": {
        "type": "Point",
        "coordinates": [
          13.178781231174296,
          52.484385290422715
        ]
      }
    },
    {
      "type": "Feature",
      "properties": {
        "name": "Spektegrünzug D-Weide",
        "info": "",
        "category": "Grünanlage"
      },
      "geometry": {
        "type": "Point",
        "coordinates": [
          13.147696759849415,
          52.55890148600963
        ]
      }
    },
    {
      "type": "Feature",
      "properties": {
        "name": "Hahneberg-GA Hänge und Weiden",
        "info": "",
        "category": "Grünanlage"
      },
      "geometry": {
        "type": "Point",
        "coordinates": [
          13.145601364850592,
          52.52018166589263
        ]
      }
    },
    {
      "type": "Feature",
      "properties": {
        "name": "Frieda-Arnheim-Promenade-GA",
        "info": "zw Brauereihof-Triftstaße an der Havel",
        "category": "Grünanlage"
      },
      "geometry": {
        "type": "Point",
        "coordinates": [
          13.211116806669196,
          52.54547842369069
        ]
      }
    },
    {
      "type": "Feature",
      "properties": {
        "name": "Rudower Höhe-West",
        "info": "",
        "category": "Grünanlage"
      },
      "geometry": {
        "type": "Point",
        "coordinates": [
          13.517058731755544,
          52.41795682326107
        ]
      }
    },
    {
      "type": "Feature",
      "properties": {
        "name": "Rudower Höhe Trapez",
        "info": "",
        "category": "Grünanlage"
      },
      "geometry": {
        "type": "Point",
        "coordinates": [
          13.5205014265994,
          52.42029064473875
        ]
      }
    },
    {
      "type": "Feature",
      "properties": {
        "name": "Volkspark Jungfernheide -  ehem. Wildgehege",
        "info": "Ehem. Wildgehege",
        "category": "Grünanlage"
      },
      "geometry": {
        "type": "Point",
        "coordinates": [
          13.293603389046535,
          52.54477437157336
        ]
      }
    },
    {
      "type": "Feature",
      "properties": {
        "name": "Bullengrabengrünzug IV-Stieglake",
        "info": "Stieglakebecken bis Brunsbütteler Damm",
        "category": "Grünanlage"
      },
      "geometry": {
        "type": "Point",
        "coordinates": [
          13.14516899557973,
          52.530403359674125
        ]
      }
    },
    {
      "type": "Feature",
      "properties": {
        "name": "Lilienthal-Gedenkstätte WG - Teil 3/3",
        "info": "Spiegelbecken",
        "category": "Grünanlage"
      },
      "geometry": {
        "type": "Point",
        "coordinates": [
          13.327882866376816,
          52.413855047610674
        ]
      }
    },
    {
      "type": "Feature",
      "properties": {
        "name": "Sangeallee 50 / GA temporär",
        "info": "",
        "category": "Grünanlage"
      },
      "geometry": {
        "type": "Point",
        "coordinates": [
          13.516807019331575,
          52.486696571623675
        ]
      }
    },
    {
      "type": "Feature",
      "properties": {
        "name": "Grünverbindung (Porta)",
        "info": "",
        "category": "Grünanlage"
      },
      "geometry": {
        "type": "Point",
        "coordinates": [
          13.624675897057498,
          52.500092402940126
        ]
      }
    },
    {
      "type": "Feature",
      "properties": {
        "name": "Cardinalplatz 1C Wuhlegarten Köp GA",
        "info": "Interkultureller Garten",
        "category": "Grünanlage"
      },
      "geometry": {
        "type": "Point",
        "coordinates": [
          13.57036502583324,
          52.45622266145098
        ]
      }
    },
    {
      "type": "Feature",
      "properties": {
        "name": "Öffentliche Grünanlage",
        "info": "Teterower Ring (168)",
        "category": "Grünanlage"
      },
      "geometry": {
        "type": "Point",
        "coordinates": [
          13.581085689075094,
          52.523424205180525
        ]
      }
    },
    {
      "type": "Feature",
      "properties": {
        "name": "Köpenicker Landstraße \nMinna-Todenhagen-Straße Nie SOP",
        "info": "im Bau - gehört zu PO 050071",
        "category": "Grünanlage"
      },
      "geometry": {
        "type": "Point",
        "coordinates": [
          13.49971082948485,
          52.46742212575034
        ]
      }
    },
    {
      "type": "Feature",
      "properties": {
        "name": "Nalepastraße an der KGA Wilhelmstrand / Bunker",
        "info": "Bunker",
        "category": "Grünanlage"
      },
      "geometry": {
        "type": "Point",
        "coordinates": [
          13.500438862336587,
          52.475560487801935
        ]
      }
    },
    {
      "type": "Feature",
      "properties": {
        "name": "Grabens. Hlgs., Heiligenseegraben",
        "info": "",
        "category": "Grünanlage"
      },
      "geometry": {
        "type": "Point",
        "coordinates": [
          13.219728668468855,
          52.60755431577097
        ]
      }
    },
    {
      "type": "Feature",
      "properties": {
        "name": "Minna-Todenhagen-Straße Ob GA",
        "info": "",
        "category": "Grünanlage"
      },
      "geometry": {
        "type": "Point",
        "coordinates": [
          13.503519901691822,
          52.47081540727364
        ]
      }
    },
    {
      "type": "Feature",
      "properties": {
        "name": "Geschichtspark Vorflächen",
        "info": "Flächen vor ehemaliger Friedhofsmauer",
        "category": "Grünanlage"
      },
      "geometry": {
        "type": "Point",
        "coordinates": [
          13.366793378070552,
          52.52761862470218
        ]
      }
    },
    {
      "type": "Feature",
      "properties": {
        "name": "Borsigdamm, am Borsighafen",
        "info": "",
        "category": "Grünanlage"
      },
      "geometry": {
        "type": "Point",
        "coordinates": [
          13.275765515402508,
          52.58337381494729
        ]
      }
    },
    {
      "type": "Feature",
      "properties": {
        "name": "Greenwichpromenade hochwertig",
        "info": "",
        "category": "Grünanlage"
      },
      "geometry": {
        "type": "Point",
        "coordinates": [
          13.274466777393494,
          52.58678990302413
        ]
      }
    },
    {
      "type": "Feature",
      "properties": {
        "name": "Geschichtspark Zufahrt Lehrter Str. 5 b - d",
        "info": "",
        "category": "Grünanlage"
      },
      "geometry": {
        "type": "Point",
        "coordinates": [
          13.365303381915787,
          52.52773763717155
        ]
      }
    },
    {
      "type": "Feature",
      "properties": {
        "name": "Malvenweg/ Kleiner Mohnweg (Gabione) Ag GA",
        "info": "",
        "category": "Grünanlage"
      },
      "geometry": {
        "type": "Point",
        "coordinates": [
          13.547671416662391,
          52.408409619451064
        ]
      }
    },
    {
      "type": "Feature",
      "properties": {
        "name": "Nauener Platz",
        "info": "Baustelleneinrichtung Süd auf Grünanlage",
        "category": "Grünanlage"
      },
      "geometry": {
        "type": "Point",
        "coordinates": [
          13.367970508974828,
          52.55233179335887
        ]
      }
    },
    {
      "type": "Feature",
      "properties": {
        "name": "Mentelinstraße/ Wattstraße Ob GA",
        "info": "eingezäunte Fläche Zugang über Wattstraße ggü. Heckenweg",
        "category": "Grünanlage"
      },
      "geometry": {
        "type": "Point",
        "coordinates": [
          13.510240517127327,
          52.47209691709215
        ]
      }
    },
    {
      "type": "Feature",
      "properties": {
        "name": "Moorlinse",
        "info": "Moorlinse südl, Am Sandhaus. westl. kleine Wiltbergstraße",
        "category": "Grünanlage"
      },
      "geometry": {
        "type": "Point",
        "coordinates": [
          13.484620612939912,
          52.63503432669083
        ]
      }
    },
    {
      "type": "Feature",
      "properties": {
        "name": "Buckower Felder-Mauerweg",
        "info": "",
        "category": "Grünanlage"
      },
      "geometry": {
        "type": "Point",
        "coordinates": [
          13.430873009861374,
          52.412392491099666
        ]
      }
    },
    {
      "type": "Feature",
      "properties": {
        "name": "Stresemannstr. zw. 38-44",
        "info": "Wilhelmstr. zw. 131 und 138",
        "category": "Grünanlage"
      },
      "geometry": {
        "type": "Point",
        "coordinates": [
          13.38760452188188,
          52.50121970931919
        ]
      }
    },
    {
      "type": "Feature",
      "properties": {
        "name": "Verlängerte Uferpromenade-GA II",
        "info": "ggü Badestelle sog.Moorloch",
        "category": "Grünanlage"
      },
      "geometry": {
        "type": "Point",
        "coordinates": [
          13.11721177763949,
          52.46022824286492
        ]
      }
    },
    {
      "type": "Feature",
      "properties": {
        "name": "Staaken West-I-Zauneidechsenhabitat",
        "info": "Am Zeppelinpark",
        "category": "Grünanlage"
      },
      "geometry": {
        "type": "Point",
        "coordinates": [
          13.129332914293297,
          52.5333867442763
        ]
      }
    },
    {
      "type": "Feature",
      "properties": {
        "name": "Staaken West-II-GA",
        "info": "Am Zepplinpark",
        "category": "Grünanlage"
      },
      "geometry": {
        "type": "Point",
        "coordinates": [
          13.134413829411104,
          52.53024679054002
        ]
      }
    },
    {
      "type": "Feature",
      "properties": {
        "name": "Bullengrabengrünzug VII-histor sog Grohmannfläche",
        "info": "LPV-Pflege südl Stieglakebecken",
        "category": "Grünanlage"
      },
      "geometry": {
        "type": "Point",
        "coordinates": [
          13.148291676856148,
          52.528555757630755
        ]
      }
    },
    {
      "type": "Feature",
      "properties": {
        "name": "Grimnitzseepark-Havelspitze",
        "info": "Grimnitzgraben",
        "category": "Grünanlage"
      },
      "geometry": {
        "type": "Point",
        "coordinates": [
          13.203025715451563,
          52.513549245656094
        ]
      }
    },
    {
      "type": "Feature",
      "properties": {
        "name": "Haselhorster Damm-Saatwinkler Damm-GA",
        "info": "an der Weihnachtskirche",
        "category": "Grünanlage"
      },
      "geometry": {
        "type": "Point",
        "coordinates": [
          13.238186567357415,
          52.54679915192858
        ]
      }
    },
    {
      "type": "Feature",
      "properties": {
        "name": "Park am Weidengrund",
        "info": "",
        "category": "Grünanlage"
      },
      "geometry": {
        "type": "Point",
        "coordinates": [
          13.576351295716847,
          52.56012480675082
        ]
      }
    },
    {
      "type": "Feature",
      "properties": {
        "name": "Treskowallee 175-211/ Biotopfläche Ob GA",
        "info": "GUS-Flächen",
        "category": "Grünanlage"
      },
      "geometry": {
        "type": "Point",
        "coordinates": [
          13.52717680059964,
          52.46991759757433
        ]
      }
    },
    {
      "type": "Feature",
      "properties": {
        "name": "Volkradstr. 22-32 / Passage / üblich",
        "info": "",
        "category": "Grünanlage"
      },
      "geometry": {
        "type": "Point",
        "coordinates": [
          13.505965852876745,
          52.499465744440194
        ]
      }
    },
    {
      "type": "Feature",
      "properties": {
        "name": "Schleusenkrug",
        "info": "Pachtfläche",
        "category": "Grünanlage"
      },
      "geometry": {
        "type": "Point",
        "coordinates": [
          13.335670124666965,
          52.51122288612539
        ]
      }
    },
    {
      "type": "Feature",
      "properties": {
        "name": "Leopoldplatz an der Alten Nazarethkirche",
        "info": "",
        "category": "Grünanlage"
      },
      "geometry": {
        "type": "Point",
        "coordinates": [
          13.3598737186176,
          52.547525078270446
        ]
      }
    },
    {
      "type": "Feature",
      "properties": {
        "name": "Hoppendorfer Straße/ Wuhlegrünzug Köp GA",
        "info": "von Mozartstraße/ Zum Wuhleblick bis Bischoftaler Straße mit Radweg",
        "category": "Grünanlage"
      },
      "geometry": {
        "type": "Point",
        "coordinates": [
          13.567139974594745,
          52.46908810013036
        ]
      }
    },
    {
      "type": "Feature",
      "properties": {
        "name": "Lisa-Fittko-Str./ George-Stephenson-Str.",
        "info": "Grünanlage",
        "category": "Grünanlage"
      },
      "geometry": {
        "type": "Point",
        "coordinates": [
          13.365801579299541,
          52.53145194724026
        ]
      }
    },
    {
      "type": "Feature",
      "properties": {
        "name": "Kienberg/Wuhletal",
        "info": "15 Ergänzung",
        "category": "Grünanlage"
      },
      "geometry": {
        "type": "Point",
        "coordinates": [
          13.584121279806757,
          52.53250065848874
        ]
      }
    },
    {
      "type": "Feature",
      "properties": {
        "name": "Regattastraße Uferweg Gr GA",
        "info": "ohne Pflege",
        "category": "Grünanlage"
      },
      "geometry": {
        "type": "Point",
        "coordinates": [
          13.583799290569797,
          52.414516331200275
        ]
      }
    },
    {
      "type": "Feature",
      "properties": {
        "name": "Gehrenseestr. / zw. S-Bhf und P.-Picasso-Str.",
        "info": "",
        "category": "Grünanlage"
      },
      "geometry": {
        "type": "Point",
        "coordinates": [
          13.52650186027465,
          52.55630953874246
        ]
      }
    },
    {
      "type": "Feature",
      "properties": {
        "name": "Spreeuferpromenade Paula-Thiede Ufer",
        "info": "",
        "category": "Grünanlage"
      },
      "geometry": {
        "type": "Point",
        "coordinates": [
          13.42821231687157,
          52.50916794684366
        ]
      }
    },
    {
      "type": "Feature",
      "properties": {
        "name": "Verlängerte Uferpromenade II",
        "info": "Groß-Glienicker-See",
        "category": "Grünanlage"
      },
      "geometry": {
        "type": "Point",
        "coordinates": [
          13.112898685480035,
          52.45676346726284
        ]
      }
    },
    {
      "type": "Feature",
      "properties": {
        "name": "Gleyeweg / Rummelsburger Landstraße",
        "info": "",
        "category": "Grünanlage"
      },
      "geometry": {
        "type": "Point",
        "coordinates": [
          13.506470264262049,
          52.47686238498629
        ]
      }
    },
    {
      "type": "Feature",
      "properties": {
        "name": "Ullrichplatz - Teil 2",
        "info": "Ullrichstraße",
        "category": "Grünanlage"
      },
      "geometry": {
        "type": "Point",
        "coordinates": [
          13.60429763656801,
          52.47959890612659
        ]
      }
    },
    {
      "type": "Feature",
      "properties": {
        "name": "Herkulesufer",
        "info": "",
        "category": "Grünanlage"
      },
      "geometry": {
        "type": "Point",
        "coordinates": [
          13.354197678247239,
          52.50617583376264
        ]
      }
    },
    {
      "type": "Feature",
      "properties": {
        "name": "Grünanlage Havelländer Ring",
        "info": "",
        "category": "Grünanlage"
      },
      "geometry": {
        "type": "Point",
        "coordinates": [
          13.594813309704557,
          52.54272091718284
        ]
      }
    },
    {
      "type": "Feature",
      "properties": {
        "name": "Sömmeringstr. 5a - Grünanlage",
        "info": "Österreichgarten",
        "category": "Grünanlage"
      },
      "geometry": {
        "type": "Point",
        "coordinates": [
          13.304510559825989,
          52.521923299213995
        ]
      }
    },
    {
      "type": "Feature",
      "properties": {
        "name": "Quartierspark Randowstr. 11-13 / GA hochwertig",
        "info": "Premium-Anlage",
        "category": "Grünanlage"
      },
      "geometry": {
        "type": "Point",
        "coordinates": [
          13.525019592353882,
          52.5658130993136
        ]
      }
    },
    {
      "type": "Feature",
      "properties": {
        "name": "Möckernstr. 131/ Kleinbeerenstr.",
        "info": "Durchwegung Hallesche Str. neben 20",
        "category": "Grünanlage"
      },
      "geometry": {
        "type": "Point",
        "coordinates": [
          13.38284535769355,
          52.50087969386129
        ]
      }
    },
    {
      "type": "Feature",
      "properties": {
        "name": "Helga-Hahnemann-Straße Nie GA",
        "info": "im Bau/ B-Plan XV-11",
        "category": "Grünanlage"
      },
      "geometry": {
        "type": "Point",
        "coordinates": [
          13.516543254589584,
          52.45701195480382
        ]
      }
    },
    {
      "type": "Feature",
      "properties": {
        "name": "Hochzeitspark Marzahn Teil 2",
        "info": "zw. Ludwig-Renn-Straße und A.-Döblin-Straße",
        "category": "Grünanlage"
      },
      "geometry": {
        "type": "Point",
        "coordinates": [
          13.554070453918518,
          52.55105283397638
        ]
      }
    },
    {
      "type": "Feature",
      "properties": {
        "name": "Bruno-Baum-Straße - Grünzug Teil 2",
        "info": "zw. Poelchaustr. und Landsberger Allee",
        "category": "Grünanlage"
      },
      "geometry": {
        "type": "Point",
        "coordinates": [
          13.539617498030925,
          52.53684855751488
        ]
      }
    },
    {
      "type": "Feature",
      "properties": {
        "name": "Kesselpfuhlgraben",
        "info": "",
        "category": "Grünanlage"
      },
      "geometry": {
        "type": "Point",
        "coordinates": [
          13.317467572037831,
          52.59081602653931
        ]
      }
    },
    {
      "type": "Feature",
      "properties": {
        "name": "Moabiter Werder Bundeskanzleramt",
        "info": "",
        "category": "Grünanlage"
      },
      "geometry": {
        "type": "Point",
        "coordinates": [
          13.36430194912627,
          52.52072139598508
        ]
      }
    },
    {
      "type": "Feature",
      "properties": {
        "name": "Spitzwegerichweg Fr GA",
        "info": "Zwischen KGA Erpetal und Weide B",
        "category": "Grünanlage"
      },
      "geometry": {
        "type": "Point",
        "coordinates": [
          13.61206272885616,
          52.45997584401428
        ]
      }
    },
    {
      "type": "Feature",
      "properties": {
        "name": "Neuhagener Fließ Köp GA",
        "info": "südlich Fürstenwalder Damm/ Freiarmbrücke",
        "category": "Grünanlage"
      },
      "geometry": {
        "type": "Point",
        "coordinates": [
          13.595014391382426,
          52.452671426274215
        ]
      }
    },
    {
      "type": "Feature",
      "properties": {
        "name": "Am Neuhagener Mühlenfließ Fr GA",
        "info": "LSG von Landesgrenze bis Brücke Hauptweg KGA Wiesengrund",
        "category": "Grünanlage"
      },
      "geometry": {
        "type": "Point",
        "coordinates": [
          13.623822545369812,
          52.4655237873417
        ]
      }
    },
    {
      "type": "Feature",
      "properties": {
        "name": "Am Neuhagener Mühlenfließ Fr GA",
        "info": "LSG von Brücke Hauptweg KGA Wiesengrund bis Brücke KGA Am Kurpark",
        "category": "Grünanlage"
      },
      "geometry": {
        "type": "Point",
        "coordinates": [
          13.621544807474589,
          52.46411686028692
        ]
      }
    },
    {
      "type": "Feature",
      "properties": {
        "name": "Erpetal/ Neuhagener Mühlenfließ Fr GA",
        "info": "LSG von Brücke KGA Am Kurpark bis Hinter dem Kurpark (Straße)",
        "category": "Grünanlage"
      },
      "geometry": {
        "type": "Point",
        "coordinates": [
          13.619104169315081,
          52.460381596865524
        ]
      }
    },
    {
      "type": "Feature",
      "properties": {
        "name": "Am Wiesenrain Fr GA",
        "info": "westlich von 110021",
        "category": "Grünanlage"
      },
      "geometry": {
        "type": "Point",
        "coordinates": [
          13.610268406792978,
          52.4572569037864
        ]
      }
    },
    {
      "type": "Feature",
      "properties": {
        "name": "Neuhagener Mühlenfließ Erpe Fr GA",
        "info": "LSG von Am Wiesenrain bis Brücke Grillenweg/ einschl. Grillenweg",
        "category": "Grünanlage"
      },
      "geometry": {
        "type": "Point",
        "coordinates": [
          13.60477535985603,
          52.45650667480094
        ]
      }
    },
    {
      "type": "Feature",
      "properties": {
        "name": "Am Plänterwald/ Orionstraße Pl GA",
        "info": "Innenhof",
        "category": "Grünanlage"
      },
      "geometry": {
        "type": "Point",
        "coordinates": [
          13.480099647478742,
          52.481477691160336
        ]
      }
    },
    {
      "type": "Feature",
      "properties": {
        "name": "An der Wuhlheide 81/ Modellpark Ob GA",
        "info": "nur Bäume",
        "category": "Grünanlage"
      },
      "geometry": {
        "type": "Point",
        "coordinates": [
          13.526753060506675,
          52.46879851132757
        ]
      }
    },
    {
      "type": "Feature",
      "properties": {
        "name": "Grünanlage Klüsserather Weg",
        "info": "ehemals Teilfläche KGA Steintal",
        "category": "Grünanlage"
      },
      "geometry": {
        "type": "Point",
        "coordinates": [
          13.537356037692561,
          52.52226645037623
        ]
      }
    },
    {
      "type": "Feature",
      "properties": {
        "name": "Seestraße südlich am Westhafenkanal",
        "info": "",
        "category": "Grünanlage"
      },
      "geometry": {
        "type": "Point",
        "coordinates": [
          13.329220545662015,
          52.53869090058156
        ]
      }
    },
    {
      "type": "Feature",
      "properties": {
        "name": "Mahlower Straße Vollkropfwiesen Gr GA",
        "info": "",
        "category": "Grünanlage"
      },
      "geometry": {
        "type": "Point",
        "coordinates": [
          13.567160834762252,
          52.437252972950525
        ]
      }
    },
    {
      "type": "Feature",
      "properties": {
        "name": "An der Großen Krampe/ Gosener Damm Mü GA",
        "info": "",
        "category": "Grünanlage"
      },
      "geometry": {
        "type": "Point",
        "coordinates": [
          13.66442699902545,
          52.40998382178337
        ]
      }
    },
    {
      "type": "Feature",
      "properties": {
        "name": "Potsdamer Chaussee-Grünstreifen vor Rieslfelder",
        "info": "zw Graben A und Graben G und zw Radweg und BWB-Rieselfelder",
        "category": "Grünanlage"
      },
      "geometry": {
        "type": "Point",
        "coordinates": [
          13.161350252532722,
          52.50362725299212
        ]
      }
    },
    {
      "type": "Feature",
      "properties": {
        "name": "Katharina-Boll-Dornberger-Straße Ahof GA",
        "info": "Anger",
        "category": "Grünanlage"
      },
      "geometry": {
        "type": "Point",
        "coordinates": [
          13.528663607731806,
          52.43507962019523
        ]
      }
    },
    {
      "type": "Feature",
      "properties": {
        "name": "Platz der US-Berlin-Brigaden WG",
        "info": "",
        "category": "Grünanlage"
      },
      "geometry": {
        "type": "Point",
        "coordinates": [
          13.284089912069328,
          52.41942637106416
        ]
      }
    },
    {
      "type": "Feature",
      "properties": {
        "name": "Levetzowstr./Jagowstr. Mahnmahl",
        "info": "",
        "category": "Grünanlage"
      },
      "geometry": {
        "type": "Point",
        "coordinates": [
          13.333016368300873,
          52.52131369701311
        ]
      }
    },
    {
      "type": "Feature",
      "properties": {
        "name": "Weideflächen zw. Siegfriedstraße 60 & Herzbergstr. 77",
        "info": "",
        "category": "Grünanlage"
      },
      "geometry": {
        "type": "Point",
        "coordinates": [
          13.504079820546501,
          52.52354867938837
        ]
      }
    },
    {
      "type": "Feature",
      "properties": {
        "name": "Weideflächen Herzberge",
        "info": "Schlüssel bei Fr. Müller",
        "category": "Grünanlage"
      },
      "geometry": {
        "type": "Point",
        "coordinates": [
          13.507366967133104,
          52.52219577079433
        ]
      }
    },
    {
      "type": "Feature",
      "properties": {
        "name": "Weideflächen Biesenhorster Sand",
        "info": "",
        "category": "Grünanlage"
      },
      "geometry": {
        "type": "Point",
        "coordinates": [
          13.54410921014218,
          52.49255767374151
        ]
      }
    },
    {
      "type": "Feature",
      "properties": {
        "name": "Zitadelle III-Motorworld Manufaktur Berlin",
        "info": "Zitadellengrünzug-Umfeld",
        "category": "Grünanlage"
      },
      "geometry": {
        "type": "Point",
        "coordinates": [
          13.219278219272695,
          52.54140577725002
        ]
      }
    },
    {
      "type": "Feature",
      "properties": {
        "name": "Straße der Pariser Kommune 22-32",
        "info": "Fredersdorfer Str. neben 28",
        "category": "Grünanlage"
      },
      "geometry": {
        "type": "Point",
        "coordinates": [
          13.441091139682998,
          52.513932368317526
        ]
      }
    },
    {
      "type": "Feature",
      "properties": {
        "name": "Lasdehner Str./ Hildegard-Jadamowitz-Str.",
        "info": "",
        "category": "Grünanlage"
      },
      "geometry": {
        "type": "Point",
        "coordinates": [
          13.449236235352625,
          52.51514381076098
        ]
      }
    },
    {
      "type": "Feature",
      "properties": {
        "name": "Zitadelle II-östl Glacis Wladimir-Gall-Weg",
        "info": "Zitadellen-Vorgelände-Umfeld",
        "category": "Grünanlage"
      },
      "geometry": {
        "type": "Point",
        "coordinates": [
          13.214145667944052,
          52.53945567340181
        ]
      }
    },
    {
      "type": "Feature",
      "properties": {
        "name": "Hämmerlingstraße/ Wuhlewanderweg Köp GA",
        "info": "Hämmerlingstraße zum Forum",
        "category": "Grünanlage"
      },
      "geometry": {
        "type": "Point",
        "coordinates": [
          13.575425833832279,
          52.4579924086867
        ]
      }
    },
    {
      "type": "Feature",
      "properties": {
        "name": "Allée Du Stade Verbindung Fernradweg",
        "info": "",
        "category": "Grünanlage"
      },
      "geometry": {
        "type": "Point",
        "coordinates": [
          13.310109054091065,
          52.5487985918928
        ]
      }
    },
    {
      "type": "Feature",
      "properties": {
        "name": "NER Herzberge - ehem. Zeltlager",
        "info": "",
        "category": "Grünanlage"
      },
      "geometry": {
        "type": "Point",
        "coordinates": [
          13.504072868393719,
          52.530335313338924
        ]
      }
    },
    {
      "type": "Feature",
      "properties": {
        "name": "Charlottenburg Nord - Halemweg - Grünanlage",
        "info": "Halemweg - westl. Heilmannring",
        "category": "Grünanlage"
      },
      "geometry": {
        "type": "Point",
        "coordinates": [
          13.282831289923623,
          52.53670619069537
        ]
      }
    },
    {
      "type": "Feature",
      "properties": {
        "name": "Viktoriapark, Wolfsschlucht",
        "info": "",
        "category": "Grünanlage"
      },
      "geometry": {
        "type": "Point",
        "coordinates": [
          13.383011987068041,
          52.48790401760101
        ]
      }
    },
    {
      "type": "Feature",
      "properties": {
        "name": "Wilhelm-Guddorf-Str. 10-18",
        "info": "",
        "category": "Grünanlage"
      },
      "geometry": {
        "type": "Point",
        "coordinates": [
          13.477837180641332,
          52.510957405991064
        ]
      }
    },
    {
      "type": "Feature",
      "properties": {
        "name": "Wilhelmstr. vor 20-24",
        "info": "",
        "category": "Grünanlage"
      },
      "geometry": {
        "type": "Point",
        "coordinates": [
          13.387827225374416,
          52.503665253383495
        ]
      }
    },
    {
      "type": "Feature",
      "properties": {
        "name": "Katharina-Boll-Dornberger-Straße /Karl-Ziegler-Straße Ahof GA",
        "info": "Grünzug Oktogon Nord\n \"Fußgängerzone\"",
        "category": "Grünanlage"
      },
      "geometry": {
        "type": "Point",
        "coordinates": [
          13.52551302420616,
          52.435056694157815
        ]
      }
    },
    {
      "type": "Feature",
      "properties": {
        "name": "Priesterkuten / Wartenberger Feldmark",
        "info": "",
        "category": "Grünanlage"
      },
      "geometry": {
        "type": "Point",
        "coordinates": [
          13.49977958600757,
          52.581007175001126
        ]
      }
    },
    {
      "type": "Feature",
      "properties": {
        "name": "Wartenberger Str. Wegeverbindung",
        "info": "",
        "category": "Grünanlage"
      },
      "geometry": {
        "type": "Point",
        "coordinates": [
          13.519885245013048,
          52.559094655584
        ]
      }
    },
    {
      "type": "Feature",
      "properties": {
        "name": "Döberitzer Grünzug Nord",
        "info": "",
        "category": "Grünanlage"
      },
      "geometry": {
        "type": "Point",
        "coordinates": [
          13.363165867443408,
          52.53154179773826
        ]
      }
    },
    {
      "type": "Feature",
      "properties": {
        "name": "Gotlindestr. 80 / Staudengarten",
        "info": "Premium-Anlage",
        "category": "Grünanlage"
      },
      "geometry": {
        "type": "Point",
        "coordinates": [
          13.492431697512773,
          52.51864676047631
        ]
      }
    },
    {
      "type": "Feature",
      "properties": {
        "name": "Döberitzer Grünzug Süd",
        "info": "zw. Lehrter Str. Stichstr. und Minna-Cauer-Str.",
        "category": "Grünanlage"
      },
      "geometry": {
        "type": "Point",
        "coordinates": [
          13.365648446119529,
          52.528778837752256
        ]
      }
    },
    {
      "type": "Feature",
      "properties": {
        "name": "Dagobert-Wiesmüller-Platz Ra GA",
        "info": "Boule-Anlage im PO 120012",
        "category": "Grünanlage"
      },
      "geometry": {
        "type": "Point",
        "coordinates": [
          13.720602744013405,
          52.439081351364486
        ]
      }
    },
    {
      "type": "Feature",
      "properties": {
        "name": "Lichtenrader Graben West  GA - (verrohrt)",
        "info": "",
        "category": "Grünanlage"
      },
      "geometry": {
        "type": "Point",
        "coordinates": [
          13.403892347680026,
          52.39098531808323
        ]
      }
    },
    {
      "type": "Feature",
      "properties": {
        "name": "Kladower Damm zw. 386-390",
        "info": "Erschließungsgrünanlage",
        "category": "Grünanlage"
      },
      "geometry": {
        "type": "Point",
        "coordinates": [
          13.142347955084507,
          52.45384284151737
        ]
      }
    },
    {
      "type": "Feature",
      "properties": {
        "name": "Alt-Kladow-Kriegerdenmal Grünanlage",
        "info": "",
        "category": "Grünanlage"
      },
      "geometry": {
        "type": "Point",
        "coordinates": [
          13.145549135478044,
          52.45265412884973
        ]
      }
    },
    {
      "type": "Feature",
      "properties": {
        "name": "Friedrich-Engels-Straße h.175",
        "info": "",
        "category": "Grünanlage"
      },
      "geometry": {
        "type": "Point",
        "coordinates": [
          13.379278769864564,
          52.595130242911495
        ]
      }
    },
    {
      "type": "Feature",
      "properties": {
        "name": "Volkspark Lichtenrade - GA (ungewidmet)",
        "info": "",
        "category": "Grünanlage"
      },
      "geometry": {
        "type": "Point",
        "coordinates": [
          13.416024472673785,
          52.39275553338086
        ]
      }
    },
    {
      "type": "Feature",
      "properties": {
        "name": "Großer Tiergarten - Floraplatz",
        "info": "Amazone zu Pferde",
        "category": "Grünanlage"
      },
      "geometry": {
        "type": "Point",
        "coordinates": [
          13.369250250580505,
          52.51473859005613
        ]
      }
    },
    {
      "type": "Feature",
      "properties": {
        "name": "Parkstadt Blockdammweg / hint. G.-Klingenberg-Str. 3-21",
        "info": "",
        "category": "Grünanlage"
      },
      "geometry": {
        "type": "Point",
        "coordinates": [
          13.511734174525877,
          52.482962437052294
        ]
      }
    },
    {
      "type": "Feature",
      "properties": {
        "name": "Brunnenplatz",
        "info": "hinter Amtsgericht",
        "category": "Grünanlage"
      },
      "geometry": {
        "type": "Point",
        "coordinates": [
          13.375658919052192,
          52.55128163901132
        ]
      }
    },
    {
      "type": "Feature",
      "properties": {
        "name": "Schillerpark",
        "info": "vordere Bastion",
        "category": "Grünanlage"
      },
      "geometry": {
        "type": "Point",
        "coordinates": [
          13.352555059048283,
          52.556494258303196
        ]
      }
    },
    {
      "type": "Feature",
      "properties": {
        "name": "Fläche G-Gatow",
        "info": "zw Graben L und E und südl Rieselfeldabfanggraben",
        "category": "Grünanlage"
      },
      "geometry": {
        "type": "Point",
        "coordinates": [
          13.17040997794601,
          52.49315538430659
        ]
      }
    }
  ]
}