{
  "type": "FeatureCollection",
  "features": [
    {
      "type": "Feature",
      "properties": {
        "name": "Picknicktisch",
        "info": null,
        "category": "Picknicktisch"
      },
      "geometry": {
        "type": "Point",
        "coordinates": [
          13.6190585,
          52.5425582
        ]
      }
    },
    {
      "type": "Feature",
      "properties": {
        "name": "Picknicktisch",
        "info": null,
        "category": "Picknicktisch"
      },
      "geometry": {
        "type": "Point",
        "coordinates": [
          13.3749559,
          52.496169
        ]
      }
    },
    {
      "type": "Feature",
      "properties": {
        "name": "Picknicktisch",
        "info": null,
        "category": "Picknicktisch"
      },
      "geometry": {
        "type": "Point",
        "coordinates": [
          13.4172801,
          52.472605
        ]
      }
    },
    {
      "type": "Feature",
      "properties": {
        "name": "Picknicktisch",
        "info": null,
        "category": "Picknicktisch"
      },
      "geometry": {
        "type": "Point",
        "coordinates": [
          13.4036392,
          52.4802232
        ]
      }
    },
    {
      "type": "Feature",
      "properties": {
        "name": "Picknicktisch",
        "info": null,
        "category": "Picknicktisch"
      },
      "geometry": {
        "type": "Point",
        "coordinates": [
          13.3944991,
          52.4700815
        ]
      }
    },
    {
      "type": "Feature",
      "properties": {
        "name": "Waldspielplatz Blankenfelde",
        "info": null,
        "category": "Picknicktisch"
      },
      "geometry": {
        "type": "Point",
        "coordinates": [
          13.3947004,
          52.6314041
        ]
      }
    },
    {
      "type": "Feature",
      "properties": {
        "name": "Picknicktisch",
        "info": null,
        "category": "Picknicktisch"
      },
      "geometry": {
        "type": "Point",
        "coordinates": [
          13.6349991,
          52.4167606
        ]
      }
    },
    {
      "type": "Feature",
      "properties": {
        "name": "Picknicktisch",
        "info": null,
        "category": "Picknicktisch"
      },
      "geometry": {
        "type": "Point",
        "coordinates": [
          13.2477241,
          52.5853166
        ]
      }
    },
    {
      "type": "Feature",
      "properties": {
        "name": "Picknicktisch",
        "info": null,
        "category": "Picknicktisch"
      },
      "geometry": {
        "type": "Point",
        "coordinates": [
          13.4121787,
          52.5622715
        ]
      }
    },
    {
      "type": "Feature",
      "properties": {
        "name": "Picknicktisch",
        "info": null,
        "category": "Picknicktisch"
      },
      "geometry": {
        "type": "Point",
        "coordinates": [
          13.1653955,
          52.5762934
        ]
      }
    },
    {
      "type": "Feature",
      "properties": {
        "name": "Picknicktisch",
        "info": null,
        "category": "Picknicktisch"
      },
      "geometry": {
        "type": "Point",
        "coordinates": [
          13.1783449,
          52.5735489
        ]
      }
    },
    {
      "type": "Feature",
      "properties": {
        "name": "Picknicktisch",
        "info": null,
        "category": "Picknicktisch"
      },
      "geometry": {
        "type": "Point",
        "coordinates": [
          13.3645506,
          52.4956902
        ]
      }
    },
    {
      "type": "Feature",
      "properties": {
        "name": "Picknicktisch",
        "info": null,
        "category": "Picknicktisch"
      },
      "geometry": {
        "type": "Point",
        "coordinates": [
          13.3647737,
          52.4958059
        ]
      }
    },
    {
      "type": "Feature",
      "properties": {
        "name": "Picknicktisch",
        "info": null,
        "category": "Picknicktisch"
      },
      "geometry": {
        "type": "Point",
        "coordinates": [
          13.2890227,
          52.462312
        ]
      }
    },
    {
      "type": "Feature",
      "properties": {
        "name": "Streuobstwiese",
        "info": null,
        "category": "Picknicktisch"
      },
      "geometry": {
        "type": "Point",
        "coordinates": [
          13.4392522,
          52.4964143
        ]
      }
    },
    {
      "type": "Feature",
      "properties": {
        "name": "Picknicktisch",
        "info": null,
        "category": "Picknicktisch"
      },
      "geometry": {
        "type": "Point",
        "coordinates": [
          13.2245495,
          52.5206948
        ]
      }
    },
    {
      "type": "Feature",
      "properties": {
        "name": "Picknicktisch",
        "info": null,
        "category": "Picknicktisch"
      },
      "geometry": {
        "type": "Point",
        "coordinates": [
          13.2248135,
          52.5204786
        ]
      }
    },
    {
      "type": "Feature",
      "properties": {
        "name": "Picknicktisch",
        "info": null,
        "category": "Picknicktisch"
      },
      "geometry": {
        "type": "Point",
        "coordinates": [
          13.3287555,
          52.5103947
        ]
      }
    },
    {
      "type": "Feature",
      "properties": {
        "name": "Picknicktisch",
        "info": null,
        "category": "Picknicktisch"
      },
      "geometry": {
        "type": "Point",
        "coordinates": [
          13.329273,
          52.5103162
        ]
      }
    },
    {
      "type": "Feature",
      "properties": {
        "name": "Picknicktisch",
        "info": null,
        "category": "Picknicktisch"
      },
      "geometry": {
        "type": "Point",
        "coordinates": [
          13.3260331,
          52.5095095
        ]
      }
    },
    {
      "type": "Feature",
      "properties": {
        "name": "Picknicktisch",
        "info": null,
        "category": "Picknicktisch"
      },
      "geometry": {
        "type": "Point",
        "coordinates": [
          13.3272861,
          52.5108624
        ]
      }
    },
    {
      "type": "Feature",
      "properties": {
        "name": "Picknicktisch",
        "info": null,
        "category": "Picknicktisch"
      },
      "geometry": {
        "type": "Point",
        "coordinates": [
          13.5142587,
          52.5850675
        ]
      }
    },
    {
      "type": "Feature",
      "properties": {
        "name": "Picknicktisch",
        "info": null,
        "category": "Picknicktisch"
      },
      "geometry": {
        "type": "Point",
        "coordinates": [
          13.4827198,
          52.6205019
        ]
      }
    },
    {
      "type": "Feature",
      "properties": {
        "name": "Picknicktisch",
        "info": null,
        "category": "Picknicktisch"
      },
      "geometry": {
        "type": "Point",
        "coordinates": [
          13.4800288,
          52.5737112
        ]
      }
    },
    {
      "type": "Feature",
      "properties": {
        "name": "Parkaue",
        "info": null,
        "category": "Picknicktisch"
      },
      "geometry": {
        "type": "Point",
        "coordinates": [
          13.4752506,
          52.517929
        ]
      }
    },
    {
      "type": "Feature",
      "properties": {
        "name": "Schweinehirte",
        "info": null,
        "category": "Picknicktisch"
      },
      "geometry": {
        "type": "Point",
        "coordinates": [
          13.1935999,
          52.5813835
        ]
      }
    },
    {
      "type": "Feature",
      "properties": {
        "name": "Picknicktisch",
        "info": null,
        "category": "Picknicktisch"
      },
      "geometry": {
        "type": "Point",
        "coordinates": [
          13.4844949,
          52.6621097
        ]
      }
    },
    {
      "type": "Feature",
      "properties": {
        "name": "Grillplatz",
        "info": null,
        "category": "Picknicktisch"
      },
      "geometry": {
        "type": "Point",
        "coordinates": [
          13.5839374,
          52.4233773
        ]
      }
    },
    {
      "type": "Feature",
      "properties": {
        "name": "Grillwiese",
        "info": null,
        "category": "Picknicktisch"
      },
      "geometry": {
        "type": "Point",
        "coordinates": [
          13.441293,
          52.4955524
        ]
      }
    },
    {
      "type": "Feature",
      "properties": {
        "name": "Picknicktisch",
        "info": null,
        "category": "Picknicktisch"
      },
      "geometry": {
        "type": "Point",
        "coordinates": [
          13.575204,
          52.5384209
        ]
      }
    },
    {
      "type": "Feature",
      "properties": {
        "name": "Picknicktisch",
        "info": null,
        "category": "Picknicktisch"
      },
      "geometry": {
        "type": "Point",
        "coordinates": [
          13.5637642,
          52.563539
        ]
      }
    },
    {
      "type": "Feature",
      "properties": {
        "name": "Picknicktisch",
        "info": null,
        "category": "Picknicktisch"
      },
      "geometry": {
        "type": "Point",
        "coordinates": [
          13.3637084,
          52.4022041
        ]
      }
    },
    {
      "type": "Feature",
      "properties": {
        "name": "Picknicktisch",
        "info": null,
        "category": "Picknicktisch"
      },
      "geometry": {
        "type": "Point",
        "coordinates": [
          13.4206865,
          52.4710514
        ]
      }
    },
    {
      "type": "Feature",
      "properties": {
        "name": "Picknicktisch",
        "info": null,
        "category": "Picknicktisch"
      },
      "geometry": {
        "type": "Point",
        "coordinates": [
          13.369634,
          52.4977256
        ]
      }
    },
    {
      "type": "Feature",
      "properties": {
        "name": "Grillplatz",
        "info": null,
        "category": "Picknicktisch"
      },
      "geometry": {
        "type": "Point",
        "coordinates": [
          13.401935,
          52.5407486
        ]
      }
    },
    {
      "type": "Feature",
      "properties": {
        "name": "Picknicktisch",
        "info": null,
        "category": "Picknicktisch"
      },
      "geometry": {
        "type": "Point",
        "coordinates": [
          13.5094312,
          52.4491685
        ]
      }
    },
    {
      "type": "Feature",
      "properties": {
        "name": "Picknicktisch",
        "info": null,
        "category": "Picknicktisch"
      },
      "geometry": {
        "type": "Point",
        "coordinates": [
          13.2350692,
          52.5472074
        ]
      }
    },
    {
      "type": "Feature",
      "properties": {
        "name": "Picknicktisch",
        "info": null,
        "category": "Picknicktisch"
      },
      "geometry": {
        "type": "Point",
        "coordinates": [
          13.4630563,
          52.4874103
        ]
      }
    },
    {
      "type": "Feature",
      "properties": {
        "name": "Picknicktisch",
        "info": null,
        "category": "Picknicktisch"
      },
      "geometry": {
        "type": "Point",
        "coordinates": [
          13.3452863,
          52.528022
        ]
      }
    },
    {
      "type": "Feature",
      "properties": {
        "name": "Picknicktisch",
        "info": null,
        "category": "Picknicktisch"
      },
      "geometry": {
        "type": "Point",
        "coordinates": [
          13.3452845,
          52.528077
        ]
      }
    },
    {
      "type": "Feature",
      "properties": {
        "name": "Picknicktisch",
        "info": null,
        "category": "Picknicktisch"
      },
      "geometry": {
        "type": "Point",
        "coordinates": [
          13.428596,
          52.4270345
        ]
      }
    },
    {
      "type": "Feature",
      "properties": {
        "name": "Picknicktisch",
        "info": null,
        "category": "Picknicktisch"
      },
      "geometry": {
        "type": "Point",
        "coordinates": [
          13.5068125,
          52.5215843
        ]
      }
    },
    {
      "type": "Feature",
      "properties": {
        "name": "Picknicktisch",
        "info": null,
        "category": "Picknicktisch"
      },
      "geometry": {
        "type": "Point",
        "coordinates": [
          13.4296947,
          52.4886955
        ]
      }
    },
    {
      "type": "Feature",
      "properties": {
        "name": "Picknicktisch",
        "info": null,
        "category": "Picknicktisch"
      },
      "geometry": {
        "type": "Point",
        "coordinates": [
          13.2164644,
          52.5787207
        ]
      }
    },
    {
      "type": "Feature",
      "properties": {
        "name": "Picknicktisch",
        "info": null,
        "category": "Picknicktisch"
      },
      "geometry": {
        "type": "Point",
        "coordinates": [
          13.5403798,
          52.4424426
        ]
      }
    },
    {
      "type": "Feature",
      "properties": {
        "name": "Picknicktisch",
        "info": null,
        "category": "Picknicktisch"
      },
      "geometry": {
        "type": "Point",
        "coordinates": [
          13.3745302,
          52.6172929
        ]
      }
    },
    {
      "type": "Feature",
      "properties": {
        "name": "Picknicktisch",
        "info": null,
        "category": "Picknicktisch"
      },
      "geometry": {
        "type": "Point",
        "coordinates": [
          13.3960009,
          52.5238643
        ]
      }
    },
    {
      "type": "Feature",
      "properties": {
        "name": "Picknicktisch",
        "info": null,
        "category": "Picknicktisch"
      },
      "geometry": {
        "type": "Point",
        "coordinates": [
          13.5701158,
          52.5661986
        ]
      }
    },
    {
      "type": "Feature",
      "properties": {
        "name": "Picknicktisch",
        "info": null,
        "category": "Picknicktisch"
      },
      "geometry": {
        "type": "Point",
        "coordinates": [
          13.3800916,
          52.3886259
        ]
      }
    },
    {
      "type": "Feature",
      "properties": {
        "name": "Picknicktisch",
        "info": null,
        "category": "Picknicktisch"
      },
      "geometry": {
        "type": "Point",
        "coordinates": [
          13.5039149,
          52.5279809
        ]
      }
    },
    {
      "type": "Feature",
      "properties": {
        "name": "Picknicktisch",
        "info": null,
        "category": "Picknicktisch"
      },
      "geometry": {
        "type": "Point",
        "coordinates": [
          13.5724315,
          52.5076995
        ]
      }
    },
    {
      "type": "Feature",
      "properties": {
        "name": "Picknicktisch",
        "info": null,
        "category": "Picknicktisch"
      },
      "geometry": {
        "type": "Point",
        "coordinates": [
          13.4866898,
          52.487528
        ]
      }
    },
    {
      "type": "Feature",
      "properties": {
        "name": "Picknicktisch",
        "info": null,
        "category": "Picknicktisch"
      },
      "geometry": {
        "type": "Point",
        "coordinates": [
          13.3929615,
          52.62528
        ]
      }
    },
    {
      "type": "Feature",
      "properties": {
        "name": "Picknicktisch",
        "info": null,
        "category": "Picknicktisch"
      },
      "geometry": {
        "type": "Point",
        "coordinates": [
          13.3989068,
          52.6404006
        ]
      }
    },
    {
      "type": "Feature",
      "properties": {
        "name": "Picknicktisch",
        "info": null,
        "category": "Picknicktisch"
      },
      "geometry": {
        "type": "Point",
        "coordinates": [
          13.5245698,
          52.4383381
        ]
      }
    },
    {
      "type": "Feature",
      "properties": {
        "name": "Picknicktisch",
        "info": null,
        "category": "Picknicktisch"
      },
      "geometry": {
        "type": "Point",
        "coordinates": [
          13.1682039,
          52.5457322
        ]
      }
    },
    {
      "type": "Feature",
      "properties": {
        "name": "Picknicktisch",
        "info": null,
        "category": "Picknicktisch"
      },
      "geometry": {
        "type": "Point",
        "coordinates": [
          13.1682401,
          52.5457186
        ]
      }
    },
    {
      "type": "Feature",
      "properties": {
        "name": "Picknicktisch",
        "info": null,
        "category": "Picknicktisch"
      },
      "geometry": {
        "type": "Point",
        "coordinates": [
          13.3821725,
          52.5484567
        ]
      }
    },
    {
      "type": "Feature",
      "properties": {
        "name": "Picknicktisch",
        "info": null,
        "category": "Picknicktisch"
      },
      "geometry": {
        "type": "Point",
        "coordinates": [
          13.4728078,
          52.5721247
        ]
      }
    },
    {
      "type": "Feature",
      "properties": {
        "name": "Picknicktisch",
        "info": null,
        "category": "Picknicktisch"
      },
      "geometry": {
        "type": "Point",
        "coordinates": [
          13.2702987,
          52.4733935
        ]
      }
    },
    {
      "type": "Feature",
      "properties": {
        "name": "Picknicktisch",
        "info": null,
        "category": "Picknicktisch"
      },
      "geometry": {
        "type": "Point",
        "coordinates": [
          13.4144406,
          52.4987743
        ]
      }
    },
    {
      "type": "Feature",
      "properties": {
        "name": "Picknicktisch",
        "info": null,
        "category": "Picknicktisch"
      },
      "geometry": {
        "type": "Point",
        "coordinates": [
          13.5052942,
          52.5222306
        ]
      }
    },
    {
      "type": "Feature",
      "properties": {
        "name": "Picknicktisch",
        "info": null,
        "category": "Picknicktisch"
      },
      "geometry": {
        "type": "Point",
        "coordinates": [
          13.5057465,
          52.5226009
        ]
      }
    },
    {
      "type": "Feature",
      "properties": {
        "name": "Picknicktisch",
        "info": null,
        "category": "Picknicktisch"
      },
      "geometry": {
        "type": "Point",
        "coordinates": [
          13.4135353,
          52.5095024
        ]
      }
    },
    {
      "type": "Feature",
      "properties": {
        "name": "Picknicktisch",
        "info": null,
        "category": "Picknicktisch"
      },
      "geometry": {
        "type": "Point",
        "coordinates": [
          13.4180662,
          52.5414476
        ]
      }
    },
    {
      "type": "Feature",
      "properties": {
        "name": "Picknicktisch",
        "info": null,
        "category": "Picknicktisch"
      },
      "geometry": {
        "type": "Point",
        "coordinates": [
          13.3730521,
          52.4875263
        ]
      }
    },
    {
      "type": "Feature",
      "properties": {
        "name": "Picknicktisch",
        "info": null,
        "category": "Picknicktisch"
      },
      "geometry": {
        "type": "Point",
        "coordinates": [
          13.3731137,
          52.4875265
        ]
      }
    },
    {
      "type": "Feature",
      "properties": {
        "name": "Picknicktisch",
        "info": null,
        "category": "Picknicktisch"
      },
      "geometry": {
        "type": "Point",
        "coordinates": [
          13.3731135,
          52.4875442
        ]
      }
    },
    {
      "type": "Feature",
      "properties": {
        "name": "Picknicktisch",
        "info": null,
        "category": "Picknicktisch"
      },
      "geometry": {
        "type": "Point",
        "coordinates": [
          13.5342908,
          52.5647935
        ]
      }
    },
    {
      "type": "Feature",
      "properties": {
        "name": "Picknicktisch",
        "info": null,
        "category": "Picknicktisch"
      },
      "geometry": {
        "type": "Point",
        "coordinates": [
          13.1696821,
          52.4729332
        ]
      }
    },
    {
      "type": "Feature",
      "properties": {
        "name": "Picknicktisch",
        "info": null,
        "category": "Picknicktisch"
      },
      "geometry": {
        "type": "Point",
        "coordinates": [
          13.161773,
          52.4732946
        ]
      }
    },
    {
      "type": "Feature",
      "properties": {
        "name": "Picknicktisch",
        "info": null,
        "category": "Picknicktisch"
      },
      "geometry": {
        "type": "Point",
        "coordinates": [
          13.1689792,
          52.4757781
        ]
      }
    },
    {
      "type": "Feature",
      "properties": {
        "name": "Picknicktisch",
        "info": null,
        "category": "Picknicktisch"
      },
      "geometry": {
        "type": "Point",
        "coordinates": [
          13.1658441,
          52.4762479
        ]
      }
    },
    {
      "type": "Feature",
      "properties": {
        "name": "Picknicktisch",
        "info": null,
        "category": "Picknicktisch"
      },
      "geometry": {
        "type": "Point",
        "coordinates": [
          13.159925,
          52.4786269
        ]
      }
    },
    {
      "type": "Feature",
      "properties": {
        "name": "Picknicktisch",
        "info": null,
        "category": "Picknicktisch"
      },
      "geometry": {
        "type": "Point",
        "coordinates": [
          13.5351608,
          52.4982554
        ]
      }
    },
    {
      "type": "Feature",
      "properties": {
        "name": "Picknicktisch",
        "info": null,
        "category": "Picknicktisch"
      },
      "geometry": {
        "type": "Point",
        "coordinates": [
          13.6235026,
          52.4114063
        ]
      }
    },
    {
      "type": "Feature",
      "properties": {
        "name": "Picknicktisch",
        "info": null,
        "category": "Picknicktisch"
      },
      "geometry": {
        "type": "Point",
        "coordinates": [
          13.3504966,
          52.5992735
        ]
      }
    },
    {
      "type": "Feature",
      "properties": {
        "name": "Picknicktisch",
        "info": null,
        "category": "Picknicktisch"
      },
      "geometry": {
        "type": "Point",
        "coordinates": [
          13.4725669,
          52.6621805
        ]
      }
    },
    {
      "type": "Feature",
      "properties": {
        "name": "Picknicktisch",
        "info": null,
        "category": "Picknicktisch"
      },
      "geometry": {
        "type": "Point",
        "coordinates": [
          13.2445205,
          52.4215773
        ]
      }
    },
    {
      "type": "Feature",
      "properties": {
        "name": "Picknicktisch",
        "info": null,
        "category": "Picknicktisch"
      },
      "geometry": {
        "type": "Point",
        "coordinates": [
          13.2600062,
          52.4187834
        ]
      }
    },
    {
      "type": "Feature",
      "properties": {
        "name": "Picknicktisch",
        "info": null,
        "category": "Picknicktisch"
      },
      "geometry": {
        "type": "Point",
        "coordinates": [
          13.2350415,
          52.4248063
        ]
      }
    },
    {
      "type": "Feature",
      "properties": {
        "name": "Picknicktisch",
        "info": null,
        "category": "Picknicktisch"
      },
      "geometry": {
        "type": "Point",
        "coordinates": [
          13.5349563,
          52.5066714
        ]
      }
    },
    {
      "type": "Feature",
      "properties": {
        "name": "Picknicktisch",
        "info": null,
        "category": "Picknicktisch"
      },
      "geometry": {
        "type": "Point",
        "coordinates": [
          13.5350364,
          52.5067497
        ]
      }
    },
    {
      "type": "Feature",
      "properties": {
        "name": "Picknicktisch",
        "info": null,
        "category": "Picknicktisch"
      },
      "geometry": {
        "type": "Point",
        "coordinates": [
          13.5349419,
          52.5067799
        ]
      }
    },
    {
      "type": "Feature",
      "properties": {
        "name": "Picknicktisch",
        "info": null,
        "category": "Picknicktisch"
      },
      "geometry": {
        "type": "Point",
        "coordinates": [
          13.4815363,
          52.579245
        ]
      }
    },
    {
      "type": "Feature",
      "properties": {
        "name": "Picknicktisch",
        "info": null,
        "category": "Picknicktisch"
      },
      "geometry": {
        "type": "Point",
        "coordinates": [
          13.4815135,
          52.5793086
        ]
      }
    },
    {
      "type": "Feature",
      "properties": {
        "name": "Picknicktisch",
        "info": null,
        "category": "Picknicktisch"
      },
      "geometry": {
        "type": "Point",
        "coordinates": [
          13.5958987,
          52.4491056
        ]
      }
    },
    {
      "type": "Feature",
      "properties": {
        "name": "Picknicktisch",
        "info": null,
        "category": "Picknicktisch"
      },
      "geometry": {
        "type": "Point",
        "coordinates": [
          13.6233343,
          52.4289272
        ]
      }
    },
    {
      "type": "Feature",
      "properties": {
        "name": "Picknicktisch",
        "info": null,
        "category": "Picknicktisch"
      },
      "geometry": {
        "type": "Point",
        "coordinates": [
          13.6932941,
          52.4149233
        ]
      }
    },
    {
      "type": "Feature",
      "properties": {
        "name": "Picknicktisch",
        "info": null,
        "category": "Picknicktisch"
      },
      "geometry": {
        "type": "Point",
        "coordinates": [
          13.5979046,
          52.4148865
        ]
      }
    },
    {
      "type": "Feature",
      "properties": {
        "name": "Picknicktisch",
        "info": null,
        "category": "Picknicktisch"
      },
      "geometry": {
        "type": "Point",
        "coordinates": [
          13.2392441,
          52.4837469
        ]
      }
    },
    {
      "type": "Feature",
      "properties": {
        "name": "Picknicktisch",
        "info": null,
        "category": "Picknicktisch"
      },
      "geometry": {
        "type": "Point",
        "coordinates": [
          13.6894761,
          52.4182445
        ]
      }
    },
    {
      "type": "Feature",
      "properties": {
        "name": "Picknicktisch",
        "info": null,
        "category": "Picknicktisch"
      },
      "geometry": {
        "type": "Point",
        "coordinates": [
          13.5090265,
          52.5193773
        ]
      }
    },
    {
      "type": "Feature",
      "properties": {
        "name": "Picknicktisch",
        "info": null,
        "category": "Picknicktisch"
      },
      "geometry": {
        "type": "Point",
        "coordinates": [
          13.5085396,
          52.5197567
        ]
      }
    },
    {
      "type": "Feature",
      "properties": {
        "name": "Picknicktisch",
        "info": null,
        "category": "Picknicktisch"
      },
      "geometry": {
        "type": "Point",
        "coordinates": [
          13.5087009,
          52.5196514
        ]
      }
    },
    {
      "type": "Feature",
      "properties": {
        "name": "Picknicktisch",
        "info": null,
        "category": "Picknicktisch"
      },
      "geometry": {
        "type": "Point",
        "coordinates": [
          13.4756142,
          52.5184063
        ]
      }
    },
    {
      "type": "Feature",
      "properties": {
        "name": "Picknicktisch",
        "info": null,
        "category": "Picknicktisch"
      },
      "geometry": {
        "type": "Point",
        "coordinates": [
          13.4766946,
          52.5181482
        ]
      }
    },
    {
      "type": "Feature",
      "properties": {
        "name": "Picknicktisch",
        "info": null,
        "category": "Picknicktisch"
      },
      "geometry": {
        "type": "Point",
        "coordinates": [
          13.4765818,
          52.5183108
        ]
      }
    },
    {
      "type": "Feature",
      "properties": {
        "name": "Picknicktisch",
        "info": null,
        "category": "Picknicktisch"
      },
      "geometry": {
        "type": "Point",
        "coordinates": [
          13.5468039,
          52.5021075
        ]
      }
    },
    {
      "type": "Feature",
      "properties": {
        "name": "Picknicktisch",
        "info": null,
        "category": "Picknicktisch"
      },
      "geometry": {
        "type": "Point",
        "coordinates": [
          13.546765,
          52.5020209
        ]
      }
    },
    {
      "type": "Feature",
      "properties": {
        "name": "Picknicktisch",
        "info": null,
        "category": "Picknicktisch"
      },
      "geometry": {
        "type": "Point",
        "coordinates": [
          13.5614972,
          52.4807031
        ]
      }
    },
    {
      "type": "Feature",
      "properties": {
        "name": "Picknicktisch",
        "info": null,
        "category": "Picknicktisch"
      },
      "geometry": {
        "type": "Point",
        "coordinates": [
          13.5673892,
          52.4729509
        ]
      }
    },
    {
      "type": "Feature",
      "properties": {
        "name": "Picknicktisch",
        "info": null,
        "category": "Picknicktisch"
      },
      "geometry": {
        "type": "Point",
        "coordinates": [
          13.3793748,
          52.4966982
        ]
      }
    },
    {
      "type": "Feature",
      "properties": {
        "name": "Picknicktisch",
        "info": null,
        "category": "Picknicktisch"
      },
      "geometry": {
        "type": "Point",
        "coordinates": [
          13.6112263,
          52.543877
        ]
      }
    },
    {
      "type": "Feature",
      "properties": {
        "name": "Picknicktisch",
        "info": null,
        "category": "Picknicktisch"
      },
      "geometry": {
        "type": "Point",
        "coordinates": [
          13.6346452,
          52.4197789
        ]
      }
    },
    {
      "type": "Feature",
      "properties": {
        "name": "Picknicktisch",
        "info": null,
        "category": "Picknicktisch"
      },
      "geometry": {
        "type": "Point",
        "coordinates": [
          13.6346597,
          52.4198269
        ]
      }
    },
    {
      "type": "Feature",
      "properties": {
        "name": "Picknicktisch",
        "info": null,
        "category": "Picknicktisch"
      },
      "geometry": {
        "type": "Point",
        "coordinates": [
          13.5534249,
          52.5505583
        ]
      }
    },
    {
      "type": "Feature",
      "properties": {
        "name": "Picknicktisch",
        "info": null,
        "category": "Picknicktisch"
      },
      "geometry": {
        "type": "Point",
        "coordinates": [
          13.5534401,
          52.5503837
        ]
      }
    },
    {
      "type": "Feature",
      "properties": {
        "name": "Picknicktisch",
        "info": null,
        "category": "Picknicktisch"
      },
      "geometry": {
        "type": "Point",
        "coordinates": [
          13.5549661,
          52.5517602
        ]
      }
    },
    {
      "type": "Feature",
      "properties": {
        "name": "Riesen-Picknicktisch",
        "info": null,
        "category": "Picknicktisch"
      },
      "geometry": {
        "type": "Point",
        "coordinates": [
          13.4120184,
          52.5150323
        ]
      }
    },
    {
      "type": "Feature",
      "properties": {
        "name": "Picknicktisch",
        "info": null,
        "category": "Picknicktisch"
      },
      "geometry": {
        "type": "Point",
        "coordinates": [
          13.5503328,
          52.4761216
        ]
      }
    },
    {
      "type": "Feature",
      "properties": {
        "name": "Picknicktisch",
        "info": null,
        "category": "Picknicktisch"
      },
      "geometry": {
        "type": "Point",
        "coordinates": [
          13.4981735,
          52.5002214
        ]
      }
    },
    {
      "type": "Feature",
      "properties": {
        "name": "Picknicktisch",
        "info": null,
        "category": "Picknicktisch"
      },
      "geometry": {
        "type": "Point",
        "coordinates": [
          13.5108358,
          52.5026292
        ]
      }
    },
    {
      "type": "Feature",
      "properties": {
        "name": "Picknicktisch",
        "info": null,
        "category": "Picknicktisch"
      },
      "geometry": {
        "type": "Point",
        "coordinates": [
          13.3273631,
          52.5068813
        ]
      }
    },
    {
      "type": "Feature",
      "properties": {
        "name": "Picknicktisch",
        "info": null,
        "category": "Picknicktisch"
      },
      "geometry": {
        "type": "Point",
        "coordinates": [
          13.3274195,
          52.5068846
        ]
      }
    },
    {
      "type": "Feature",
      "properties": {
        "name": "Picknicktisch",
        "info": null,
        "category": "Picknicktisch"
      },
      "geometry": {
        "type": "Point",
        "coordinates": [
          13.5430465,
          52.4644729
        ]
      }
    },
    {
      "type": "Feature",
      "properties": {
        "name": "Picknicktisch",
        "info": null,
        "category": "Picknicktisch"
      },
      "geometry": {
        "type": "Point",
        "coordinates": [
          13.5428972,
          52.4644991
        ]
      }
    },
    {
      "type": "Feature",
      "properties": {
        "name": "Picknicktisch",
        "info": null,
        "category": "Picknicktisch"
      },
      "geometry": {
        "type": "Point",
        "coordinates": [
          13.6547995,
          52.3733085
        ]
      }
    },
    {
      "type": "Feature",
      "properties": {
        "name": "Picknicktisch",
        "info": null,
        "category": "Picknicktisch"
      },
      "geometry": {
        "type": "Point",
        "coordinates": [
          13.4006772,
          52.6277336
        ]
      }
    },
    {
      "type": "Feature",
      "properties": {
        "name": "Picknicktisch",
        "info": null,
        "category": "Picknicktisch"
      },
      "geometry": {
        "type": "Point",
        "coordinates": [
          13.5616963,
          52.4679374
        ]
      }
    },
    {
      "type": "Feature",
      "properties": {
        "name": "Picknicktisch",
        "info": null,
        "category": "Picknicktisch"
      },
      "geometry": {
        "type": "Point",
        "coordinates": [
          13.608433,
          52.3866529
        ]
      }
    },
    {
      "type": "Feature",
      "properties": {
        "name": "Picknicktisch",
        "info": null,
        "category": "Picknicktisch"
      },
      "geometry": {
        "type": "Point",
        "coordinates": [
          13.4943464,
          52.5156148
        ]
      }
    },
    {
      "type": "Feature",
      "properties": {
        "name": "Picknicktisch",
        "info": null,
        "category": "Picknicktisch"
      },
      "geometry": {
        "type": "Point",
        "coordinates": [
          13.4943192,
          52.5156529
        ]
      }
    },
    {
      "type": "Feature",
      "properties": {
        "name": "Picknicktisch",
        "info": null,
        "category": "Picknicktisch"
      },
      "geometry": {
        "type": "Point",
        "coordinates": [
          13.4116671,
          52.5623289
        ]
      }
    },
    {
      "type": "Feature",
      "properties": {
        "name": "Picknicktisch",
        "info": null,
        "category": "Picknicktisch"
      },
      "geometry": {
        "type": "Point",
        "coordinates": [
          13.4116627,
          52.5623813
        ]
      }
    },
    {
      "type": "Feature",
      "properties": {
        "name": "Picknicktisch",
        "info": null,
        "category": "Picknicktisch"
      },
      "geometry": {
        "type": "Point",
        "coordinates": [
          13.4106971,
          52.5622841
        ]
      }
    },
    {
      "type": "Feature",
      "properties": {
        "name": "Picknicktisch",
        "info": null,
        "category": "Picknicktisch"
      },
      "geometry": {
        "type": "Point",
        "coordinates": [
          13.4107897,
          52.5622849
        ]
      }
    },
    {
      "type": "Feature",
      "properties": {
        "name": "Picknicktisch",
        "info": null,
        "category": "Picknicktisch"
      },
      "geometry": {
        "type": "Point",
        "coordinates": [
          13.4114429,
          52.5625269
        ]
      }
    },
    {
      "type": "Feature",
      "properties": {
        "name": "Picknicktisch",
        "info": null,
        "category": "Picknicktisch"
      },
      "geometry": {
        "type": "Point",
        "coordinates": [
          13.411516,
          52.5625277
        ]
      }
    },
    {
      "type": "Feature",
      "properties": {
        "name": "Picknicktisch",
        "info": null,
        "category": "Picknicktisch"
      },
      "geometry": {
        "type": "Point",
        "coordinates": [
          13.440029,
          52.4807664
        ]
      }
    },
    {
      "type": "Feature",
      "properties": {
        "name": "Picknicktisch",
        "info": null,
        "category": "Picknicktisch"
      },
      "geometry": {
        "type": "Point",
        "coordinates": [
          13.5359452,
          52.4957957
        ]
      }
    },
    {
      "type": "Feature",
      "properties": {
        "name": "Picknicktisch",
        "info": null,
        "category": "Picknicktisch"
      },
      "geometry": {
        "type": "Point",
        "coordinates": [
          13.4589987,
          52.5195285
        ]
      }
    },
    {
      "type": "Feature",
      "properties": {
        "name": "Picknicktisch",
        "info": null,
        "category": "Picknicktisch"
      },
      "geometry": {
        "type": "Point",
        "coordinates": [
          13.4586905,
          52.519865
        ]
      }
    },
    {
      "type": "Feature",
      "properties": {
        "name": "Picknicktisch",
        "info": null,
        "category": "Picknicktisch"
      },
      "geometry": {
        "type": "Point",
        "coordinates": [
          13.4501947,
          52.4991554
        ]
      }
    },
    {
      "type": "Feature",
      "properties": {
        "name": "Picknicktisch",
        "info": null,
        "category": "Picknicktisch"
      },
      "geometry": {
        "type": "Point",
        "coordinates": [
          13.4446802,
          52.4763637
        ]
      }
    },
    {
      "type": "Feature",
      "properties": {
        "name": "Picknicktisch",
        "info": null,
        "category": "Picknicktisch"
      },
      "geometry": {
        "type": "Point",
        "coordinates": [
          13.4446529,
          52.4763443
        ]
      }
    },
    {
      "type": "Feature",
      "properties": {
        "name": "Picknicktisch",
        "info": null,
        "category": "Picknicktisch"
      },
      "geometry": {
        "type": "Point",
        "coordinates": [
          13.5977724,
          52.4659675
        ]
      }
    },
    {
      "type": "Feature",
      "properties": {
        "name": "Picknicktisch",
        "info": null,
        "category": "Picknicktisch"
      },
      "geometry": {
        "type": "Point",
        "coordinates": [
          13.4118403,
          52.6285176
        ]
      }
    },
    {
      "type": "Feature",
      "properties": {
        "name": "Picknicktisch",
        "info": null,
        "category": "Picknicktisch"
      },
      "geometry": {
        "type": "Point",
        "coordinates": [
          13.4208016,
          52.6330653
        ]
      }
    },
    {
      "type": "Feature",
      "properties": {
        "name": "Picknicktisch",
        "info": null,
        "category": "Picknicktisch"
      },
      "geometry": {
        "type": "Point",
        "coordinates": [
          13.4944509,
          52.6325631
        ]
      }
    },
    {
      "type": "Feature",
      "properties": {
        "name": "Picknicktisch",
        "info": null,
        "category": "Picknicktisch"
      },
      "geometry": {
        "type": "Point",
        "coordinates": [
          13.2088276,
          52.4800261
        ]
      }
    },
    {
      "type": "Feature",
      "properties": {
        "name": "Picknicktisch",
        "info": null,
        "category": "Picknicktisch"
      },
      "geometry": {
        "type": "Point",
        "coordinates": [
          13.2087016,
          52.4800205
        ]
      }
    },
    {
      "type": "Feature",
      "properties": {
        "name": "Picknicktisch",
        "info": null,
        "category": "Picknicktisch"
      },
      "geometry": {
        "type": "Point",
        "coordinates": [
          13.2088804,
          52.4800039
        ]
      }
    },
    {
      "type": "Feature",
      "properties": {
        "name": "Picknicktisch",
        "info": null,
        "category": "Picknicktisch"
      },
      "geometry": {
        "type": "Point",
        "coordinates": [
          13.208724,
          52.4800243
        ]
      }
    },
    {
      "type": "Feature",
      "properties": {
        "name": "Picknicktisch",
        "info": null,
        "category": "Picknicktisch"
      },
      "geometry": {
        "type": "Point",
        "coordinates": [
          13.4689701,
          52.4678848
        ]
      }
    },
    {
      "type": "Feature",
      "properties": {
        "name": "Picknicktisch",
        "info": null,
        "category": "Picknicktisch"
      },
      "geometry": {
        "type": "Point",
        "coordinates": [
          13.4938963,
          52.6318731
        ]
      }
    },
    {
      "type": "Feature",
      "properties": {
        "name": "Picknicktisch",
        "info": null,
        "category": "Picknicktisch"
      },
      "geometry": {
        "type": "Point",
        "coordinates": [
          13.464136,
          52.4712445
        ]
      }
    },
    {
      "type": "Feature",
      "properties": {
        "name": "Picknicktisch",
        "info": null,
        "category": "Picknicktisch"
      },
      "geometry": {
        "type": "Point",
        "coordinates": [
          13.4643335,
          52.4714799
        ]
      }
    },
    {
      "type": "Feature",
      "properties": {
        "name": "Picknicktisch",
        "info": null,
        "category": "Picknicktisch"
      },
      "geometry": {
        "type": "Point",
        "coordinates": [
          13.5099406,
          52.4939387
        ]
      }
    },
    {
      "type": "Feature",
      "properties": {
        "name": "Picknicktisch",
        "info": null,
        "category": "Picknicktisch"
      },
      "geometry": {
        "type": "Point",
        "coordinates": [
          13.4126927,
          52.4344421
        ]
      }
    },
    {
      "type": "Feature",
      "properties": {
        "name": "Picknicktisch",
        "info": null,
        "category": "Picknicktisch"
      },
      "geometry": {
        "type": "Point",
        "coordinates": [
          13.348103,
          52.525659
        ]
      }
    },
    {
      "type": "Feature",
      "properties": {
        "name": "Picknicktisch",
        "info": null,
        "category": "Picknicktisch"
      },
      "geometry": {
        "type": "Point",
        "coordinates": [
          13.4527628,
          52.4725077
        ]
      }
    },
    {
      "type": "Feature",
      "properties": {
        "name": "Picknicktisch",
        "info": null,
        "category": "Picknicktisch"
      },
      "geometry": {
        "type": "Point",
        "coordinates": [
          13.4528698,
          52.4723739
        ]
      }
    },
    {
      "type": "Feature",
      "properties": {
        "name": "Picknicktisch",
        "info": null,
        "category": "Picknicktisch"
      },
      "geometry": {
        "type": "Point",
        "coordinates": [
          13.4356303,
          52.4700775
        ]
      }
    },
    {
      "type": "Feature",
      "properties": {
        "name": "Picknicktisch",
        "info": null,
        "category": "Picknicktisch"
      },
      "geometry": {
        "type": "Point",
        "coordinates": [
          13.4355981,
          52.4703675
        ]
      }
    },
    {
      "type": "Feature",
      "properties": {
        "name": "Picknicktisch",
        "info": null,
        "category": "Picknicktisch"
      },
      "geometry": {
        "type": "Point",
        "coordinates": [
          13.4402607,
          52.496906
        ]
      }
    },
    {
      "type": "Feature",
      "properties": {
        "name": "Picknicktisch",
        "info": null,
        "category": "Picknicktisch"
      },
      "geometry": {
        "type": "Point",
        "coordinates": [
          13.4720156,
          52.5245158
        ]
      }
    },
    {
      "type": "Feature",
      "properties": {
        "name": "Picknicktisch",
        "info": null,
        "category": "Picknicktisch"
      },
      "geometry": {
        "type": "Point",
        "coordinates": [
          13.4428409,
          52.4489401
        ]
      }
    },
    {
      "type": "Feature",
      "properties": {
        "name": "Picknicktisch",
        "info": null,
        "category": "Picknicktisch"
      },
      "geometry": {
        "type": "Point",
        "coordinates": [
          13.4430103,
          52.4489818
        ]
      }
    },
    {
      "type": "Feature",
      "properties": {
        "name": "Picknicktisch",
        "info": null,
        "category": "Picknicktisch"
      },
      "geometry": {
        "type": "Point",
        "coordinates": [
          13.4429721,
          52.4489274
        ]
      }
    },
    {
      "type": "Feature",
      "properties": {
        "name": "Picknicktisch",
        "info": null,
        "category": "Picknicktisch"
      },
      "geometry": {
        "type": "Point",
        "coordinates": [
          13.4430039,
          52.446952
        ]
      }
    },
    {
      "type": "Feature",
      "properties": {
        "name": "Picknicktisch",
        "info": null,
        "category": "Picknicktisch"
      },
      "geometry": {
        "type": "Point",
        "coordinates": [
          13.4435736,
          52.4471292
        ]
      }
    },
    {
      "type": "Feature",
      "properties": {
        "name": "Picknicktisch",
        "info": null,
        "category": "Picknicktisch"
      },
      "geometry": {
        "type": "Point",
        "coordinates": [
          13.4436911,
          52.447602
        ]
      }
    },
    {
      "type": "Feature",
      "properties": {
        "name": "Picknicktisch",
        "info": null,
        "category": "Picknicktisch"
      },
      "geometry": {
        "type": "Point",
        "coordinates": [
          13.4427537,
          52.4487052
        ]
      }
    },
    {
      "type": "Feature",
      "properties": {
        "name": "Picknicktisch",
        "info": null,
        "category": "Picknicktisch"
      },
      "geometry": {
        "type": "Point",
        "coordinates": [
          13.2264289,
          52.445275
        ]
      }
    },
    {
      "type": "Feature",
      "properties": {
        "name": "Picknicktisch",
        "info": null,
        "category": "Picknicktisch"
      },
      "geometry": {
        "type": "Point",
        "coordinates": [
          13.409081,
          52.5317221
        ]
      }
    },
    {
      "type": "Feature",
      "properties": {
        "name": "Picknicktisch",
        "info": null,
        "category": "Picknicktisch"
      },
      "geometry": {
        "type": "Point",
        "coordinates": [
          13.5051813,
          52.5222498
        ]
      }
    },
    {
      "type": "Feature",
      "properties": {
        "name": "Picknicktisch",
        "info": null,
        "category": "Picknicktisch"
      },
      "geometry": {
        "type": "Point",
        "coordinates": [
          13.505238,
          52.5222396
        ]
      }
    },
    {
      "type": "Feature",
      "properties": {
        "name": "Picknicktisch",
        "info": null,
        "category": "Picknicktisch"
      },
      "geometry": {
        "type": "Point",
        "coordinates": [
          13.5051226,
          52.5222617
        ]
      }
    },
    {
      "type": "Feature",
      "properties": {
        "name": "Picknicktisch",
        "info": null,
        "category": "Picknicktisch"
      },
      "geometry": {
        "type": "Point",
        "coordinates": [
          13.5057231,
          52.5200498
        ]
      }
    },
    {
      "type": "Feature",
      "properties": {
        "name": "Picknicktisch",
        "info": null,
        "category": "Picknicktisch"
      },
      "geometry": {
        "type": "Point",
        "coordinates": [
          13.5057195,
          52.5201596
        ]
      }
    },
    {
      "type": "Feature",
      "properties": {
        "name": "Picknicktisch",
        "info": null,
        "category": "Picknicktisch"
      },
      "geometry": {
        "type": "Point",
        "coordinates": [
          13.4916629,
          52.5185706
        ]
      }
    },
    {
      "type": "Feature",
      "properties": {
        "name": "Picknicktisch",
        "info": null,
        "category": "Picknicktisch"
      },
      "geometry": {
        "type": "Point",
        "coordinates": [
          13.4916648,
          52.518608
        ]
      }
    },
    {
      "type": "Feature",
      "properties": {
        "name": "Picknicktisch",
        "info": null,
        "category": "Picknicktisch"
      },
      "geometry": {
        "type": "Point",
        "coordinates": [
          13.3576584,
          52.5646361
        ]
      }
    },
    {
      "type": "Feature",
      "properties": {
        "name": "Picknicktisch",
        "info": null,
        "category": "Picknicktisch"
      },
      "geometry": {
        "type": "Point",
        "coordinates": [
          13.5514015,
          52.5658403
        ]
      }
    },
    {
      "type": "Feature",
      "properties": {
        "name": "Picknicktisch",
        "info": null,
        "category": "Picknicktisch"
      },
      "geometry": {
        "type": "Point",
        "coordinates": [
          13.3350277,
          52.6055199
        ]
      }
    },
    {
      "type": "Feature",
      "properties": {
        "name": "Picknicktisch",
        "info": null,
        "category": "Picknicktisch"
      },
      "geometry": {
        "type": "Point",
        "coordinates": [
          13.1861365,
          52.4834079
        ]
      }
    },
    {
      "type": "Feature",
      "properties": {
        "name": "Picknicktisch",
        "info": null,
        "category": "Picknicktisch"
      },
      "geometry": {
        "type": "Point",
        "coordinates": [
          13.1859568,
          52.4842846
        ]
      }
    },
    {
      "type": "Feature",
      "properties": {
        "name": "Picknicktisch",
        "info": null,
        "category": "Picknicktisch"
      },
      "geometry": {
        "type": "Point",
        "coordinates": [
          13.1714963,
          52.462022
        ]
      }
    },
    {
      "type": "Feature",
      "properties": {
        "name": "Picknicktisch",
        "info": null,
        "category": "Picknicktisch"
      },
      "geometry": {
        "type": "Point",
        "coordinates": [
          13.1715501,
          52.4621401
        ]
      }
    },
    {
      "type": "Feature",
      "properties": {
        "name": "Picknicktisch",
        "info": null,
        "category": "Picknicktisch"
      },
      "geometry": {
        "type": "Point",
        "coordinates": [
          13.1713226,
          52.4620892
        ]
      }
    },
    {
      "type": "Feature",
      "properties": {
        "name": "Picknicktisch",
        "info": null,
        "category": "Picknicktisch"
      },
      "geometry": {
        "type": "Point",
        "coordinates": [
          13.4484739,
          52.4722248
        ]
      }
    },
    {
      "type": "Feature",
      "properties": {
        "name": "Picknicktisch",
        "info": null,
        "category": "Picknicktisch"
      },
      "geometry": {
        "type": "Point",
        "coordinates": [
          13.4484917,
          52.4722053
        ]
      }
    },
    {
      "type": "Feature",
      "properties": {
        "name": "Picknicktisch",
        "info": null,
        "category": "Picknicktisch"
      },
      "geometry": {
        "type": "Point",
        "coordinates": [
          13.4484901,
          52.4721698
        ]
      }
    },
    {
      "type": "Feature",
      "properties": {
        "name": "Picknicktisch",
        "info": null,
        "category": "Picknicktisch"
      },
      "geometry": {
        "type": "Point",
        "coordinates": [
          13.5766782,
          52.5376957
        ]
      }
    },
    {
      "type": "Feature",
      "properties": {
        "name": "Picknicktisch",
        "info": null,
        "category": "Picknicktisch"
      },
      "geometry": {
        "type": "Point",
        "coordinates": [
          13.5780904,
          52.5376369
        ]
      }
    },
    {
      "type": "Feature",
      "properties": {
        "name": "Picknicktisch",
        "info": null,
        "category": "Picknicktisch"
      },
      "geometry": {
        "type": "Point",
        "coordinates": [
          13.5784471,
          52.5375896
        ]
      }
    },
    {
      "type": "Feature",
      "properties": {
        "name": "Picknicktisch",
        "info": null,
        "category": "Picknicktisch"
      },
      "geometry": {
        "type": "Point",
        "coordinates": [
          13.5786563,
          52.5372283
        ]
      }
    },
    {
      "type": "Feature",
      "properties": {
        "name": "Picknicktisch",
        "info": null,
        "category": "Picknicktisch"
      },
      "geometry": {
        "type": "Point",
        "coordinates": [
          13.5782365,
          52.5391974
        ]
      }
    },
    {
      "type": "Feature",
      "properties": {
        "name": "Picknicktisch",
        "info": null,
        "category": "Picknicktisch"
      },
      "geometry": {
        "type": "Point",
        "coordinates": [
          13.5769424,
          52.5393417
        ]
      }
    },
    {
      "type": "Feature",
      "properties": {
        "name": "Picknicktisch",
        "info": null,
        "category": "Picknicktisch"
      },
      "geometry": {
        "type": "Point",
        "coordinates": [
          13.57714,
          52.53666
        ]
      }
    },
    {
      "type": "Feature",
      "properties": {
        "name": "Picknicktisch",
        "info": null,
        "category": "Picknicktisch"
      },
      "geometry": {
        "type": "Point",
        "coordinates": [
          13.5480158,
          52.5326812
        ]
      }
    },
    {
      "type": "Feature",
      "properties": {
        "name": "Picknicktisch",
        "info": null,
        "category": "Picknicktisch"
      },
      "geometry": {
        "type": "Point",
        "coordinates": [
          13.443561,
          52.5915476
        ]
      }
    },
    {
      "type": "Feature",
      "properties": {
        "name": "Picknicktisch",
        "info": null,
        "category": "Picknicktisch"
      },
      "geometry": {
        "type": "Point",
        "coordinates": [
          13.5766297,
          52.5331653
        ]
      }
    },
    {
      "type": "Feature",
      "properties": {
        "name": "Picknicktisch",
        "info": "a large picnic table made of wood with 2 sitting banks. enough place for 10 persons.",
        "category": "Picknicktisch"
      },
      "geometry": {
        "type": "Point",
        "coordinates": [
          13.2514227,
          52.4995109
        ]
      }
    },
    {
      "type": "Feature",
      "properties": {
        "name": "Picknicktisch",
        "info": null,
        "category": "Picknicktisch"
      },
      "geometry": {
        "type": "Point",
        "coordinates": [
          13.7226379,
          52.4260499
        ]
      }
    },
    {
      "type": "Feature",
      "properties": {
        "name": "Picknicktisch",
        "info": null,
        "category": "Picknicktisch"
      },
      "geometry": {
        "type": "Point",
        "coordinates": [
          13.4476626,
          52.4982454
        ]
      }
    },
    {
      "type": "Feature",
      "properties": {
        "name": "Picknicktisch",
        "info": null,
        "category": "Picknicktisch"
      },
      "geometry": {
        "type": "Point",
        "coordinates": [
          13.7027605,
          52.4100032
        ]
      }
    },
    {
      "type": "Feature",
      "properties": {
        "name": "Picknicktisch",
        "info": null,
        "category": "Picknicktisch"
      },
      "geometry": {
        "type": "Point",
        "coordinates": [
          13.4804793,
          52.5013824
        ]
      }
    },
    {
      "type": "Feature",
      "properties": {
        "name": "Picknicktisch",
        "info": null,
        "category": "Picknicktisch"
      },
      "geometry": {
        "type": "Point",
        "coordinates": [
          13.4804878,
          52.5013607
        ]
      }
    },
    {
      "type": "Feature",
      "properties": {
        "name": "Picknicktisch",
        "info": null,
        "category": "Picknicktisch"
      },
      "geometry": {
        "type": "Point",
        "coordinates": [
          13.4445302,
          52.5356806
        ]
      }
    },
    {
      "type": "Feature",
      "properties": {
        "name": "Picknicktisch",
        "info": null,
        "category": "Picknicktisch"
      },
      "geometry": {
        "type": "Point",
        "coordinates": [
          13.4443714,
          52.5357551
        ]
      }
    },
    {
      "type": "Feature",
      "properties": {
        "name": "Picknicktisch",
        "info": null,
        "category": "Picknicktisch"
      },
      "geometry": {
        "type": "Point",
        "coordinates": [
          13.5670801,
          52.4861023
        ]
      }
    },
    {
      "type": "Feature",
      "properties": {
        "name": "Picknicktisch",
        "info": null,
        "category": "Picknicktisch"
      },
      "geometry": {
        "type": "Point",
        "coordinates": [
          13.5668153,
          52.486138
        ]
      }
    },
    {
      "type": "Feature",
      "properties": {
        "name": "Picknicktisch",
        "info": null,
        "category": "Picknicktisch"
      },
      "geometry": {
        "type": "Point",
        "coordinates": [
          13.6110065,
          52.4506782
        ]
      }
    },
    {
      "type": "Feature",
      "properties": {
        "name": "Picknicktisch",
        "info": null,
        "category": "Picknicktisch"
      },
      "geometry": {
        "type": "Point",
        "coordinates": [
          13.4434917,
          52.5354212
        ]
      }
    },
    {
      "type": "Feature",
      "properties": {
        "name": "Picknicktisch",
        "info": null,
        "category": "Picknicktisch"
      },
      "geometry": {
        "type": "Point",
        "coordinates": [
          13.4454401,
          52.5362612
        ]
      }
    },
    {
      "type": "Feature",
      "properties": {
        "name": "Picknicktisch",
        "info": null,
        "category": "Picknicktisch"
      },
      "geometry": {
        "type": "Point",
        "coordinates": [
          13.4454272,
          52.5362249
        ]
      }
    },
    {
      "type": "Feature",
      "properties": {
        "name": "Picknicktisch",
        "info": null,
        "category": "Picknicktisch"
      },
      "geometry": {
        "type": "Point",
        "coordinates": [
          13.4453029,
          52.5362254
        ]
      }
    },
    {
      "type": "Feature",
      "properties": {
        "name": "Picknicktisch",
        "info": null,
        "category": "Picknicktisch"
      },
      "geometry": {
        "type": "Point",
        "coordinates": [
          13.1804209,
          52.5876417
        ]
      }
    },
    {
      "type": "Feature",
      "properties": {
        "name": "Picknicktisch",
        "info": null,
        "category": "Picknicktisch"
      },
      "geometry": {
        "type": "Point",
        "coordinates": [
          13.3849586,
          52.5607083
        ]
      }
    },
    {
      "type": "Feature",
      "properties": {
        "name": "Picknicktisch",
        "info": null,
        "category": "Picknicktisch"
      },
      "geometry": {
        "type": "Point",
        "coordinates": [
          13.3852616,
          52.5609764
        ]
      }
    },
    {
      "type": "Feature",
      "properties": {
        "name": "Picknicktisch",
        "info": null,
        "category": "Picknicktisch"
      },
      "geometry": {
        "type": "Point",
        "coordinates": [
          13.3852547,
          52.5609501
        ]
      }
    },
    {
      "type": "Feature",
      "properties": {
        "name": "Picknicktisch",
        "info": "in a bad state",
        "category": "Picknicktisch"
      },
      "geometry": {
        "type": "Point",
        "coordinates": [
          13.1764334,
          52.4638075
        ]
      }
    },
    {
      "type": "Feature",
      "properties": {
        "name": "Picknicktisch",
        "info": null,
        "category": "Picknicktisch"
      },
      "geometry": {
        "type": "Point",
        "coordinates": [
          13.3947652,
          52.6312949
        ]
      }
    },
    {
      "type": "Feature",
      "properties": {
        "name": "Picknicktisch",
        "info": null,
        "category": "Picknicktisch"
      },
      "geometry": {
        "type": "Point",
        "coordinates": [
          13.5546536,
          52.491041
        ]
      }
    },
    {
      "type": "Feature",
      "properties": {
        "name": "Picknicktisch",
        "info": null,
        "category": "Picknicktisch"
      },
      "geometry": {
        "type": "Point",
        "coordinates": [
          13.5522421,
          52.4914731
        ]
      }
    },
    {
      "type": "Feature",
      "properties": {
        "name": "Picknicktisch",
        "info": null,
        "category": "Picknicktisch"
      },
      "geometry": {
        "type": "Point",
        "coordinates": [
          13.5522591,
          52.492358
        ]
      }
    },
    {
      "type": "Feature",
      "properties": {
        "name": "Picknicktisch",
        "info": null,
        "category": "Picknicktisch"
      },
      "geometry": {
        "type": "Point",
        "coordinates": [
          13.2307988,
          52.4874111
        ]
      }
    },
    {
      "type": "Feature",
      "properties": {
        "name": "Picknicktisch",
        "info": null,
        "category": "Picknicktisch"
      },
      "geometry": {
        "type": "Point",
        "coordinates": [
          13.5546658,
          52.4911644
        ]
      }
    },
    {
      "type": "Feature",
      "properties": {
        "name": "Picknicktisch",
        "info": null,
        "category": "Picknicktisch"
      },
      "geometry": {
        "type": "Point",
        "coordinates": [
          13.3497206,
          52.4587816
        ]
      }
    },
    {
      "type": "Feature",
      "properties": {
        "name": "Picknicktisch",
        "info": null,
        "category": "Picknicktisch"
      },
      "geometry": {
        "type": "Point",
        "coordinates": [
          13.3496421,
          52.4587792
        ]
      }
    },
    {
      "type": "Feature",
      "properties": {
        "name": "Picknicktisch",
        "info": null,
        "category": "Picknicktisch"
      },
      "geometry": {
        "type": "Point",
        "coordinates": [
          13.3495627,
          52.4586538
        ]
      }
    },
    {
      "type": "Feature",
      "properties": {
        "name": "Picknicktisch",
        "info": null,
        "category": "Picknicktisch"
      },
      "geometry": {
        "type": "Point",
        "coordinates": [
          13.3506623,
          52.4584481
        ]
      }
    },
    {
      "type": "Feature",
      "properties": {
        "name": "Picknicktisch",
        "info": null,
        "category": "Picknicktisch"
      },
      "geometry": {
        "type": "Point",
        "coordinates": [
          13.3496707,
          52.458677
        ]
      }
    },
    {
      "type": "Feature",
      "properties": {
        "name": "Picknicktisch",
        "info": null,
        "category": "Picknicktisch"
      },
      "geometry": {
        "type": "Point",
        "coordinates": [
          13.4988928,
          52.4949484
        ]
      }
    },
    {
      "type": "Feature",
      "properties": {
        "name": "Picknicktisch",
        "info": null,
        "category": "Picknicktisch"
      },
      "geometry": {
        "type": "Point",
        "coordinates": [
          13.4989879,
          52.4949261
        ]
      }
    },
    {
      "type": "Feature",
      "properties": {
        "name": "Picknicktisch",
        "info": null,
        "category": "Picknicktisch"
      },
      "geometry": {
        "type": "Point",
        "coordinates": [
          13.4383639,
          52.5385556
        ]
      }
    },
    {
      "type": "Feature",
      "properties": {
        "name": "Picknicktisch",
        "info": null,
        "category": "Picknicktisch"
      },
      "geometry": {
        "type": "Point",
        "coordinates": [
          13.2226738,
          52.4882853
        ]
      }
    },
    {
      "type": "Feature",
      "properties": {
        "name": "Picknicktisch",
        "info": null,
        "category": "Picknicktisch"
      },
      "geometry": {
        "type": "Point",
        "coordinates": [
          13.5982388,
          52.4656521
        ]
      }
    },
    {
      "type": "Feature",
      "properties": {
        "name": "Picknicktisch",
        "info": null,
        "category": "Picknicktisch"
      },
      "geometry": {
        "type": "Point",
        "coordinates": [
          13.3959562,
          52.5061388
        ]
      }
    },
    {
      "type": "Feature",
      "properties": {
        "name": "Picknicktisch",
        "info": null,
        "category": "Picknicktisch"
      },
      "geometry": {
        "type": "Point",
        "coordinates": [
          13.3960889,
          52.5063163
        ]
      }
    },
    {
      "type": "Feature",
      "properties": {
        "name": "Picknicktisch",
        "info": null,
        "category": "Picknicktisch"
      },
      "geometry": {
        "type": "Point",
        "coordinates": [
          13.18663,
          52.5698434
        ]
      }
    },
    {
      "type": "Feature",
      "properties": {
        "name": "Picknicktisch",
        "info": null,
        "category": "Picknicktisch"
      },
      "geometry": {
        "type": "Point",
        "coordinates": [
          13.5784376,
          52.5369686
        ]
      }
    },
    {
      "type": "Feature",
      "properties": {
        "name": "Picknicktisch",
        "info": null,
        "category": "Picknicktisch"
      },
      "geometry": {
        "type": "Point",
        "coordinates": [
          13.419485,
          52.4633885
        ]
      }
    },
    {
      "type": "Feature",
      "properties": {
        "name": "Picknicktisch",
        "info": null,
        "category": "Picknicktisch"
      },
      "geometry": {
        "type": "Point",
        "coordinates": [
          13.5795011,
          52.538272
        ]
      }
    },
    {
      "type": "Feature",
      "properties": {
        "name": "Picknicktisch",
        "info": null,
        "category": "Picknicktisch"
      },
      "geometry": {
        "type": "Point",
        "coordinates": [
          13.5791381,
          52.5384673
        ]
      }
    },
    {
      "type": "Feature",
      "properties": {
        "name": "Picknicktisch",
        "info": null,
        "category": "Picknicktisch"
      },
      "geometry": {
        "type": "Point",
        "coordinates": [
          13.5792027,
          52.5384904
        ]
      }
    },
    {
      "type": "Feature",
      "properties": {
        "name": "Picknicktisch",
        "info": null,
        "category": "Picknicktisch"
      },
      "geometry": {
        "type": "Point",
        "coordinates": [
          13.3335571,
          52.4726356
        ]
      }
    },
    {
      "type": "Feature",
      "properties": {
        "name": "Picknicktisch",
        "info": null,
        "category": "Picknicktisch"
      },
      "geometry": {
        "type": "Point",
        "coordinates": [
          13.1492351,
          52.4531827
        ]
      }
    },
    {
      "type": "Feature",
      "properties": {
        "name": "Picknicktisch",
        "info": null,
        "category": "Picknicktisch"
      },
      "geometry": {
        "type": "Point",
        "coordinates": [
          13.3015509,
          52.642866
        ]
      }
    },
    {
      "type": "Feature",
      "properties": {
        "name": "Picknicktisch",
        "info": null,
        "category": "Picknicktisch"
      },
      "geometry": {
        "type": "Point",
        "coordinates": [
          13.2130695,
          52.5825861
        ]
      }
    },
    {
      "type": "Feature",
      "properties": {
        "name": "Picknicktisch",
        "info": null,
        "category": "Picknicktisch"
      },
      "geometry": {
        "type": "Point",
        "coordinates": [
          13.2131226,
          52.5825398
        ]
      }
    },
    {
      "type": "Feature",
      "properties": {
        "name": "Picknicktisch",
        "info": null,
        "category": "Picknicktisch"
      },
      "geometry": {
        "type": "Point",
        "coordinates": [
          13.3888619,
          52.5037676
        ]
      }
    },
    {
      "type": "Feature",
      "properties": {
        "name": "Picknicktisch",
        "info": null,
        "category": "Picknicktisch"
      },
      "geometry": {
        "type": "Point",
        "coordinates": [
          13.3888577,
          52.5037949
        ]
      }
    },
    {
      "type": "Feature",
      "properties": {
        "name": "Picknicktisch",
        "info": null,
        "category": "Picknicktisch"
      },
      "geometry": {
        "type": "Point",
        "coordinates": [
          13.3888535,
          52.5038221
        ]
      }
    },
    {
      "type": "Feature",
      "properties": {
        "name": "Picknicktisch",
        "info": null,
        "category": "Picknicktisch"
      },
      "geometry": {
        "type": "Point",
        "coordinates": [
          13.4577135,
          52.5012299
        ]
      }
    },
    {
      "type": "Feature",
      "properties": {
        "name": "Picknicktisch",
        "info": null,
        "category": "Picknicktisch"
      },
      "geometry": {
        "type": "Point",
        "coordinates": [
          13.5216928,
          52.4964014
        ]
      }
    },
    {
      "type": "Feature",
      "properties": {
        "name": "Picknicktisch",
        "info": null,
        "category": "Picknicktisch"
      },
      "geometry": {
        "type": "Point",
        "coordinates": [
          13.521667,
          52.4964388
        ]
      }
    },
    {
      "type": "Feature",
      "properties": {
        "name": "Picknicktisch",
        "info": null,
        "category": "Picknicktisch"
      },
      "geometry": {
        "type": "Point",
        "coordinates": [
          13.510373,
          52.4930461
        ]
      }
    },
    {
      "type": "Feature",
      "properties": {
        "name": "Picknicktisch",
        "info": null,
        "category": "Picknicktisch"
      },
      "geometry": {
        "type": "Point",
        "coordinates": [
          13.5177248,
          52.5071918
        ]
      }
    },
    {
      "type": "Feature",
      "properties": {
        "name": "Picknicktisch",
        "info": null,
        "category": "Picknicktisch"
      },
      "geometry": {
        "type": "Point",
        "coordinates": [
          13.5177172,
          52.507106
        ]
      }
    },
    {
      "type": "Feature",
      "properties": {
        "name": "Picknicktisch",
        "info": null,
        "category": "Picknicktisch"
      },
      "geometry": {
        "type": "Point",
        "coordinates": [
          13.5220456,
          52.4908933
        ]
      }
    },
    {
      "type": "Feature",
      "properties": {
        "name": "Picknicktisch",
        "info": null,
        "category": "Picknicktisch"
      },
      "geometry": {
        "type": "Point",
        "coordinates": [
          13.522111,
          52.4908849
        ]
      }
    },
    {
      "type": "Feature",
      "properties": {
        "name": "Picknicktisch",
        "info": null,
        "category": "Picknicktisch"
      },
      "geometry": {
        "type": "Point",
        "coordinates": [
          13.3630219,
          52.4573163
        ]
      }
    },
    {
      "type": "Feature",
      "properties": {
        "name": "Picknicktisch",
        "info": null,
        "category": "Picknicktisch"
      },
      "geometry": {
        "type": "Point",
        "coordinates": [
          13.3629624,
          52.4573176
        ]
      }
    },
    {
      "type": "Feature",
      "properties": {
        "name": "Picknicktisch",
        "info": null,
        "category": "Picknicktisch"
      },
      "geometry": {
        "type": "Point",
        "coordinates": [
          13.3629071,
          52.4573216
        ]
      }
    },
    {
      "type": "Feature",
      "properties": {
        "name": "Picknicktisch",
        "info": null,
        "category": "Picknicktisch"
      },
      "geometry": {
        "type": "Point",
        "coordinates": [
          13.3846611,
          52.5472055
        ]
      }
    },
    {
      "type": "Feature",
      "properties": {
        "name": "Picknicktisch",
        "info": null,
        "category": "Picknicktisch"
      },
      "geometry": {
        "type": "Point",
        "coordinates": [
          13.3846441,
          52.5472317
        ]
      }
    },
    {
      "type": "Feature",
      "properties": {
        "name": "Picknicktisch",
        "info": null,
        "category": "Picknicktisch"
      },
      "geometry": {
        "type": "Point",
        "coordinates": [
          13.3849252,
          52.5473498
        ]
      }
    },
    {
      "type": "Feature",
      "properties": {
        "name": "Picknicktisch",
        "info": null,
        "category": "Picknicktisch"
      },
      "geometry": {
        "type": "Point",
        "coordinates": [
          13.4543634,
          52.5548819
        ]
      }
    },
    {
      "type": "Feature",
      "properties": {
        "name": "Picknicktisch",
        "info": null,
        "category": "Picknicktisch"
      },
      "geometry": {
        "type": "Point",
        "coordinates": [
          13.3881766,
          52.5364135
        ]
      }
    },
    {
      "type": "Feature",
      "properties": {
        "name": "Picknicktisch",
        "info": null,
        "category": "Picknicktisch"
      },
      "geometry": {
        "type": "Point",
        "coordinates": [
          13.3882592,
          52.536371
        ]
      }
    },
    {
      "type": "Feature",
      "properties": {
        "name": "Picknicktisch",
        "info": null,
        "category": "Picknicktisch"
      },
      "geometry": {
        "type": "Point",
        "coordinates": [
          13.4275579,
          52.4721102
        ]
      }
    },
    {
      "type": "Feature",
      "properties": {
        "name": "Picknicktisch",
        "info": null,
        "category": "Picknicktisch"
      },
      "geometry": {
        "type": "Point",
        "coordinates": [
          13.4273649,
          52.4720831
        ]
      }
    },
    {
      "type": "Feature",
      "properties": {
        "name": "Picknicktisch",
        "info": null,
        "category": "Picknicktisch"
      },
      "geometry": {
        "type": "Point",
        "coordinates": [
          13.5612412,
          52.5531385
        ]
      }
    },
    {
      "type": "Feature",
      "properties": {
        "name": "Picknicktisch",
        "info": null,
        "category": "Picknicktisch"
      },
      "geometry": {
        "type": "Point",
        "coordinates": [
          13.5612068,
          52.5530942
        ]
      }
    },
    {
      "type": "Feature",
      "properties": {
        "name": "Picknicktisch",
        "info": null,
        "category": "Picknicktisch"
      },
      "geometry": {
        "type": "Point",
        "coordinates": [
          13.507667,
          52.5185072
        ]
      }
    },
    {
      "type": "Feature",
      "properties": {
        "name": "Picknicktisch",
        "info": null,
        "category": "Picknicktisch"
      },
      "geometry": {
        "type": "Point",
        "coordinates": [
          13.3745487,
          52.5705472
        ]
      }
    },
    {
      "type": "Feature",
      "properties": {
        "name": "Picknicktisch",
        "info": null,
        "category": "Picknicktisch"
      },
      "geometry": {
        "type": "Point",
        "coordinates": [
          13.5741348,
          52.4638516
        ]
      }
    },
    {
      "type": "Feature",
      "properties": {
        "name": "Picknicktisch",
        "info": null,
        "category": "Picknicktisch"
      },
      "geometry": {
        "type": "Point",
        "coordinates": [
          13.2198449,
          52.4896858
        ]
      }
    },
    {
      "type": "Feature",
      "properties": {
        "name": "Picknicktisch",
        "info": null,
        "category": "Picknicktisch"
      },
      "geometry": {
        "type": "Point",
        "coordinates": [
          13.6288902,
          52.4601966
        ]
      }
    },
    {
      "type": "Feature",
      "properties": {
        "name": "Picknicktisch",
        "info": null,
        "category": "Picknicktisch"
      },
      "geometry": {
        "type": "Point",
        "coordinates": [
          13.6286393,
          52.460048
        ]
      }
    },
    {
      "type": "Feature",
      "properties": {
        "name": "Picknicktisch",
        "info": null,
        "category": "Picknicktisch"
      },
      "geometry": {
        "type": "Point",
        "coordinates": [
          13.1926862,
          52.5633523
        ]
      }
    },
    {
      "type": "Feature",
      "properties": {
        "name": "Picknicktisch",
        "info": null,
        "category": "Picknicktisch"
      },
      "geometry": {
        "type": "Point",
        "coordinates": [
          13.1929351,
          52.5629179
        ]
      }
    },
    {
      "type": "Feature",
      "properties": {
        "name": "Picknicktisch",
        "info": null,
        "category": "Picknicktisch"
      },
      "geometry": {
        "type": "Point",
        "coordinates": [
          13.4380399,
          52.5586095
        ]
      }
    },
    {
      "type": "Feature",
      "properties": {
        "name": "Picknicktisch",
        "info": null,
        "category": "Picknicktisch"
      },
      "geometry": {
        "type": "Point",
        "coordinates": [
          13.43866,
          52.4847687
        ]
      }
    },
    {
      "type": "Feature",
      "properties": {
        "name": "Picknicktisch",
        "info": null,
        "category": "Picknicktisch"
      },
      "geometry": {
        "type": "Point",
        "coordinates": [
          13.4178232,
          52.4627182
        ]
      }
    },
    {
      "type": "Feature",
      "properties": {
        "name": "Picknicktisch",
        "info": "Frei beweglich. Steht immer mal woanders.",
        "category": "Picknicktisch"
      },
      "geometry": {
        "type": "Point",
        "coordinates": [
          13.4461898,
          52.4722703
        ]
      }
    },
    {
      "type": "Feature",
      "properties": {
        "name": "Picknicktisch",
        "info": null,
        "category": "Picknicktisch"
      },
      "geometry": {
        "type": "Point",
        "coordinates": [
          13.3381828,
          52.5063989
        ]
      }
    },
    {
      "type": "Feature",
      "properties": {
        "name": "Picknicktisch",
        "info": null,
        "category": "Picknicktisch"
      },
      "geometry": {
        "type": "Point",
        "coordinates": [
          13.4117477,
          52.4340271
        ]
      }
    },
    {
      "type": "Feature",
      "properties": {
        "name": "Picknicktisch",
        "info": null,
        "category": "Picknicktisch"
      },
      "geometry": {
        "type": "Point",
        "coordinates": [
          13.4143667,
          52.493683
        ]
      }
    },
    {
      "type": "Feature",
      "properties": {
        "name": "Picknicktisch",
        "info": null,
        "category": "Picknicktisch"
      },
      "geometry": {
        "type": "Point",
        "coordinates": [
          13.3885652,
          52.5312919
        ]
      }
    },
    {
      "type": "Feature",
      "properties": {
        "name": "Picknicktisch",
        "info": null,
        "category": "Picknicktisch"
      },
      "geometry": {
        "type": "Point",
        "coordinates": [
          13.3886498,
          52.5313105
        ]
      }
    },
    {
      "type": "Feature",
      "properties": {
        "name": "Picknicktisch",
        "info": null,
        "category": "Picknicktisch"
      },
      "geometry": {
        "type": "Point",
        "coordinates": [
          13.388609,
          52.5313019
        ]
      }
    },
    {
      "type": "Feature",
      "properties": {
        "name": "Picknicktisch",
        "info": null,
        "category": "Picknicktisch"
      },
      "geometry": {
        "type": "Point",
        "coordinates": [
          13.1739854,
          52.4164245
        ]
      }
    },
    {
      "type": "Feature",
      "properties": {
        "name": "Picknicktisch",
        "info": null,
        "category": "Picknicktisch"
      },
      "geometry": {
        "type": "Point",
        "coordinates": [
          13.4483704,
          52.4718937
        ]
      }
    },
    {
      "type": "Feature",
      "properties": {
        "name": "Picknicktisch",
        "info": null,
        "category": "Picknicktisch"
      },
      "geometry": {
        "type": "Point",
        "coordinates": [
          13.4296946,
          52.4886663
        ]
      }
    },
    {
      "type": "Feature",
      "properties": {
        "name": "Picknicktisch",
        "info": null,
        "category": "Picknicktisch"
      },
      "geometry": {
        "type": "Point",
        "coordinates": [
          13.4591666,
          52.546878
        ]
      }
    },
    {
      "type": "Feature",
      "properties": {
        "name": "Picknicktisch",
        "info": null,
        "category": "Picknicktisch"
      },
      "geometry": {
        "type": "Point",
        "coordinates": [
          13.4592883,
          52.5469073
        ]
      }
    },
    {
      "type": "Feature",
      "properties": {
        "name": "Picknicktisch",
        "info": null,
        "category": "Picknicktisch"
      },
      "geometry": {
        "type": "Point",
        "coordinates": [
          13.444639,
          52.4922717
        ]
      }
    },
    {
      "type": "Feature",
      "properties": {
        "name": "Picknicktisch",
        "info": null,
        "category": "Picknicktisch"
      },
      "geometry": {
        "type": "Point",
        "coordinates": [
          13.3829008,
          52.5006209
        ]
      }
    },
    {
      "type": "Feature",
      "properties": {
        "name": "Picknicktisch",
        "info": null,
        "category": "Picknicktisch"
      },
      "geometry": {
        "type": "Point",
        "coordinates": [
          13.3829173,
          52.500653
        ]
      }
    },
    {
      "type": "Feature",
      "properties": {
        "name": "Picknicktisch",
        "info": null,
        "category": "Picknicktisch"
      },
      "geometry": {
        "type": "Point",
        "coordinates": [
          13.3828391,
          52.5006317
        ]
      }
    },
    {
      "type": "Feature",
      "properties": {
        "name": "Picknicktisch",
        "info": null,
        "category": "Picknicktisch"
      },
      "geometry": {
        "type": "Point",
        "coordinates": [
          13.4389505,
          52.4960303
        ]
      }
    },
    {
      "type": "Feature",
      "properties": {
        "name": "Picknicktisch",
        "info": null,
        "category": "Picknicktisch"
      },
      "geometry": {
        "type": "Point",
        "coordinates": [
          13.5474936,
          52.417076
        ]
      }
    },
    {
      "type": "Feature",
      "properties": {
        "name": "Picknicktisch",
        "info": null,
        "category": "Picknicktisch"
      },
      "geometry": {
        "type": "Point",
        "coordinates": [
          13.3536243,
          52.5408507
        ]
      }
    },
    {
      "type": "Feature",
      "properties": {
        "name": "Picknicktisch",
        "info": null,
        "category": "Picknicktisch"
      },
      "geometry": {
        "type": "Point",
        "coordinates": [
          13.3538564,
          52.5406211
        ]
      }
    },
    {
      "type": "Feature",
      "properties": {
        "name": "Picknicktisch",
        "info": null,
        "category": "Picknicktisch"
      },
      "geometry": {
        "type": "Point",
        "coordinates": [
          13.4444764,
          52.543748
        ]
      }
    },
    {
      "type": "Feature",
      "properties": {
        "name": "Picknicktisch",
        "info": null,
        "category": "Picknicktisch"
      },
      "geometry": {
        "type": "Point",
        "coordinates": [
          13.4509952,
          52.5404567
        ]
      }
    },
    {
      "type": "Feature",
      "properties": {
        "name": "Picknicktisch",
        "info": null,
        "category": "Picknicktisch"
      },
      "geometry": {
        "type": "Point",
        "coordinates": [
          13.4509603,
          52.5403864
        ]
      }
    },
    {
      "type": "Feature",
      "properties": {
        "name": "Picknicktisch",
        "info": null,
        "category": "Picknicktisch"
      },
      "geometry": {
        "type": "Point",
        "coordinates": [
          13.4509082,
          52.5403335
        ]
      }
    },
    {
      "type": "Feature",
      "properties": {
        "name": "Picknicktisch",
        "info": null,
        "category": "Picknicktisch"
      },
      "geometry": {
        "type": "Point",
        "coordinates": [
          13.4444313,
          52.5438249
        ]
      }
    },
    {
      "type": "Feature",
      "properties": {
        "name": "Picknicktisch",
        "info": null,
        "category": "Picknicktisch"
      },
      "geometry": {
        "type": "Point",
        "coordinates": [
          13.4444784,
          52.5436853
        ]
      }
    },
    {
      "type": "Feature",
      "properties": {
        "name": "Picknicktisch",
        "info": null,
        "category": "Picknicktisch"
      },
      "geometry": {
        "type": "Point",
        "coordinates": [
          13.4253594,
          52.5440483
        ]
      }
    },
    {
      "type": "Feature",
      "properties": {
        "name": "Picknicktisch",
        "info": null,
        "category": "Picknicktisch"
      },
      "geometry": {
        "type": "Point",
        "coordinates": [
          13.416215,
          52.4827991
        ]
      }
    },
    {
      "type": "Feature",
      "properties": {
        "name": "Picknicktisch",
        "info": null,
        "category": "Picknicktisch"
      },
      "geometry": {
        "type": "Point",
        "coordinates": [
          13.416197,
          52.4827583
        ]
      }
    },
    {
      "type": "Feature",
      "properties": {
        "name": "Picknicktisch",
        "info": null,
        "category": "Picknicktisch"
      },
      "geometry": {
        "type": "Point",
        "coordinates": [
          13.4163307,
          52.4827771
        ]
      }
    },
    {
      "type": "Feature",
      "properties": {
        "name": "Picknicktisch",
        "info": null,
        "category": "Picknicktisch"
      },
      "geometry": {
        "type": "Point",
        "coordinates": [
          13.4162571,
          52.4827364
        ]
      }
    },
    {
      "type": "Feature",
      "properties": {
        "name": "Picknicktisch",
        "info": null,
        "category": "Picknicktisch"
      },
      "geometry": {
        "type": "Point",
        "coordinates": [
          13.3904008,
          52.5010984
        ]
      }
    },
    {
      "type": "Feature",
      "properties": {
        "name": "Picknicktisch",
        "info": null,
        "category": "Picknicktisch"
      },
      "geometry": {
        "type": "Point",
        "coordinates": [
          13.3902838,
          52.5010989
        ]
      }
    },
    {
      "type": "Feature",
      "properties": {
        "name": "Picknicktisch",
        "info": null,
        "category": "Picknicktisch"
      },
      "geometry": {
        "type": "Point",
        "coordinates": [
          13.5773984,
          52.5376826
        ]
      }
    },
    {
      "type": "Feature",
      "properties": {
        "name": "Picknicktisch",
        "info": null,
        "category": "Picknicktisch"
      },
      "geometry": {
        "type": "Point",
        "coordinates": [
          13.4867122,
          52.6571073
        ]
      }
    },
    {
      "type": "Feature",
      "properties": {
        "name": "Picknicktisch",
        "info": null,
        "category": "Picknicktisch"
      },
      "geometry": {
        "type": "Point",
        "coordinates": [
          13.6315428,
          52.4482392
        ]
      }
    },
    {
      "type": "Feature",
      "properties": {
        "name": "Picknicktisch",
        "info": null,
        "category": "Picknicktisch"
      },
      "geometry": {
        "type": "Point",
        "coordinates": [
          13.308507,
          52.4733901
        ]
      }
    },
    {
      "type": "Feature",
      "properties": {
        "name": "Picknicktisch",
        "info": null,
        "category": "Picknicktisch"
      },
      "geometry": {
        "type": "Point",
        "coordinates": [
          13.5541037,
          52.5276703
        ]
      }
    },
    {
      "type": "Feature",
      "properties": {
        "name": "Picknicktisch",
        "info": null,
        "category": "Picknicktisch"
      },
      "geometry": {
        "type": "Point",
        "coordinates": [
          13.5541385,
          52.5276712
        ]
      }
    },
    {
      "type": "Feature",
      "properties": {
        "name": "Picknicktisch",
        "info": null,
        "category": "Picknicktisch"
      },
      "geometry": {
        "type": "Point",
        "coordinates": [
          13.5686966,
          52.5521895
        ]
      }
    },
    {
      "type": "Feature",
      "properties": {
        "name": "Picknicktisch",
        "info": null,
        "category": "Picknicktisch"
      },
      "geometry": {
        "type": "Point",
        "coordinates": [
          13.5479769,
          52.5333051
        ]
      }
    },
    {
      "type": "Feature",
      "properties": {
        "name": "Picknicktisch",
        "info": "Fläche im Wald mit Bänken und Tisch aus Paletten gebaut.",
        "category": "Picknicktisch"
      },
      "geometry": {
        "type": "Point",
        "coordinates": [
          13.1275686,
          52.4648311
        ]
      }
    },
    {
      "type": "Feature",
      "properties": {
        "name": "Picknicktisch",
        "info": null,
        "category": "Picknicktisch"
      },
      "geometry": {
        "type": "Point",
        "coordinates": [
          13.5482291,
          52.4760913
        ]
      }
    },
    {
      "type": "Feature",
      "properties": {
        "name": "Picknicktisch",
        "info": null,
        "category": "Picknicktisch"
      },
      "geometry": {
        "type": "Point",
        "coordinates": [
          13.5314311,
          52.512231
        ]
      }
    },
    {
      "type": "Feature",
      "properties": {
        "name": "Picknicktisch",
        "info": null,
        "category": "Picknicktisch"
      },
      "geometry": {
        "type": "Point",
        "coordinates": [
          13.5313442,
          52.512271
        ]
      }
    },
    {
      "type": "Feature",
      "properties": {
        "name": "Picknicktisch",
        "info": null,
        "category": "Picknicktisch"
      },
      "geometry": {
        "type": "Point",
        "coordinates": [
          13.5616631,
          52.5535424
        ]
      }
    },
    {
      "type": "Feature",
      "properties": {
        "name": "Picknicktisch",
        "info": null,
        "category": "Picknicktisch"
      },
      "geometry": {
        "type": "Point",
        "coordinates": [
          13.5363714,
          52.4961214
        ]
      }
    },
    {
      "type": "Feature",
      "properties": {
        "name": "Picknicktisch",
        "info": null,
        "category": "Picknicktisch"
      },
      "geometry": {
        "type": "Point",
        "coordinates": [
          13.4085864,
          52.5517313
        ]
      }
    },
    {
      "type": "Feature",
      "properties": {
        "name": "Picknicktisch",
        "info": null,
        "category": "Picknicktisch"
      },
      "geometry": {
        "type": "Point",
        "coordinates": [
          13.4085833,
          52.5517069
        ]
      }
    },
    {
      "type": "Feature",
      "properties": {
        "name": "Picknicktisch",
        "info": null,
        "category": "Picknicktisch"
      },
      "geometry": {
        "type": "Point",
        "coordinates": [
          13.4086113,
          52.5518983
        ]
      }
    },
    {
      "type": "Feature",
      "properties": {
        "name": "Picknicktisch",
        "info": null,
        "category": "Picknicktisch"
      },
      "geometry": {
        "type": "Point",
        "coordinates": [
          13.4072112,
          52.5456561
        ]
      }
    },
    {
      "type": "Feature",
      "properties": {
        "name": "Picknicktisch",
        "info": null,
        "category": "Picknicktisch"
      },
      "geometry": {
        "type": "Point",
        "coordinates": [
          13.4071564,
          52.5456486
        ]
      }
    },
    {
      "type": "Feature",
      "properties": {
        "name": "Picknicktisch",
        "info": null,
        "category": "Picknicktisch"
      },
      "geometry": {
        "type": "Point",
        "coordinates": [
          13.425762,
          52.5402142
        ]
      }
    },
    {
      "type": "Feature",
      "properties": {
        "name": "Picknicktisch",
        "info": null,
        "category": "Picknicktisch"
      },
      "geometry": {
        "type": "Point",
        "coordinates": [
          13.4263074,
          52.540115
        ]
      }
    },
    {
      "type": "Feature",
      "properties": {
        "name": "Picknicktisch",
        "info": null,
        "category": "Picknicktisch"
      },
      "geometry": {
        "type": "Point",
        "coordinates": [
          13.426102,
          52.5401921
        ]
      }
    },
    {
      "type": "Feature",
      "properties": {
        "name": "Picknicktisch",
        "info": null,
        "category": "Picknicktisch"
      },
      "geometry": {
        "type": "Point",
        "coordinates": [
          13.4147278,
          52.5305139
        ]
      }
    },
    {
      "type": "Feature",
      "properties": {
        "name": "Picknicktisch",
        "info": null,
        "category": "Picknicktisch"
      },
      "geometry": {
        "type": "Point",
        "coordinates": [
          13.56984,
          52.4989973
        ]
      }
    },
    {
      "type": "Feature",
      "properties": {
        "name": "Picknicktisch",
        "info": null,
        "category": "Picknicktisch"
      },
      "geometry": {
        "type": "Point",
        "coordinates": [
          13.5697791,
          52.498971
        ]
      }
    },
    {
      "type": "Feature",
      "properties": {
        "name": "Picknicktisch",
        "info": null,
        "category": "Picknicktisch"
      },
      "geometry": {
        "type": "Point",
        "coordinates": [
          13.5694937,
          52.4988096
        ]
      }
    },
    {
      "type": "Feature",
      "properties": {
        "name": "Picknicktisch",
        "info": null,
        "category": "Picknicktisch"
      },
      "geometry": {
        "type": "Point",
        "coordinates": [
          13.5694023,
          52.4987609
        ]
      }
    },
    {
      "type": "Feature",
      "properties": {
        "name": "Picknicktisch",
        "info": null,
        "category": "Picknicktisch"
      },
      "geometry": {
        "type": "Point",
        "coordinates": [
          13.5760227,
          52.5289468
        ]
      }
    },
    {
      "type": "Feature",
      "properties": {
        "name": "Picknicktisch",
        "info": null,
        "category": "Picknicktisch"
      },
      "geometry": {
        "type": "Point",
        "coordinates": [
          13.1483405,
          52.453732
        ]
      }
    },
    {
      "type": "Feature",
      "properties": {
        "name": "Picknicktisch",
        "info": "poor condition",
        "category": "Picknicktisch"
      },
      "geometry": {
        "type": "Point",
        "coordinates": [
          13.1549213,
          52.4770652
        ]
      }
    },
    {
      "type": "Feature",
      "properties": {
        "name": "Picknicktisch",
        "info": null,
        "category": "Picknicktisch"
      },
      "geometry": {
        "type": "Point",
        "coordinates": [
          13.4548721,
          52.5033487
        ]
      }
    },
    {
      "type": "Feature",
      "properties": {
        "name": "Picknicktisch",
        "info": null,
        "category": "Picknicktisch"
      },
      "geometry": {
        "type": "Point",
        "coordinates": [
          13.4549157,
          52.5034077
        ]
      }
    },
    {
      "type": "Feature",
      "properties": {
        "name": "Picknicktisch",
        "info": null,
        "category": "Picknicktisch"
      },
      "geometry": {
        "type": "Point",
        "coordinates": [
          13.3047154,
          52.4581603
        ]
      }
    },
    {
      "type": "Feature",
      "properties": {
        "name": "Picknicktisch",
        "info": null,
        "category": "Picknicktisch"
      },
      "geometry": {
        "type": "Point",
        "coordinates": [
          13.304703,
          52.4581976
        ]
      }
    },
    {
      "type": "Feature",
      "properties": {
        "name": "Picknicktisch",
        "info": null,
        "category": "Picknicktisch"
      },
      "geometry": {
        "type": "Point",
        "coordinates": [
          13.6096622,
          52.4119374
        ]
      }
    },
    {
      "type": "Feature",
      "properties": {
        "name": "Picknicktisch",
        "info": null,
        "category": "Picknicktisch"
      },
      "geometry": {
        "type": "Point",
        "coordinates": [
          13.518896,
          52.4892258
        ]
      }
    },
    {
      "type": "Feature",
      "properties": {
        "name": "Picknicktisch",
        "info": null,
        "category": "Picknicktisch"
      },
      "geometry": {
        "type": "Point",
        "coordinates": [
          13.5188571,
          52.4892438
        ]
      }
    },
    {
      "type": "Feature",
      "properties": {
        "name": "Picknicktisch",
        "info": null,
        "category": "Picknicktisch"
      },
      "geometry": {
        "type": "Point",
        "coordinates": [
          13.5189302,
          52.4892911
        ]
      }
    },
    {
      "type": "Feature",
      "properties": {
        "name": "Picknicktisch",
        "info": null,
        "category": "Picknicktisch"
      },
      "geometry": {
        "type": "Point",
        "coordinates": [
          13.5189255,
          52.4893499
        ]
      }
    },
    {
      "type": "Feature",
      "properties": {
        "name": "Picknicktisch",
        "info": null,
        "category": "Picknicktisch"
      },
      "geometry": {
        "type": "Point",
        "coordinates": [
          13.559677,
          52.5610315
        ]
      }
    },
    {
      "type": "Feature",
      "properties": {
        "name": "Picknicktisch",
        "info": null,
        "category": "Picknicktisch"
      },
      "geometry": {
        "type": "Point",
        "coordinates": [
          13.5597968,
          52.5609956
        ]
      }
    },
    {
      "type": "Feature",
      "properties": {
        "name": "Picknicktisch",
        "info": null,
        "category": "Picknicktisch"
      },
      "geometry": {
        "type": "Point",
        "coordinates": [
          13.5598632,
          52.5610344
        ]
      }
    },
    {
      "type": "Feature",
      "properties": {
        "name": "Picknicktisch",
        "info": null,
        "category": "Picknicktisch"
      },
      "geometry": {
        "type": "Point",
        "coordinates": [
          13.5598737,
          52.5609882
        ]
      }
    },
    {
      "type": "Feature",
      "properties": {
        "name": "Picknicktisch",
        "info": null,
        "category": "Picknicktisch"
      },
      "geometry": {
        "type": "Point",
        "coordinates": [
          13.4785271,
          52.4983186
        ]
      }
    },
    {
      "type": "Feature",
      "properties": {
        "name": "Picknicktisch",
        "info": null,
        "category": "Picknicktisch"
      },
      "geometry": {
        "type": "Point",
        "coordinates": [
          13.4786849,
          52.4982326
        ]
      }
    },
    {
      "type": "Feature",
      "properties": {
        "name": "Picknicktisch",
        "info": null,
        "category": "Picknicktisch"
      },
      "geometry": {
        "type": "Point",
        "coordinates": [
          13.4881786,
          52.4910951
        ]
      }
    },
    {
      "type": "Feature",
      "properties": {
        "name": "Picknicktisch",
        "info": null,
        "category": "Picknicktisch"
      },
      "geometry": {
        "type": "Point",
        "coordinates": [
          13.4882168,
          52.4911171
        ]
      }
    },
    {
      "type": "Feature",
      "properties": {
        "name": "Picknicktisch",
        "info": null,
        "category": "Picknicktisch"
      },
      "geometry": {
        "type": "Point",
        "coordinates": [
          13.5292268,
          52.458899
        ]
      }
    },
    {
      "type": "Feature",
      "properties": {
        "name": "Picknicktisch",
        "info": null,
        "category": "Picknicktisch"
      },
      "geometry": {
        "type": "Point",
        "coordinates": [
          13.5291751,
          52.4588327
        ]
      }
    },
    {
      "type": "Feature",
      "properties": {
        "name": "Picknicktisch",
        "info": null,
        "category": "Picknicktisch"
      },
      "geometry": {
        "type": "Point",
        "coordinates": [
          13.5284859,
          52.458433
        ]
      }
    },
    {
      "type": "Feature",
      "properties": {
        "name": "Picknicktisch",
        "info": null,
        "category": "Picknicktisch"
      },
      "geometry": {
        "type": "Point",
        "coordinates": [
          13.7413147,
          52.427239
        ]
      }
    },
    {
      "type": "Feature",
      "properties": {
        "name": "Picknicktisch",
        "info": null,
        "category": "Picknicktisch"
      },
      "geometry": {
        "type": "Point",
        "coordinates": [
          13.741275,
          52.4271782
        ]
      }
    },
    {
      "type": "Feature",
      "properties": {
        "name": "Picknicktisch",
        "info": null,
        "category": "Picknicktisch"
      },
      "geometry": {
        "type": "Point",
        "coordinates": [
          13.7411074,
          52.4272918
        ]
      }
    },
    {
      "type": "Feature",
      "properties": {
        "name": "Picknicktisch",
        "info": null,
        "category": "Picknicktisch"
      },
      "geometry": {
        "type": "Point",
        "coordinates": [
          13.5071931,
          52.5201736
        ]
      }
    },
    {
      "type": "Feature",
      "properties": {
        "name": "Picknicktisch",
        "info": null,
        "category": "Picknicktisch"
      },
      "geometry": {
        "type": "Point",
        "coordinates": [
          13.4620565,
          52.526375
        ]
      }
    },
    {
      "type": "Feature",
      "properties": {
        "name": "Picknicktisch",
        "info": null,
        "category": "Picknicktisch"
      },
      "geometry": {
        "type": "Point",
        "coordinates": [
          13.5109502,
          52.553203
        ]
      }
    },
    {
      "type": "Feature",
      "properties": {
        "name": "Picknicktisch",
        "info": null,
        "category": "Picknicktisch"
      },
      "geometry": {
        "type": "Point",
        "coordinates": [
          13.5148031,
          52.5541673
        ]
      }
    },
    {
      "type": "Feature",
      "properties": {
        "name": "Picknicktisch",
        "info": null,
        "category": "Picknicktisch"
      },
      "geometry": {
        "type": "Point",
        "coordinates": [
          13.5147025,
          52.5541264
        ]
      }
    },
    {
      "type": "Feature",
      "properties": {
        "name": "Picknicktisch",
        "info": null,
        "category": "Picknicktisch"
      },
      "geometry": {
        "type": "Point",
        "coordinates": [
          13.5652861,
          52.5376368
        ]
      }
    },
    {
      "type": "Feature",
      "properties": {
        "name": "Picknicktisch",
        "info": null,
        "category": "Picknicktisch"
      },
      "geometry": {
        "type": "Point",
        "coordinates": [
          13.5710016,
          52.4566197
        ]
      }
    },
    {
      "type": "Feature",
      "properties": {
        "name": "Picknicktisch",
        "info": null,
        "category": "Picknicktisch"
      },
      "geometry": {
        "type": "Point",
        "coordinates": [
          13.571134,
          52.4566359
        ]
      }
    },
    {
      "type": "Feature",
      "properties": {
        "name": "Picknicktisch",
        "info": null,
        "category": "Picknicktisch"
      },
      "geometry": {
        "type": "Point",
        "coordinates": [
          13.5681727,
          52.4557397
        ]
      }
    },
    {
      "type": "Feature",
      "properties": {
        "name": "Picknicktisch",
        "info": null,
        "category": "Picknicktisch"
      },
      "geometry": {
        "type": "Point",
        "coordinates": [
          13.5681014,
          52.4557087
        ]
      }
    },
    {
      "type": "Feature",
      "properties": {
        "name": "Picknicktisch",
        "info": null,
        "category": "Picknicktisch"
      },
      "geometry": {
        "type": "Point",
        "coordinates": [
          13.4800939,
          52.5575796
        ]
      }
    },
    {
      "type": "Feature",
      "properties": {
        "name": "Picknicktisch",
        "info": null,
        "category": "Picknicktisch"
      },
      "geometry": {
        "type": "Point",
        "coordinates": [
          13.3591846,
          52.4665232
        ]
      }
    },
    {
      "type": "Feature",
      "properties": {
        "name": "Picknicktisch",
        "info": null,
        "category": "Picknicktisch"
      },
      "geometry": {
        "type": "Point",
        "coordinates": [
          13.3615476,
          52.4281686
        ]
      }
    },
    {
      "type": "Feature",
      "properties": {
        "name": "Picknicktisch",
        "info": null,
        "category": "Picknicktisch"
      },
      "geometry": {
        "type": "Point",
        "coordinates": [
          13.5703173,
          52.4310425
        ]
      }
    },
    {
      "type": "Feature",
      "properties": {
        "name": "Picknicktisch",
        "info": null,
        "category": "Picknicktisch"
      },
      "geometry": {
        "type": "Point",
        "coordinates": [
          13.5702972,
          52.4310957
        ]
      }
    },
    {
      "type": "Feature",
      "properties": {
        "name": "Picknicktisch",
        "info": null,
        "category": "Picknicktisch"
      },
      "geometry": {
        "type": "Point",
        "coordinates": [
          13.5702811,
          52.4311504
        ]
      }
    },
    {
      "type": "Feature",
      "properties": {
        "name": "Picknicktisch",
        "info": null,
        "category": "Picknicktisch"
      },
      "geometry": {
        "type": "Point",
        "coordinates": [
          13.570259,
          52.4312044
        ]
      }
    },
    {
      "type": "Feature",
      "properties": {
        "name": "Picknicktisch",
        "info": null,
        "category": "Picknicktisch"
      },
      "geometry": {
        "type": "Point",
        "coordinates": [
          13.2488185,
          52.4140161
        ]
      }
    },
    {
      "type": "Feature",
      "properties": {
        "name": "Picknicktisch",
        "info": null,
        "category": "Picknicktisch"
      },
      "geometry": {
        "type": "Point",
        "coordinates": [
          13.3989608,
          52.546376
        ]
      }
    },
    {
      "type": "Feature",
      "properties": {
        "name": "Picknicktisch",
        "info": null,
        "category": "Picknicktisch"
      },
      "geometry": {
        "type": "Point",
        "coordinates": [
          13.3989537,
          52.5463985
        ]
      }
    },
    {
      "type": "Feature",
      "properties": {
        "name": "Picknicktisch",
        "info": null,
        "category": "Picknicktisch"
      },
      "geometry": {
        "type": "Point",
        "coordinates": [
          13.3890286,
          52.5464614
        ]
      }
    },
    {
      "type": "Feature",
      "properties": {
        "name": "Picknicktisch",
        "info": null,
        "category": "Picknicktisch"
      },
      "geometry": {
        "type": "Point",
        "coordinates": [
          13.1483785,
          52.4537703
        ]
      }
    },
    {
      "type": "Feature",
      "properties": {
        "name": "Picknicktisch",
        "info": null,
        "category": "Picknicktisch"
      },
      "geometry": {
        "type": "Point",
        "coordinates": [
          13.499061,
          52.4199963
        ]
      }
    },
    {
      "type": "Feature",
      "properties": {
        "name": "Picknicktisch",
        "info": null,
        "category": "Picknicktisch"
      },
      "geometry": {
        "type": "Point",
        "coordinates": [
          13.5298433,
          52.5000367
        ]
      }
    },
    {
      "type": "Feature",
      "properties": {
        "name": "Picknicktisch",
        "info": null,
        "category": "Picknicktisch"
      },
      "geometry": {
        "type": "Point",
        "coordinates": [
          13.3569968,
          52.5915757
        ]
      }
    },
    {
      "type": "Feature",
      "properties": {
        "name": "Picknicktisch",
        "info": null,
        "category": "Picknicktisch"
      },
      "geometry": {
        "type": "Point",
        "coordinates": [
          13.4487107,
          52.4531034
        ]
      }
    },
    {
      "type": "Feature",
      "properties": {
        "name": "Picknicktisch",
        "info": null,
        "category": "Picknicktisch"
      },
      "geometry": {
        "type": "Point",
        "coordinates": [
          13.633508,
          52.4519618
        ]
      }
    },
    {
      "type": "Feature",
      "properties": {
        "name": "Picknicktisch",
        "info": null,
        "category": "Picknicktisch"
      },
      "geometry": {
        "type": "Point",
        "coordinates": [
          13.4381361,
          52.4468384
        ]
      }
    },
    {
      "type": "Feature",
      "properties": {
        "name": "Picknicktisch",
        "info": null,
        "category": "Picknicktisch"
      },
      "geometry": {
        "type": "Point",
        "coordinates": [
          13.5887668,
          52.4447972
        ]
      }
    },
    {
      "type": "Feature",
      "properties": {
        "name": "Picknicktisch",
        "info": null,
        "category": "Picknicktisch"
      },
      "geometry": {
        "type": "Point",
        "coordinates": [
          13.3009378,
          52.6432294
        ]
      }
    },
    {
      "type": "Feature",
      "properties": {
        "name": "Picknicktisch",
        "info": null,
        "category": "Picknicktisch"
      },
      "geometry": {
        "type": "Point",
        "coordinates": [
          13.5267524,
          52.5080817
        ]
      }
    },
    {
      "type": "Feature",
      "properties": {
        "name": "Picknicktisch",
        "info": null,
        "category": "Picknicktisch"
      },
      "geometry": {
        "type": "Point",
        "coordinates": [
          13.5267926,
          52.5080507
        ]
      }
    },
    {
      "type": "Feature",
      "properties": {
        "name": "Picknicktisch",
        "info": null,
        "category": "Picknicktisch"
      },
      "geometry": {
        "type": "Point",
        "coordinates": [
          13.1880926,
          52.5121448
        ]
      }
    },
    {
      "type": "Feature",
      "properties": {
        "name": "Picknicktisch",
        "info": null,
        "category": "Picknicktisch"
      },
      "geometry": {
        "type": "Point",
        "coordinates": [
          13.1148279,
          52.4599381
        ]
      }
    },
    {
      "type": "Feature",
      "properties": {
        "name": "Picknicktisch",
        "info": null,
        "category": "Picknicktisch"
      },
      "geometry": {
        "type": "Point",
        "coordinates": [
          13.215593,
          52.5410959
        ]
      }
    },
    {
      "type": "Feature",
      "properties": {
        "name": "Picknicktisch",
        "info": null,
        "category": "Picknicktisch"
      },
      "geometry": {
        "type": "Point",
        "coordinates": [
          13.5028304,
          52.6234154
        ]
      }
    },
    {
      "type": "Feature",
      "properties": {
        "name": "Picknicktisch",
        "info": null,
        "category": "Picknicktisch"
      },
      "geometry": {
        "type": "Point",
        "coordinates": [
          13.494916,
          52.4678698
        ]
      }
    },
    {
      "type": "Feature",
      "properties": {
        "name": "Picknicktisch",
        "info": null,
        "category": "Picknicktisch"
      },
      "geometry": {
        "type": "Point",
        "coordinates": [
          13.2100399,
          52.5391215
        ]
      }
    },
    {
      "type": "Feature",
      "properties": {
        "name": "Picknicktisch",
        "info": null,
        "category": "Picknicktisch"
      },
      "geometry": {
        "type": "Point",
        "coordinates": [
          13.4219377,
          52.5317243
        ]
      }
    },
    {
      "type": "Feature",
      "properties": {
        "name": "Picknicktisch",
        "info": null,
        "category": "Picknicktisch"
      },
      "geometry": {
        "type": "Point",
        "coordinates": [
          13.6045593,
          52.5433534
        ]
      }
    },
    {
      "type": "Feature",
      "properties": {
        "name": "Picknicktisch",
        "info": null,
        "category": "Picknicktisch"
      },
      "geometry": {
        "type": "Point",
        "coordinates": [
          13.6045127,
          52.5433504
        ]
      }
    },
    {
      "type": "Feature",
      "properties": {
        "name": "Picknicktisch",
        "info": null,
        "category": "Picknicktisch"
      },
      "geometry": {
        "type": "Point",
        "coordinates": [
          13.2151951,
          52.5393889
        ]
      }
    },
    {
      "type": "Feature",
      "properties": {
        "name": "Picknicktisch",
        "info": null,
        "category": "Picknicktisch"
      },
      "geometry": {
        "type": "Point",
        "coordinates": [
          13.3365677,
          52.4477867
        ]
      }
    },
    {
      "type": "Feature",
      "properties": {
        "name": "Picknicktisch",
        "info": null,
        "category": "Picknicktisch"
      },
      "geometry": {
        "type": "Point",
        "coordinates": [
          13.3365281,
          52.4477989
        ]
      }
    },
    {
      "type": "Feature",
      "properties": {
        "name": "Picknicktisch",
        "info": null,
        "category": "Picknicktisch"
      },
      "geometry": {
        "type": "Point",
        "coordinates": [
          13.3365185,
          52.4477799
        ]
      }
    },
    {
      "type": "Feature",
      "properties": {
        "name": "Picknicktisch",
        "info": null,
        "category": "Picknicktisch"
      },
      "geometry": {
        "type": "Point",
        "coordinates": [
          13.338222,
          52.509346
        ]
      }
    },
    {
      "type": "Feature",
      "properties": {
        "name": "Picknicktisch",
        "info": null,
        "category": "Picknicktisch"
      },
      "geometry": {
        "type": "Point",
        "coordinates": [
          13.3384104,
          52.5093472
        ]
      }
    },
    {
      "type": "Feature",
      "properties": {
        "name": "Picknicktisch",
        "info": null,
        "category": "Picknicktisch"
      },
      "geometry": {
        "type": "Point",
        "coordinates": [
          13.4412203,
          52.4482031
        ]
      }
    },
    {
      "type": "Feature",
      "properties": {
        "name": "Picknicktisch",
        "info": null,
        "category": "Picknicktisch"
      },
      "geometry": {
        "type": "Point",
        "coordinates": [
          13.6305018,
          52.4455734
        ]
      }
    },
    {
      "type": "Feature",
      "properties": {
        "name": "Picknicktisch",
        "info": null,
        "category": "Picknicktisch"
      },
      "geometry": {
        "type": "Point",
        "coordinates": [
          13.6305066,
          52.4456072
        ]
      }
    },
    {
      "type": "Feature",
      "properties": {
        "name": "Picknicktisch",
        "info": null,
        "category": "Picknicktisch"
      },
      "geometry": {
        "type": "Point",
        "coordinates": [
          13.3640881,
          52.4236834
        ]
      }
    },
    {
      "type": "Feature",
      "properties": {
        "name": "Picknicktisch",
        "info": null,
        "category": "Picknicktisch"
      },
      "geometry": {
        "type": "Point",
        "coordinates": [
          13.4512113,
          52.4410748
        ]
      }
    },
    {
      "type": "Feature",
      "properties": {
        "name": "Picknicktisch",
        "info": null,
        "category": "Picknicktisch"
      },
      "geometry": {
        "type": "Point",
        "coordinates": [
          13.4794103,
          52.5152235
        ]
      }
    },
    {
      "type": "Feature",
      "properties": {
        "name": "Picknicktisch",
        "info": null,
        "category": "Picknicktisch"
      },
      "geometry": {
        "type": "Point",
        "coordinates": [
          13.481159,
          52.557058
        ]
      }
    },
    {
      "type": "Feature",
      "properties": {
        "name": "Picknicktisch",
        "info": null,
        "category": "Picknicktisch"
      },
      "geometry": {
        "type": "Point",
        "coordinates": [
          13.480741,
          52.5574803
        ]
      }
    },
    {
      "type": "Feature",
      "properties": {
        "name": "Picknicktisch",
        "info": null,
        "category": "Picknicktisch"
      },
      "geometry": {
        "type": "Point",
        "coordinates": [
          13.5793825,
          52.4624936
        ]
      }
    },
    {
      "type": "Feature",
      "properties": {
        "name": "Picknicktisch",
        "info": null,
        "category": "Picknicktisch"
      },
      "geometry": {
        "type": "Point",
        "coordinates": [
          13.5276811,
          52.4785754
        ]
      }
    },
    {
      "type": "Feature",
      "properties": {
        "name": "Picknicktisch",
        "info": null,
        "category": "Picknicktisch"
      },
      "geometry": {
        "type": "Point",
        "coordinates": [
          13.4848859,
          52.4975966
        ]
      }
    },
    {
      "type": "Feature",
      "properties": {
        "name": "Picknicktisch",
        "info": null,
        "category": "Picknicktisch"
      },
      "geometry": {
        "type": "Point",
        "coordinates": [
          13.5319283,
          52.4126485
        ]
      }
    },
    {
      "type": "Feature",
      "properties": {
        "name": "Picknicktisch",
        "info": null,
        "category": "Picknicktisch"
      },
      "geometry": {
        "type": "Point",
        "coordinates": [
          13.5318718,
          52.4126524
        ]
      }
    },
    {
      "type": "Feature",
      "properties": {
        "name": "Picknicktisch",
        "info": null,
        "category": "Picknicktisch"
      },
      "geometry": {
        "type": "Point",
        "coordinates": [
          13.5048359,
          52.4935363
        ]
      }
    },
    {
      "type": "Feature",
      "properties": {
        "name": "Picknicktisch",
        "info": null,
        "category": "Picknicktisch"
      },
      "geometry": {
        "type": "Point",
        "coordinates": [
          13.4215527,
          52.5489122
        ]
      }
    },
    {
      "type": "Feature",
      "properties": {
        "name": "Picknicktisch",
        "info": null,
        "category": "Picknicktisch"
      },
      "geometry": {
        "type": "Point",
        "coordinates": [
          13.4216004,
          52.5488569
        ]
      }
    },
    {
      "type": "Feature",
      "properties": {
        "name": "Picknicktisch",
        "info": null,
        "category": "Picknicktisch"
      },
      "geometry": {
        "type": "Point",
        "coordinates": [
          13.4215469,
          52.5488388
        ]
      }
    },
    {
      "type": "Feature",
      "properties": {
        "name": "Picknicktisch",
        "info": null,
        "category": "Picknicktisch"
      },
      "geometry": {
        "type": "Point",
        "coordinates": [
          13.3628225,
          52.549587
        ]
      }
    },
    {
      "type": "Feature",
      "properties": {
        "name": "Picknicktisch",
        "info": null,
        "category": "Picknicktisch"
      },
      "geometry": {
        "type": "Point",
        "coordinates": [
          13.3918396,
          52.5540173
        ]
      }
    },
    {
      "type": "Feature",
      "properties": {
        "name": "Picknicktisch",
        "info": null,
        "category": "Picknicktisch"
      },
      "geometry": {
        "type": "Point",
        "coordinates": [
          13.456431,
          52.5029255
        ]
      }
    },
    {
      "type": "Feature",
      "properties": {
        "name": "Picknicktisch",
        "info": null,
        "category": "Picknicktisch"
      },
      "geometry": {
        "type": "Point",
        "coordinates": [
          13.422239,
          52.5495563
        ]
      }
    },
    {
      "type": "Feature",
      "properties": {
        "name": "Picknicktisch",
        "info": null,
        "category": "Picknicktisch"
      },
      "geometry": {
        "type": "Point",
        "coordinates": [
          13.4223617,
          52.5495838
        ]
      }
    },
    {
      "type": "Feature",
      "properties": {
        "name": "Picknicktisch",
        "info": null,
        "category": "Picknicktisch"
      },
      "geometry": {
        "type": "Point",
        "coordinates": [
          13.4229895,
          52.5493157
        ]
      }
    },
    {
      "type": "Feature",
      "properties": {
        "name": "Picknicktisch",
        "info": null,
        "category": "Picknicktisch"
      },
      "geometry": {
        "type": "Point",
        "coordinates": [
          13.484673,
          52.6621841
        ]
      }
    },
    {
      "type": "Feature",
      "properties": {
        "name": "Picknicktisch",
        "info": null,
        "category": "Picknicktisch"
      },
      "geometry": {
        "type": "Point",
        "coordinates": [
          13.3321539,
          52.6092283
        ]
      }
    },
    {
      "type": "Feature",
      "properties": {
        "name": "Picknicktisch",
        "info": null,
        "category": "Picknicktisch"
      },
      "geometry": {
        "type": "Point",
        "coordinates": [
          13.4057712,
          52.527497
        ]
      }
    },
    {
      "type": "Feature",
      "properties": {
        "name": "Picknicktisch",
        "info": null,
        "category": "Picknicktisch"
      },
      "geometry": {
        "type": "Point",
        "coordinates": [
          13.5922652,
          52.42438
        ]
      }
    },
    {
      "type": "Feature",
      "properties": {
        "name": "Picknicktisch",
        "info": null,
        "category": "Picknicktisch"
      },
      "geometry": {
        "type": "Point",
        "coordinates": [
          13.5920273,
          52.4240371
        ]
      }
    },
    {
      "type": "Feature",
      "properties": {
        "name": "Picknicktisch",
        "info": null,
        "category": "Picknicktisch"
      },
      "geometry": {
        "type": "Point",
        "coordinates": [
          13.5919232,
          52.4239054
        ]
      }
    },
    {
      "type": "Feature",
      "properties": {
        "name": "Picknicktisch",
        "info": null,
        "category": "Picknicktisch"
      },
      "geometry": {
        "type": "Point",
        "coordinates": [
          13.5920508,
          52.4238062
        ]
      }
    },
    {
      "type": "Feature",
      "properties": {
        "name": "Picknicktisch",
        "info": null,
        "category": "Picknicktisch"
      },
      "geometry": {
        "type": "Point",
        "coordinates": [
          13.3925361,
          52.4990846
        ]
      }
    },
    {
      "type": "Feature",
      "properties": {
        "name": "Picknicktisch",
        "info": null,
        "category": "Picknicktisch"
      },
      "geometry": {
        "type": "Point",
        "coordinates": [
          13.1908106,
          52.5170716
        ]
      }
    },
    {
      "type": "Feature",
      "properties": {
        "name": "Picknicktisch",
        "info": null,
        "category": "Picknicktisch"
      },
      "geometry": {
        "type": "Point",
        "coordinates": [
          13.4230846,
          52.5170054
        ]
      }
    },
    {
      "type": "Feature",
      "properties": {
        "name": "Picknicktisch",
        "info": null,
        "category": "Picknicktisch"
      },
      "geometry": {
        "type": "Point",
        "coordinates": [
          13.4229951,
          52.5171357
        ]
      }
    },
    {
      "type": "Feature",
      "properties": {
        "name": "Picknicktisch",
        "info": null,
        "category": "Picknicktisch"
      },
      "geometry": {
        "type": "Point",
        "coordinates": [
          13.3613856,
          52.5489438
        ]
      }
    },
    {
      "type": "Feature",
      "properties": {
        "name": "Picknicktisch",
        "info": null,
        "category": "Picknicktisch"
      },
      "geometry": {
        "type": "Point",
        "coordinates": [
          13.3949756,
          52.4625339
        ]
      }
    },
    {
      "type": "Feature",
      "properties": {
        "name": "Picknicktisch",
        "info": null,
        "category": "Picknicktisch"
      },
      "geometry": {
        "type": "Point",
        "coordinates": [
          13.4436975,
          52.5418093
        ]
      }
    },
    {
      "type": "Feature",
      "properties": {
        "name": "Picknicktisch",
        "info": null,
        "category": "Picknicktisch"
      },
      "geometry": {
        "type": "Point",
        "coordinates": [
          13.4437239,
          52.5418198
        ]
      }
    },
    {
      "type": "Feature",
      "properties": {
        "name": "Picknicktisch",
        "info": null,
        "category": "Picknicktisch"
      },
      "geometry": {
        "type": "Point",
        "coordinates": [
          13.4436803,
          52.5417942
        ]
      }
    },
    {
      "type": "Feature",
      "properties": {
        "name": "Picknicktisch",
        "info": null,
        "category": "Picknicktisch"
      },
      "geometry": {
        "type": "Point",
        "coordinates": [
          13.4437414,
          52.5418388
        ]
      }
    },
    {
      "type": "Feature",
      "properties": {
        "name": "Picknicktisch",
        "info": null,
        "category": "Picknicktisch"
      },
      "geometry": {
        "type": "Point",
        "coordinates": [
          13.408966,
          52.532354
        ]
      }
    },
    {
      "type": "Feature",
      "properties": {
        "name": "Picknicktisch",
        "info": null,
        "category": "Picknicktisch"
      },
      "geometry": {
        "type": "Point",
        "coordinates": [
          13.4426156,
          52.5422044
        ]
      }
    },
    {
      "type": "Feature",
      "properties": {
        "name": "Picknicktisch",
        "info": null,
        "category": "Picknicktisch"
      },
      "geometry": {
        "type": "Point",
        "coordinates": [
          13.4425934,
          52.5421811
        ]
      }
    },
    {
      "type": "Feature",
      "properties": {
        "name": "Picknicktisch",
        "info": null,
        "category": "Picknicktisch"
      },
      "geometry": {
        "type": "Point",
        "coordinates": [
          13.3621714,
          52.5492945
        ]
      }
    },
    {
      "type": "Feature",
      "properties": {
        "name": "Picknicktisch",
        "info": null,
        "category": "Picknicktisch"
      },
      "geometry": {
        "type": "Point",
        "coordinates": [
          13.3621902,
          52.5492807
        ]
      }
    },
    {
      "type": "Feature",
      "properties": {
        "name": "Picknicktisch",
        "info": null,
        "category": "Picknicktisch"
      },
      "geometry": {
        "type": "Point",
        "coordinates": [
          13.3626813,
          52.5495739
        ]
      }
    },
    {
      "type": "Feature",
      "properties": {
        "name": "Picknicktisch",
        "info": null,
        "category": "Picknicktisch"
      },
      "geometry": {
        "type": "Point",
        "coordinates": [
          13.3628006,
          52.5496485
        ]
      }
    },
    {
      "type": "Feature",
      "properties": {
        "name": "Picknicktisch",
        "info": null,
        "category": "Picknicktisch"
      },
      "geometry": {
        "type": "Point",
        "coordinates": [
          13.6201289,
          52.5004205
        ]
      }
    },
    {
      "type": "Feature",
      "properties": {
        "name": "Picknicktisch",
        "info": null,
        "category": "Picknicktisch"
      },
      "geometry": {
        "type": "Point",
        "coordinates": [
          13.4917242,
          52.4777438
        ]
      }
    },
    {
      "type": "Feature",
      "properties": {
        "name": "Picknicktisch",
        "info": null,
        "category": "Picknicktisch"
      },
      "geometry": {
        "type": "Point",
        "coordinates": [
          13.4921532,
          52.4780889
        ]
      }
    },
    {
      "type": "Feature",
      "properties": {
        "name": "Picknicktisch",
        "info": null,
        "category": "Picknicktisch"
      },
      "geometry": {
        "type": "Point",
        "coordinates": [
          13.4920917,
          52.4780703
        ]
      }
    },
    {
      "type": "Feature",
      "properties": {
        "name": "Picknicktisch",
        "info": null,
        "category": "Picknicktisch"
      },
      "geometry": {
        "type": "Point",
        "coordinates": [
          13.3741234,
          52.6264978
        ]
      }
    },
    {
      "type": "Feature",
      "properties": {
        "name": "Picknicktisch",
        "info": null,
        "category": "Picknicktisch"
      },
      "geometry": {
        "type": "Point",
        "coordinates": [
          13.5802204,
          52.5379771
        ]
      }
    },
    {
      "type": "Feature",
      "properties": {
        "name": "Picknicktisch",
        "info": null,
        "category": "Picknicktisch"
      },
      "geometry": {
        "type": "Point",
        "coordinates": [
          13.4025766,
          52.5328413
        ]
      }
    },
    {
      "type": "Feature",
      "properties": {
        "name": "Picknicktisch",
        "info": null,
        "category": "Picknicktisch"
      },
      "geometry": {
        "type": "Point",
        "coordinates": [
          13.4025177,
          52.532834
        ]
      }
    },
    {
      "type": "Feature",
      "properties": {
        "name": "Picknicktisch",
        "info": null,
        "category": "Picknicktisch"
      },
      "geometry": {
        "type": "Point",
        "coordinates": [
          13.4024639,
          52.5328297
        ]
      }
    },
    {
      "type": "Feature",
      "properties": {
        "name": "Picknicktisch",
        "info": null,
        "category": "Picknicktisch"
      },
      "geometry": {
        "type": "Point",
        "coordinates": [
          13.4462981,
          52.4721766
        ]
      }
    },
    {
      "type": "Feature",
      "properties": {
        "name": "Picknicktisch",
        "info": null,
        "category": "Picknicktisch"
      },
      "geometry": {
        "type": "Point",
        "coordinates": [
          13.4088124,
          52.5315766
        ]
      }
    },
    {
      "type": "Feature",
      "properties": {
        "name": "Picknicktisch",
        "info": null,
        "category": "Picknicktisch"
      },
      "geometry": {
        "type": "Point",
        "coordinates": [
          13.4614731,
          52.5464791
        ]
      }
    },
    {
      "type": "Feature",
      "properties": {
        "name": "Picknicktisch",
        "info": null,
        "category": "Picknicktisch"
      },
      "geometry": {
        "type": "Point",
        "coordinates": [
          13.4438691,
          52.5401193
        ]
      }
    },
    {
      "type": "Feature",
      "properties": {
        "name": "Picknicktisch",
        "info": null,
        "category": "Picknicktisch"
      },
      "geometry": {
        "type": "Point",
        "coordinates": [
          13.5430391,
          52.3914236
        ]
      }
    },
    {
      "type": "Feature",
      "properties": {
        "name": "Picknicktisch",
        "info": null,
        "category": "Picknicktisch"
      },
      "geometry": {
        "type": "Point",
        "coordinates": [
          13.5436473,
          52.3916425
        ]
      }
    },
    {
      "type": "Feature",
      "properties": {
        "name": "Picknicktisch",
        "info": null,
        "category": "Picknicktisch"
      },
      "geometry": {
        "type": "Point",
        "coordinates": [
          13.5438574,
          52.3915557
        ]
      }
    },
    {
      "type": "Feature",
      "properties": {
        "name": "Picknicktisch",
        "info": null,
        "category": "Picknicktisch"
      },
      "geometry": {
        "type": "Point",
        "coordinates": [
          13.5431602,
          52.3915674
        ]
      }
    },
    {
      "type": "Feature",
      "properties": {
        "name": "Picknicktisch",
        "info": null,
        "category": "Picknicktisch"
      },
      "geometry": {
        "type": "Point",
        "coordinates": [
          13.4128849,
          52.5037535
        ]
      }
    },
    {
      "type": "Feature",
      "properties": {
        "name": "Picknicktisch",
        "info": null,
        "category": "Picknicktisch"
      },
      "geometry": {
        "type": "Point",
        "coordinates": [
          13.4129649,
          52.5037286
        ]
      }
    },
    {
      "type": "Feature",
      "properties": {
        "name": "Picknicktisch",
        "info": null,
        "category": "Picknicktisch"
      },
      "geometry": {
        "type": "Point",
        "coordinates": [
          13.4179845,
          52.4749947
        ]
      }
    },
    {
      "type": "Feature",
      "properties": {
        "name": "Picknicktisch",
        "info": null,
        "category": "Picknicktisch"
      },
      "geometry": {
        "type": "Point",
        "coordinates": [
          13.4697747,
          52.5111453
        ]
      }
    },
    {
      "type": "Feature",
      "properties": {
        "name": "Picknicktisch",
        "info": null,
        "category": "Picknicktisch"
      },
      "geometry": {
        "type": "Point",
        "coordinates": [
          13.4696592,
          52.5111541
        ]
      }
    },
    {
      "type": "Feature",
      "properties": {
        "name": "Picknicktisch",
        "info": null,
        "category": "Picknicktisch"
      },
      "geometry": {
        "type": "Point",
        "coordinates": [
          13.398157,
          52.5406266
        ]
      }
    },
    {
      "type": "Feature",
      "properties": {
        "name": "Picknicktisch",
        "info": null,
        "category": "Picknicktisch"
      },
      "geometry": {
        "type": "Point",
        "coordinates": [
          13.4406918,
          52.4482322
        ]
      }
    },
    {
      "type": "Feature",
      "properties": {
        "name": "Picknicktisch",
        "info": null,
        "category": "Picknicktisch"
      },
      "geometry": {
        "type": "Point",
        "coordinates": [
          13.4369651,
          52.475904
        ]
      }
    },
    {
      "type": "Feature",
      "properties": {
        "name": "Picknicktisch",
        "info": null,
        "category": "Picknicktisch"
      },
      "geometry": {
        "type": "Point",
        "coordinates": [
          13.2485739,
          52.6097915
        ]
      }
    },
    {
      "type": "Feature",
      "properties": {
        "name": "Picknicktisch",
        "info": null,
        "category": "Picknicktisch"
      },
      "geometry": {
        "type": "Point",
        "coordinates": [
          13.5281064,
          52.4048218
        ]
      }
    },
    {
      "type": "Feature",
      "properties": {
        "name": "Picknicktisch",
        "info": null,
        "category": "Picknicktisch"
      },
      "geometry": {
        "type": "Point",
        "coordinates": [
          13.4283595,
          52.4269351
        ]
      }
    },
    {
      "type": "Feature",
      "properties": {
        "name": "Picknicktisch",
        "info": null,
        "category": "Picknicktisch"
      },
      "geometry": {
        "type": "Point",
        "coordinates": [
          13.3579179,
          52.4808195
        ]
      }
    },
    {
      "type": "Feature",
      "properties": {
        "name": "Picknicktisch",
        "info": null,
        "category": "Picknicktisch"
      },
      "geometry": {
        "type": "Point",
        "coordinates": [
          13.3578109,
          52.4807988
        ]
      }
    },
    {
      "type": "Feature",
      "properties": {
        "name": "Picknicktisch",
        "info": null,
        "category": "Picknicktisch"
      },
      "geometry": {
        "type": "Point",
        "coordinates": [
          13.7129001,
          52.4135333
        ]
      }
    },
    {
      "type": "Feature",
      "properties": {
        "name": "Picknicktisch",
        "info": null,
        "category": "Picknicktisch"
      },
      "geometry": {
        "type": "Point",
        "coordinates": [
          13.4445573,
          52.5349375
        ]
      }
    },
    {
      "type": "Feature",
      "properties": {
        "name": "Picknicktisch",
        "info": null,
        "category": "Picknicktisch"
      },
      "geometry": {
        "type": "Point",
        "coordinates": [
          13.4341445,
          52.5448802
        ]
      }
    },
    {
      "type": "Feature",
      "properties": {
        "name": "Picknicktisch",
        "info": null,
        "category": "Picknicktisch"
      },
      "geometry": {
        "type": "Point",
        "coordinates": [
          13.7198882,
          52.4193499
        ]
      }
    },
    {
      "type": "Feature",
      "properties": {
        "name": "Picknicktisch",
        "info": "Langer Tisch mir ca. 20 Hockern, alles aus Holz",
        "category": "Picknicktisch"
      },
      "geometry": {
        "type": "Point",
        "coordinates": [
          13.2868697,
          52.5446149
        ]
      }
    },
    {
      "type": "Feature",
      "properties": {
        "name": "Picknicktisch",
        "info": null,
        "category": "Picknicktisch"
      },
      "geometry": {
        "type": "Point",
        "coordinates": [
          13.4088194,
          52.4966453
        ]
      }
    },
    {
      "type": "Feature",
      "properties": {
        "name": "Picknicktisch",
        "info": null,
        "category": "Picknicktisch"
      },
      "geometry": {
        "type": "Point",
        "coordinates": [
          13.4085505,
          52.4972793
        ]
      }
    },
    {
      "type": "Feature",
      "properties": {
        "name": "Picknicktisch",
        "info": null,
        "category": "Picknicktisch"
      },
      "geometry": {
        "type": "Point",
        "coordinates": [
          13.5430593,
          52.4639348
        ]
      }
    },
    {
      "type": "Feature",
      "properties": {
        "name": "Picknicktisch",
        "info": null,
        "category": "Picknicktisch"
      },
      "geometry": {
        "type": "Point",
        "coordinates": [
          13.4601508,
          52.5009278
        ]
      }
    },
    {
      "type": "Feature",
      "properties": {
        "name": "Picknicktisch",
        "info": null,
        "category": "Picknicktisch"
      },
      "geometry": {
        "type": "Point",
        "coordinates": [
          13.4601076,
          52.5008749
        ]
      }
    },
    {
      "type": "Feature",
      "properties": {
        "name": "Picknicktisch",
        "info": null,
        "category": "Picknicktisch"
      },
      "geometry": {
        "type": "Point",
        "coordinates": [
          13.2230402,
          52.503666
        ]
      }
    },
    {
      "type": "Feature",
      "properties": {
        "name": "Picknicktisch",
        "info": null,
        "category": "Picknicktisch"
      },
      "geometry": {
        "type": "Point",
        "coordinates": [
          13.6576601,
          52.4292397
        ]
      }
    },
    {
      "type": "Feature",
      "properties": {
        "name": "Picknicktisch",
        "info": null,
        "category": "Picknicktisch"
      },
      "geometry": {
        "type": "Point",
        "coordinates": [
          13.4264057,
          52.4692824
        ]
      }
    },
    {
      "type": "Feature",
      "properties": {
        "name": "Picknicktisch",
        "info": null,
        "category": "Picknicktisch"
      },
      "geometry": {
        "type": "Point",
        "coordinates": [
          13.4250899,
          52.4686685
        ]
      }
    },
    {
      "type": "Feature",
      "properties": {
        "name": "Picknicktisch",
        "info": null,
        "category": "Picknicktisch"
      },
      "geometry": {
        "type": "Point",
        "coordinates": [
          13.1557531,
          52.4773868
        ]
      }
    },
    {
      "type": "Feature",
      "properties": {
        "name": "Picknicktisch",
        "info": null,
        "category": "Picknicktisch"
      },
      "geometry": {
        "type": "Point",
        "coordinates": [
          13.1677744,
          52.4712982
        ]
      }
    },
    {
      "type": "Feature",
      "properties": {
        "name": "Picknicktisch",
        "info": null,
        "category": "Picknicktisch"
      },
      "geometry": {
        "type": "Point",
        "coordinates": [
          13.1846668,
          52.5801984
        ]
      }
    },
    {
      "type": "Feature",
      "properties": {
        "name": "Picknicktisch",
        "info": null,
        "category": "Picknicktisch"
      },
      "geometry": {
        "type": "Point",
        "coordinates": [
          13.160124,
          52.4815013
        ]
      }
    },
    {
      "type": "Feature",
      "properties": {
        "name": "Picknicktisch",
        "info": null,
        "category": "Picknicktisch"
      },
      "geometry": {
        "type": "Point",
        "coordinates": [
          13.1595817,
          52.480488
        ]
      }
    },
    {
      "type": "Feature",
      "properties": {
        "name": "Picknicktisch",
        "info": null,
        "category": "Picknicktisch"
      },
      "geometry": {
        "type": "Point",
        "coordinates": [
          13.1851975,
          52.5706559
        ]
      }
    },
    {
      "type": "Feature",
      "properties": {
        "name": "Kabeltrommel 2",
        "info": null,
        "category": "Picknicktisch"
      },
      "geometry": {
        "type": "Point",
        "coordinates": [
          13.4283141,
          52.4267441
        ]
      }
    },
    {
      "type": "Feature",
      "properties": {
        "name": "Picknicktisch",
        "info": null,
        "category": "Picknicktisch"
      },
      "geometry": {
        "type": "Point",
        "coordinates": [
          13.2844688,
          52.5701199
        ]
      }
    },
    {
      "type": "Feature",
      "properties": {
        "name": "Picknicktisch",
        "info": null,
        "category": "Picknicktisch"
      },
      "geometry": {
        "type": "Point",
        "coordinates": [
          13.2846999,
          52.5701281
        ]
      }
    },
    {
      "type": "Feature",
      "properties": {
        "name": "Picknicktisch",
        "info": null,
        "category": "Picknicktisch"
      },
      "geometry": {
        "type": "Point",
        "coordinates": [
          13.4377799,
          52.4794946
        ]
      }
    },
    {
      "type": "Feature",
      "properties": {
        "name": "Picknicktisch",
        "info": null,
        "category": "Picknicktisch"
      },
      "geometry": {
        "type": "Point",
        "coordinates": [
          13.4775447,
          52.4879058
        ]
      }
    },
    {
      "type": "Feature",
      "properties": {
        "name": "Picknicktisch",
        "info": null,
        "category": "Picknicktisch"
      },
      "geometry": {
        "type": "Point",
        "coordinates": [
          13.4371617,
          52.4767931
        ]
      }
    },
    {
      "type": "Feature",
      "properties": {
        "name": "Picknicktisch",
        "info": null,
        "category": "Picknicktisch"
      },
      "geometry": {
        "type": "Point",
        "coordinates": [
          13.4372281,
          52.4767636
        ]
      }
    },
    {
      "type": "Feature",
      "properties": {
        "name": "Picknicktisch",
        "info": null,
        "category": "Picknicktisch"
      },
      "geometry": {
        "type": "Point",
        "coordinates": [
          13.2921565,
          52.4631804
        ]
      }
    },
    {
      "type": "Feature",
      "properties": {
        "name": "Picknicktisch",
        "info": null,
        "category": "Picknicktisch"
      },
      "geometry": {
        "type": "Point",
        "coordinates": [
          13.2919919,
          52.4630909
        ]
      }
    },
    {
      "type": "Feature",
      "properties": {
        "name": "Picknicktisch",
        "info": "Steintisch mit 4 kubischen Steinhockern. Könnte auch für Brettspiele gedacht sein.",
        "category": "Picknicktisch"
      },
      "geometry": {
        "type": "Point",
        "coordinates": [
          13.2725895,
          52.5725164
        ]
      }
    },
    {
      "type": "Feature",
      "properties": {
        "name": "Picknicktisch",
        "info": null,
        "category": "Picknicktisch"
      },
      "geometry": {
        "type": "Point",
        "coordinates": [
          13.4236983,
          52.4994479
        ]
      }
    },
    {
      "type": "Feature",
      "properties": {
        "name": "Picknicktisch",
        "info": null,
        "category": "Picknicktisch"
      },
      "geometry": {
        "type": "Point",
        "coordinates": [
          13.2239201,
          52.5472745
        ]
      }
    },
    {
      "type": "Feature",
      "properties": {
        "name": "Picknicktisch",
        "info": null,
        "category": "Picknicktisch"
      },
      "geometry": {
        "type": "Point",
        "coordinates": [
          13.2243678,
          52.5204098
        ]
      }
    },
    {
      "type": "Feature",
      "properties": {
        "name": "Picknicktisch",
        "info": null,
        "category": "Picknicktisch"
      },
      "geometry": {
        "type": "Point",
        "coordinates": [
          13.2244394,
          52.5202359
        ]
      }
    },
    {
      "type": "Feature",
      "properties": {
        "name": "Picknicktisch",
        "info": null,
        "category": "Picknicktisch"
      },
      "geometry": {
        "type": "Point",
        "coordinates": [
          13.4798952,
          52.6631918
        ]
      }
    },
    {
      "type": "Feature",
      "properties": {
        "name": "Picknicktisch",
        "info": null,
        "category": "Picknicktisch"
      },
      "geometry": {
        "type": "Point",
        "coordinates": [
          13.4847888,
          52.6586028
        ]
      }
    },
    {
      "type": "Feature",
      "properties": {
        "name": "Picknicktisch",
        "info": null,
        "category": "Picknicktisch"
      },
      "geometry": {
        "type": "Point",
        "coordinates": [
          13.2149507,
          52.5552493
        ]
      }
    },
    {
      "type": "Feature",
      "properties": {
        "name": "Picknicktisch",
        "info": null,
        "category": "Picknicktisch"
      },
      "geometry": {
        "type": "Point",
        "coordinates": [
          13.2151702,
          52.5553082
        ]
      }
    },
    {
      "type": "Feature",
      "properties": {
        "name": "Picknicktisch",
        "info": null,
        "category": "Picknicktisch"
      },
      "geometry": {
        "type": "Point",
        "coordinates": [
          13.2142873,
          52.5566062
        ]
      }
    },
    {
      "type": "Feature",
      "properties": {
        "name": "Picknicktisch",
        "info": null,
        "category": "Picknicktisch"
      },
      "geometry": {
        "type": "Point",
        "coordinates": [
          13.2144383,
          52.5563655
        ]
      }
    },
    {
      "type": "Feature",
      "properties": {
        "name": "Picknicktisch",
        "info": null,
        "category": "Picknicktisch"
      },
      "geometry": {
        "type": "Point",
        "coordinates": [
          13.2141163,
          52.5561276
        ]
      }
    },
    {
      "type": "Feature",
      "properties": {
        "name": "Picknicktisch",
        "info": null,
        "category": "Picknicktisch"
      },
      "geometry": {
        "type": "Point",
        "coordinates": [
          13.3394801,
          52.5325685
        ]
      }
    },
    {
      "type": "Feature",
      "properties": {
        "name": "Picknicktisch",
        "info": null,
        "category": "Picknicktisch"
      },
      "geometry": {
        "type": "Point",
        "coordinates": [
          13.3394293,
          52.5325728
        ]
      }
    },
    {
      "type": "Feature",
      "properties": {
        "name": "Picknicktisch",
        "info": null,
        "category": "Picknicktisch"
      },
      "geometry": {
        "type": "Point",
        "coordinates": [
          13.420147,
          52.4824932
        ]
      }
    },
    {
      "type": "Feature",
      "properties": {
        "name": "Picknicktisch",
        "info": null,
        "category": "Picknicktisch"
      },
      "geometry": {
        "type": "Point",
        "coordinates": [
          13.4201844,
          52.482515
        ]
      }
    },
    {
      "type": "Feature",
      "properties": {
        "name": "Picknicktisch",
        "info": null,
        "category": "Picknicktisch"
      },
      "geometry": {
        "type": "Point",
        "coordinates": [
          13.4202208,
          52.4825102
        ]
      }
    },
    {
      "type": "Feature",
      "properties": {
        "name": "Picknicktisch",
        "info": null,
        "category": "Picknicktisch"
      },
      "geometry": {
        "type": "Point",
        "coordinates": [
          13.3603209,
          52.534223
        ]
      }
    },
    {
      "type": "Feature",
      "properties": {
        "name": "Picknicktisch",
        "info": null,
        "category": "Picknicktisch"
      },
      "geometry": {
        "type": "Point",
        "coordinates": [
          13.42707,
          52.4267346
        ]
      }
    },
    {
      "type": "Feature",
      "properties": {
        "name": "Picknicktisch",
        "info": null,
        "category": "Picknicktisch"
      },
      "geometry": {
        "type": "Point",
        "coordinates": [
          13.2712049,
          52.5430213
        ]
      }
    },
    {
      "type": "Feature",
      "properties": {
        "name": "Picknicktisch",
        "info": null,
        "category": "Picknicktisch"
      },
      "geometry": {
        "type": "Point",
        "coordinates": [
          13.2238432,
          52.5962531
        ]
      }
    },
    {
      "type": "Feature",
      "properties": {
        "name": "Picknicktisch",
        "info": null,
        "category": "Picknicktisch"
      },
      "geometry": {
        "type": "Point",
        "coordinates": [
          13.3720809,
          52.5105723
        ]
      }
    },
    {
      "type": "Feature",
      "properties": {
        "name": "Picknicktisch",
        "info": null,
        "category": "Picknicktisch"
      },
      "geometry": {
        "type": "Point",
        "coordinates": [
          13.4273436,
          52.4280045
        ]
      }
    },
    {
      "type": "Feature",
      "properties": {
        "name": "Picknicktisch",
        "info": null,
        "category": "Picknicktisch"
      },
      "geometry": {
        "type": "Point",
        "coordinates": [
          13.4344407,
          52.4270752
        ]
      }
    },
    {
      "type": "Feature",
      "properties": {
        "name": "Picknicktisch",
        "info": null,
        "category": "Picknicktisch"
      },
      "geometry": {
        "type": "Point",
        "coordinates": [
          13.432572,
          52.5204217
        ]
      }
    },
    {
      "type": "Feature",
      "properties": {
        "name": "Picknicktisch",
        "info": null,
        "category": "Picknicktisch"
      },
      "geometry": {
        "type": "Point",
        "coordinates": [
          13.4256715,
          52.5358627
        ]
      }
    },
    {
      "type": "Feature",
      "properties": {
        "name": "Picknicktisch",
        "info": null,
        "category": "Picknicktisch"
      },
      "geometry": {
        "type": "Point",
        "coordinates": [
          13.4256211,
          52.5358802
        ]
      }
    },
    {
      "type": "Feature",
      "properties": {
        "name": "Picknicktisch",
        "info": null,
        "category": "Picknicktisch"
      },
      "geometry": {
        "type": "Point",
        "coordinates": [
          13.4895272,
          52.4809619
        ]
      }
    },
    {
      "type": "Feature",
      "properties": {
        "name": "Picknicktisch",
        "info": null,
        "category": "Picknicktisch"
      },
      "geometry": {
        "type": "Point",
        "coordinates": [
          13.488846,
          52.4808555
        ]
      }
    },
    {
      "type": "Feature",
      "properties": {
        "name": "Picknicktisch",
        "info": null,
        "category": "Picknicktisch"
      },
      "geometry": {
        "type": "Point",
        "coordinates": [
          13.489219,
          52.5150336
        ]
      }
    },
    {
      "type": "Feature",
      "properties": {
        "name": "Picknicktisch",
        "info": null,
        "category": "Picknicktisch"
      },
      "geometry": {
        "type": "Point",
        "coordinates": [
          13.5549565,
          52.5125735
        ]
      }
    },
    {
      "type": "Feature",
      "properties": {
        "name": "Picknicktisch",
        "info": null,
        "category": "Picknicktisch"
      },
      "geometry": {
        "type": "Point",
        "coordinates": [
          13.6971654,
          52.4240204
        ]
      }
    },
    {
      "type": "Feature",
      "properties": {
        "name": "Picknicktisch",
        "info": null,
        "category": "Picknicktisch"
      },
      "geometry": {
        "type": "Point",
        "coordinates": [
          13.7226408,
          52.4259522
        ]
      }
    },
    {
      "type": "Feature",
      "properties": {
        "name": "Picknicktisch",
        "info": null,
        "category": "Picknicktisch"
      },
      "geometry": {
        "type": "Point",
        "coordinates": [
          13.4804496,
          52.5148937
        ]
      }
    },
    {
      "type": "Feature",
      "properties": {
        "name": "Picknicktisch",
        "info": null,
        "category": "Picknicktisch"
      },
      "geometry": {
        "type": "Point",
        "coordinates": [
          13.3503238,
          52.4584524
        ]
      }
    },
    {
      "type": "Feature",
      "properties": {
        "name": "Picknicktisch",
        "info": null,
        "category": "Picknicktisch"
      },
      "geometry": {
        "type": "Point",
        "coordinates": [
          13.2648093,
          52.5431946
        ]
      }
    },
    {
      "type": "Feature",
      "properties": {
        "name": "Picknicktisch",
        "info": null,
        "category": "Picknicktisch"
      },
      "geometry": {
        "type": "Point",
        "coordinates": [
          13.2405566,
          52.5025237
        ]
      }
    },
    {
      "type": "Feature",
      "properties": {
        "name": "Picknicktisch",
        "info": null,
        "category": "Picknicktisch"
      },
      "geometry": {
        "type": "Point",
        "coordinates": [
          13.3471764,
          52.5258803
        ]
      }
    },
    {
      "type": "Feature",
      "properties": {
        "name": "Picknicktisch",
        "info": null,
        "category": "Picknicktisch"
      },
      "geometry": {
        "type": "Point",
        "coordinates": [
          13.2239559,
          52.5542585
        ]
      }
    },
    {
      "type": "Feature",
      "properties": {
        "name": "Picknicktisch",
        "info": null,
        "category": "Picknicktisch"
      },
      "geometry": {
        "type": "Point",
        "coordinates": [
          13.2239749,
          52.5539202
        ]
      }
    },
    {
      "type": "Feature",
      "properties": {
        "name": "Picknicktisch",
        "info": null,
        "category": "Picknicktisch"
      },
      "geometry": {
        "type": "Point",
        "coordinates": [
          13.4019733,
          52.5433148
        ]
      }
    },
    {
      "type": "Feature",
      "properties": {
        "name": "Picknicktisch",
        "info": null,
        "category": "Picknicktisch"
      },
      "geometry": {
        "type": "Point",
        "coordinates": [
          13.4289709,
          52.5362116
        ]
      }
    },
    {
      "type": "Feature",
      "properties": {
        "name": "Picknicktisch",
        "info": null,
        "category": "Picknicktisch"
      },
      "geometry": {
        "type": "Point",
        "coordinates": [
          13.2890982,
          52.4623251
        ]
      }
    },
    {
      "type": "Feature",
      "properties": {
        "name": "Picknicktisch",
        "info": null,
        "category": "Picknicktisch"
      },
      "geometry": {
        "type": "Point",
        "coordinates": [
          13.4233862,
          52.4682438
        ]
      }
    },
    {
      "type": "Feature",
      "properties": {
        "name": "Picknicktisch",
        "info": null,
        "category": "Picknicktisch"
      },
      "geometry": {
        "type": "Point",
        "coordinates": [
          13.2251385,
          52.5556093
        ]
      }
    },
    {
      "type": "Feature",
      "properties": {
        "name": "Picknicktisch",
        "info": null,
        "category": "Picknicktisch"
      },
      "geometry": {
        "type": "Point",
        "coordinates": [
          13.4373672,
          52.4794753
        ]
      }
    },
    {
      "type": "Feature",
      "properties": {
        "name": "Picknicktisch",
        "info": null,
        "category": "Picknicktisch"
      },
      "geometry": {
        "type": "Point",
        "coordinates": [
          13.437335,
          52.4795002
        ]
      }
    },
    {
      "type": "Feature",
      "properties": {
        "name": "Picknicktisch",
        "info": null,
        "category": "Picknicktisch"
      },
      "geometry": {
        "type": "Point",
        "coordinates": [
          13.1881268,
          52.4487777
        ]
      }
    },
    {
      "type": "Feature",
      "properties": {
        "name": "Picknicktisch",
        "info": null,
        "category": "Picknicktisch"
      },
      "geometry": {
        "type": "Point",
        "coordinates": [
          13.3827989,
          52.5217412
        ]
      }
    },
    {
      "type": "Feature",
      "properties": {
        "name": "Picknicktisch",
        "info": null,
        "category": "Picknicktisch"
      },
      "geometry": {
        "type": "Point",
        "coordinates": [
          13.4011691,
          52.5315845
        ]
      }
    },
    {
      "type": "Feature",
      "properties": {
        "name": "Picknicktisch",
        "info": null,
        "category": "Picknicktisch"
      },
      "geometry": {
        "type": "Point",
        "coordinates": [
          13.401114,
          52.5316031
        ]
      }
    },
    {
      "type": "Feature",
      "properties": {
        "name": "Picknicktisch",
        "info": null,
        "category": "Picknicktisch"
      },
      "geometry": {
        "type": "Point",
        "coordinates": [
          13.4102302,
          52.4649078
        ]
      }
    },
    {
      "type": "Feature",
      "properties": {
        "name": "Picknicktisch",
        "info": null,
        "category": "Picknicktisch"
      },
      "geometry": {
        "type": "Point",
        "coordinates": [
          13.4104516,
          52.4646417
        ]
      }
    },
    {
      "type": "Feature",
      "properties": {
        "name": "Picknicktisch",
        "info": null,
        "category": "Picknicktisch"
      },
      "geometry": {
        "type": "Point",
        "coordinates": [
          13.3578756,
          52.4834519
        ]
      }
    },
    {
      "type": "Feature",
      "properties": {
        "name": "Picknicktisch",
        "info": null,
        "category": "Picknicktisch"
      },
      "geometry": {
        "type": "Point",
        "coordinates": [
          13.357921,
          52.4834862
        ]
      }
    },
    {
      "type": "Feature",
      "properties": {
        "name": "Picknicktisch",
        "info": null,
        "category": "Picknicktisch"
      },
      "geometry": {
        "type": "Point",
        "coordinates": [
          13.4646693,
          52.4245907
        ]
      }
    },
    {
      "type": "Feature",
      "properties": {
        "name": "Picknicktisch",
        "info": null,
        "category": "Picknicktisch"
      },
      "geometry": {
        "type": "Point",
        "coordinates": [
          13.4646214,
          52.4245656
        ]
      }
    },
    {
      "type": "Feature",
      "properties": {
        "name": "Picknicktisch",
        "info": null,
        "category": "Picknicktisch"
      },
      "geometry": {
        "type": "Point",
        "coordinates": [
          13.4644547,
          52.4245765
        ]
      }
    },
    {
      "type": "Feature",
      "properties": {
        "name": "Picknicktisch",
        "info": null,
        "category": "Picknicktisch"
      },
      "geometry": {
        "type": "Point",
        "coordinates": [
          13.192678,
          52.5162425
        ]
      }
    },
    {
      "type": "Feature",
      "properties": {
        "name": "Picknicktisch",
        "info": null,
        "category": "Picknicktisch"
      },
      "geometry": {
        "type": "Point",
        "coordinates": [
          13.1920739,
          52.5165712
        ]
      }
    },
    {
      "type": "Feature",
      "properties": {
        "name": "Picknicktisch",
        "info": null,
        "category": "Picknicktisch"
      },
      "geometry": {
        "type": "Point",
        "coordinates": [
          13.1923468,
          52.5169819
        ]
      }
    },
    {
      "type": "Feature",
      "properties": {
        "name": "Picknicktisch",
        "info": null,
        "category": "Picknicktisch"
      },
      "geometry": {
        "type": "Point",
        "coordinates": [
          13.1923545,
          52.5169359
        ]
      }
    },
    {
      "type": "Feature",
      "properties": {
        "name": "Picknicktisch",
        "info": null,
        "category": "Picknicktisch"
      },
      "geometry": {
        "type": "Point",
        "coordinates": [
          13.1844908,
          52.4928264
        ]
      }
    },
    {
      "type": "Feature",
      "properties": {
        "name": "Picknicktisch",
        "info": null,
        "category": "Picknicktisch"
      },
      "geometry": {
        "type": "Point",
        "coordinates": [
          13.4696957,
          52.5075133
        ]
      }
    },
    {
      "type": "Feature",
      "properties": {
        "name": "Picknicktisch",
        "info": null,
        "category": "Picknicktisch"
      },
      "geometry": {
        "type": "Point",
        "coordinates": [
          13.4697091,
          52.5074942
        ]
      }
    },
    {
      "type": "Feature",
      "properties": {
        "name": "Picknicktisch",
        "info": null,
        "category": "Picknicktisch"
      },
      "geometry": {
        "type": "Point",
        "coordinates": [
          13.4697359,
          52.5074763
        ]
      }
    },
    {
      "type": "Feature",
      "properties": {
        "name": "Picknicktisch",
        "info": null,
        "category": "Picknicktisch"
      },
      "geometry": {
        "type": "Point",
        "coordinates": [
          13.4697701,
          52.5074445
        ]
      }
    },
    {
      "type": "Feature",
      "properties": {
        "name": "Picknicktisch",
        "info": null,
        "category": "Picknicktisch"
      },
      "geometry": {
        "type": "Point",
        "coordinates": [
          13.4697947,
          52.5074161
        ]
      }
    },
    {
      "type": "Feature",
      "properties": {
        "name": "Picknicktisch",
        "info": null,
        "category": "Picknicktisch"
      },
      "geometry": {
        "type": "Point",
        "coordinates": [
          13.4698107,
          52.5073977
        ]
      }
    },
    {
      "type": "Feature",
      "properties": {
        "name": "Picknicktisch",
        "info": null,
        "category": "Picknicktisch"
      },
      "geometry": {
        "type": "Point",
        "coordinates": [
          13.4698349,
          52.5073782
        ]
      }
    },
    {
      "type": "Feature",
      "properties": {
        "name": "Picknicktisch",
        "info": null,
        "category": "Picknicktisch"
      },
      "geometry": {
        "type": "Point",
        "coordinates": [
          13.4698675,
          52.507354
        ]
      }
    },
    {
      "type": "Feature",
      "properties": {
        "name": "Picknicktisch",
        "info": null,
        "category": "Picknicktisch"
      },
      "geometry": {
        "type": "Point",
        "coordinates": [
          13.4086173,
          52.5847032
        ]
      }
    },
    {
      "type": "Feature",
      "properties": {
        "name": "Picknicktisch",
        "info": null,
        "category": "Picknicktisch"
      },
      "geometry": {
        "type": "Point",
        "coordinates": [
          13.4086387,
          52.5846761
        ]
      }
    },
    {
      "type": "Feature",
      "properties": {
        "name": "Picknicktisch",
        "info": null,
        "category": "Picknicktisch"
      },
      "geometry": {
        "type": "Point",
        "coordinates": [
          13.4087317,
          52.5848445
        ]
      }
    },
    {
      "type": "Feature",
      "properties": {
        "name": "Picknicktisch",
        "info": null,
        "category": "Picknicktisch"
      },
      "geometry": {
        "type": "Point",
        "coordinates": [
          13.5383293,
          52.490111
        ]
      }
    },
    {
      "type": "Feature",
      "properties": {
        "name": "Picknicktisch",
        "info": null,
        "category": "Picknicktisch"
      },
      "geometry": {
        "type": "Point",
        "coordinates": [
          13.5383254,
          52.4900779
        ]
      }
    },
    {
      "type": "Feature",
      "properties": {
        "name": "Picknicktisch",
        "info": null,
        "category": "Picknicktisch"
      },
      "geometry": {
        "type": "Point",
        "coordinates": [
          13.5383219,
          52.4900468
        ]
      }
    },
    {
      "type": "Feature",
      "properties": {
        "name": "Picknicktisch",
        "info": null,
        "category": "Picknicktisch"
      },
      "geometry": {
        "type": "Point",
        "coordinates": [
          13.2088434,
          52.5558042
        ]
      }
    },
    {
      "type": "Feature",
      "properties": {
        "name": "Picknicktisch",
        "info": null,
        "category": "Picknicktisch"
      },
      "geometry": {
        "type": "Point",
        "coordinates": [
          13.2093557,
          52.555942
        ]
      }
    },
    {
      "type": "Feature",
      "properties": {
        "name": "Picknicktisch",
        "info": null,
        "category": "Picknicktisch"
      },
      "geometry": {
        "type": "Point",
        "coordinates": [
          13.2168989,
          52.5479491
        ]
      }
    },
    {
      "type": "Feature",
      "properties": {
        "name": "Picknicktisch",
        "info": null,
        "category": "Picknicktisch"
      },
      "geometry": {
        "type": "Point",
        "coordinates": [
          13.223995,
          52.5532341
        ]
      }
    },
    {
      "type": "Feature",
      "properties": {
        "name": "Picknicktisch",
        "info": null,
        "category": "Picknicktisch"
      },
      "geometry": {
        "type": "Point",
        "coordinates": [
          13.2244438,
          52.552675
        ]
      }
    },
    {
      "type": "Feature",
      "properties": {
        "name": "Picknicktisch",
        "info": null,
        "category": "Picknicktisch"
      },
      "geometry": {
        "type": "Point",
        "coordinates": [
          13.2108553,
          52.5578308
        ]
      }
    },
    {
      "type": "Feature",
      "properties": {
        "name": "Picknicktisch",
        "info": null,
        "category": "Picknicktisch"
      },
      "geometry": {
        "type": "Point",
        "coordinates": [
          13.210903,
          52.5578256
        ]
      }
    },
    {
      "type": "Feature",
      "properties": {
        "name": "Picknicktisch",
        "info": "Kleiner Picknicktisch für 8 Kinder, mit Dach",
        "category": "Picknicktisch"
      },
      "geometry": {
        "type": "Point",
        "coordinates": [
          13.2117465,
          52.5574087
        ]
      }
    },
    {
      "type": "Feature",
      "properties": {
        "name": "Picknicktisch",
        "info": null,
        "category": "Picknicktisch"
      },
      "geometry": {
        "type": "Point",
        "coordinates": [
          13.2131233,
          52.5569503
        ]
      }
    },
    {
      "type": "Feature",
      "properties": {
        "name": "Picknicktisch",
        "info": null,
        "category": "Picknicktisch"
      },
      "geometry": {
        "type": "Point",
        "coordinates": [
          13.522096,
          52.4913864
        ]
      }
    },
    {
      "type": "Feature",
      "properties": {
        "name": "Picknicktisch",
        "info": null,
        "category": "Picknicktisch"
      },
      "geometry": {
        "type": "Point",
        "coordinates": [
          13.522147,
          52.4913297
        ]
      }
    },
    {
      "type": "Feature",
      "properties": {
        "name": "Picknicktisch",
        "info": null,
        "category": "Picknicktisch"
      },
      "geometry": {
        "type": "Point",
        "coordinates": [
          13.5221891,
          52.4913842
        ]
      }
    },
    {
      "type": "Feature",
      "properties": {
        "name": "Picknicktisch",
        "info": null,
        "category": "Picknicktisch"
      },
      "geometry": {
        "type": "Point",
        "coordinates": [
          13.425849,
          52.5228381
        ]
      }
    },
    {
      "type": "Feature",
      "properties": {
        "name": "Picknicktisch",
        "info": null,
        "category": "Picknicktisch"
      },
      "geometry": {
        "type": "Point",
        "coordinates": [
          13.2440029,
          52.5086348
        ]
      }
    },
    {
      "type": "Feature",
      "properties": {
        "name": "Picknicktisch",
        "info": null,
        "category": "Picknicktisch"
      },
      "geometry": {
        "type": "Point",
        "coordinates": [
          13.3589707,
          52.4911955
        ]
      }
    },
    {
      "type": "Feature",
      "properties": {
        "name": "Picknicktisch",
        "info": null,
        "category": "Picknicktisch"
      },
      "geometry": {
        "type": "Point",
        "coordinates": [
          13.3588724,
          52.491256
        ]
      }
    },
    {
      "type": "Feature",
      "properties": {
        "name": "Picknicktisch",
        "info": null,
        "category": "Picknicktisch"
      },
      "geometry": {
        "type": "Point",
        "coordinates": [
          13.1692666,
          52.4750575
        ]
      }
    },
    {
      "type": "Feature",
      "properties": {
        "name": "Picknicktisch",
        "info": null,
        "category": "Picknicktisch"
      },
      "geometry": {
        "type": "Point",
        "coordinates": [
          13.3806672,
          52.4525558
        ]
      }
    },
    {
      "type": "Feature",
      "properties": {
        "name": "Picknicktisch",
        "info": null,
        "category": "Picknicktisch"
      },
      "geometry": {
        "type": "Point",
        "coordinates": [
          13.3809438,
          52.4526267
        ]
      }
    },
    {
      "type": "Feature",
      "properties": {
        "name": "Picknicktisch",
        "info": null,
        "category": "Picknicktisch"
      },
      "geometry": {
        "type": "Point",
        "coordinates": [
          13.3815154,
          52.4527914
        ]
      }
    },
    {
      "type": "Feature",
      "properties": {
        "name": "Picknicktisch",
        "info": null,
        "category": "Picknicktisch"
      },
      "geometry": {
        "type": "Point",
        "coordinates": [
          13.3307402,
          52.4117456
        ]
      }
    },
    {
      "type": "Feature",
      "properties": {
        "name": "Picknicktisch",
        "info": null,
        "category": "Picknicktisch"
      },
      "geometry": {
        "type": "Point",
        "coordinates": [
          13.4607567,
          52.5144482
        ]
      }
    },
    {
      "type": "Feature",
      "properties": {
        "name": "Picknicktisch",
        "info": null,
        "category": "Picknicktisch"
      },
      "geometry": {
        "type": "Point",
        "coordinates": [
          13.429133,
          52.4267208
        ]
      }
    },
    {
      "type": "Feature",
      "properties": {
        "name": "Picknicktisch",
        "info": null,
        "category": "Picknicktisch"
      },
      "geometry": {
        "type": "Point",
        "coordinates": [
          13.3288676,
          52.4836138
        ]
      }
    },
    {
      "type": "Feature",
      "properties": {
        "name": "Picknicktisch",
        "info": null,
        "category": "Picknicktisch"
      },
      "geometry": {
        "type": "Point",
        "coordinates": [
          13.3288173,
          52.4836192
        ]
      }
    },
    {
      "type": "Feature",
      "properties": {
        "name": "Picknicktisch",
        "info": null,
        "category": "Picknicktisch"
      },
      "geometry": {
        "type": "Point",
        "coordinates": [
          13.3287753,
          52.4836071
        ]
      }
    },
    {
      "type": "Feature",
      "properties": {
        "name": "Picknicktisch",
        "info": null,
        "category": "Picknicktisch"
      },
      "geometry": {
        "type": "Point",
        "coordinates": [
          13.3287527,
          52.4836414
        ]
      }
    },
    {
      "type": "Feature",
      "properties": {
        "name": "Picknicktisch",
        "info": null,
        "category": "Picknicktisch"
      },
      "geometry": {
        "type": "Point",
        "coordinates": [
          13.328986,
          52.4835843
        ]
      }
    },
    {
      "type": "Feature",
      "properties": {
        "name": "Picknicktisch",
        "info": "one broken seat",
        "category": "Picknicktisch"
      },
      "geometry": {
        "type": "Point",
        "coordinates": [
          13.3290594,
          52.4835656
        ]
      }
    },
    {
      "type": "Feature",
      "properties": {
        "name": "Picknicktisch",
        "info": null,
        "category": "Picknicktisch"
      },
      "geometry": {
        "type": "Point",
        "coordinates": [
          13.3290129,
          52.4835498
        ]
      }
    },
    {
      "type": "Feature",
      "properties": {
        "name": "Picknicktisch",
        "info": null,
        "category": "Picknicktisch"
      },
      "geometry": {
        "type": "Point",
        "coordinates": [
          13.3289612,
          52.4835592
        ]
      }
    },
    {
      "type": "Feature",
      "properties": {
        "name": "Picknicktisch",
        "info": null,
        "category": "Picknicktisch"
      },
      "geometry": {
        "type": "Point",
        "coordinates": [
          13.2914276,
          52.6341796
        ]
      }
    },
    {
      "type": "Feature",
      "properties": {
        "name": "Picknicktisch",
        "info": null,
        "category": "Picknicktisch"
      },
      "geometry": {
        "type": "Point",
        "coordinates": [
          13.2917066,
          52.6340279
        ]
      }
    },
    {
      "type": "Feature",
      "properties": {
        "name": "Picknicktisch",
        "info": null,
        "category": "Picknicktisch"
      },
      "geometry": {
        "type": "Point",
        "coordinates": [
          13.4057405,
          52.5221571
        ]
      }
    },
    {
      "type": "Feature",
      "properties": {
        "name": "Picknicktisch",
        "info": null,
        "category": "Picknicktisch"
      },
      "geometry": {
        "type": "Point",
        "coordinates": [
          13.4747916,
          52.4954482
        ]
      }
    },
    {
      "type": "Feature",
      "properties": {
        "name": "Picknicktisch",
        "info": null,
        "category": "Picknicktisch"
      },
      "geometry": {
        "type": "Point",
        "coordinates": [
          13.4746227,
          52.4954896
        ]
      }
    },
    {
      "type": "Feature",
      "properties": {
        "name": "Picknicktisch",
        "info": null,
        "category": "Picknicktisch"
      },
      "geometry": {
        "type": "Point",
        "coordinates": [
          13.3951439,
          52.557351
        ]
      }
    },
    {
      "type": "Feature",
      "properties": {
        "name": "Picknicktisch",
        "info": null,
        "category": "Picknicktisch"
      },
      "geometry": {
        "type": "Point",
        "coordinates": [
          13.3950339,
          52.5574117
        ]
      }
    },
    {
      "type": "Feature",
      "properties": {
        "name": "Picknicktisch",
        "info": null,
        "category": "Picknicktisch"
      },
      "geometry": {
        "type": "Point",
        "coordinates": [
          13.4134474,
          52.5569243
        ]
      }
    },
    {
      "type": "Feature",
      "properties": {
        "name": "Picknicktisch",
        "info": null,
        "category": "Picknicktisch"
      },
      "geometry": {
        "type": "Point",
        "coordinates": [
          13.2375386,
          52.4301801
        ]
      }
    },
    {
      "type": "Feature",
      "properties": {
        "name": "Picknicktisch",
        "info": null,
        "category": "Picknicktisch"
      },
      "geometry": {
        "type": "Point",
        "coordinates": [
          13.2375874,
          52.430184
        ]
      }
    },
    {
      "type": "Feature",
      "properties": {
        "name": "Picknicktisch",
        "info": null,
        "category": "Picknicktisch"
      },
      "geometry": {
        "type": "Point",
        "coordinates": [
          13.426859,
          52.4272577
        ]
      }
    },
    {
      "type": "Feature",
      "properties": {
        "name": "Picknicktisch",
        "info": null,
        "category": "Picknicktisch"
      },
      "geometry": {
        "type": "Point",
        "coordinates": [
          13.6241575,
          52.4587246
        ]
      }
    },
    {
      "type": "Feature",
      "properties": {
        "name": "Picknicktisch",
        "info": null,
        "category": "Picknicktisch"
      },
      "geometry": {
        "type": "Point",
        "coordinates": [
          13.4164008,
          52.4742591
        ]
      }
    },
    {
      "type": "Feature",
      "properties": {
        "name": "Picknicktisch",
        "info": null,
        "category": "Picknicktisch"
      },
      "geometry": {
        "type": "Point",
        "coordinates": [
          13.4455798,
          52.430986
        ]
      }
    },
    {
      "type": "Feature",
      "properties": {
        "name": "Picknicktisch",
        "info": null,
        "category": "Picknicktisch"
      },
      "geometry": {
        "type": "Point",
        "coordinates": [
          13.445538,
          52.430966
        ]
      }
    },
    {
      "type": "Feature",
      "properties": {
        "name": "Picknicktisch",
        "info": null,
        "category": "Picknicktisch"
      },
      "geometry": {
        "type": "Point",
        "coordinates": [
          13.3993098,
          52.5406716
        ]
      }
    },
    {
      "type": "Feature",
      "properties": {
        "name": "Picknicktisch",
        "info": null,
        "category": "Picknicktisch"
      },
      "geometry": {
        "type": "Point",
        "coordinates": [
          13.4216271,
          52.5386598
        ]
      }
    },
    {
      "type": "Feature",
      "properties": {
        "name": "Picknicktisch",
        "info": null,
        "category": "Picknicktisch"
      },
      "geometry": {
        "type": "Point",
        "coordinates": [
          13.4217257,
          52.5387342
        ]
      }
    },
    {
      "type": "Feature",
      "properties": {
        "name": "Picknicktisch",
        "info": null,
        "category": "Picknicktisch"
      },
      "geometry": {
        "type": "Point",
        "coordinates": [
          13.2285926,
          52.4491377
        ]
      }
    },
    {
      "type": "Feature",
      "properties": {
        "name": "Picknicktisch",
        "info": null,
        "category": "Picknicktisch"
      },
      "geometry": {
        "type": "Point",
        "coordinates": [
          13.2283534,
          52.4491951
        ]
      }
    },
    {
      "type": "Feature",
      "properties": {
        "name": "Picknicktisch",
        "info": null,
        "category": "Picknicktisch"
      },
      "geometry": {
        "type": "Point",
        "coordinates": [
          13.3642365,
          52.5458394
        ]
      }
    },
    {
      "type": "Feature",
      "properties": {
        "name": "Picknicktisch",
        "info": null,
        "category": "Picknicktisch"
      },
      "geometry": {
        "type": "Point",
        "coordinates": [
          13.363179,
          52.5464189
        ]
      }
    },
    {
      "type": "Feature",
      "properties": {
        "name": "Picknicktisch",
        "info": null,
        "category": "Picknicktisch"
      },
      "geometry": {
        "type": "Point",
        "coordinates": [
          13.3645363,
          52.5453824
        ]
      }
    },
    {
      "type": "Feature",
      "properties": {
        "name": "Picknicktisch",
        "info": null,
        "category": "Picknicktisch"
      },
      "geometry": {
        "type": "Point",
        "coordinates": [
          13.4563876,
          52.5065619
        ]
      }
    },
    {
      "type": "Feature",
      "properties": {
        "name": "Picknicktisch",
        "info": null,
        "category": "Picknicktisch"
      },
      "geometry": {
        "type": "Point",
        "coordinates": [
          13.3565138,
          52.5894066
        ]
      }
    },
    {
      "type": "Feature",
      "properties": {
        "name": "Picknicktisch",
        "info": null,
        "category": "Picknicktisch"
      },
      "geometry": {
        "type": "Point",
        "coordinates": [
          13.3566418,
          52.5894494
        ]
      }
    },
    {
      "type": "Feature",
      "properties": {
        "name": "Picknicktisch",
        "info": null,
        "category": "Picknicktisch"
      },
      "geometry": {
        "type": "Point",
        "coordinates": [
          13.3565446,
          52.589447
        ]
      }
    },
    {
      "type": "Feature",
      "properties": {
        "name": "Picknicktisch",
        "info": null,
        "category": "Picknicktisch"
      },
      "geometry": {
        "type": "Point",
        "coordinates": [
          13.3631624,
          52.5465039
        ]
      }
    },
    {
      "type": "Feature",
      "properties": {
        "name": "Picknicktisch",
        "info": null,
        "category": "Picknicktisch"
      },
      "geometry": {
        "type": "Point",
        "coordinates": [
          13.3632846,
          52.5465208
        ]
      }
    },
    {
      "type": "Feature",
      "properties": {
        "name": "Picknicktisch",
        "info": "Schlechter Zustand, eine Bank ist kaputt",
        "category": "Picknicktisch"
      },
      "geometry": {
        "type": "Point",
        "coordinates": [
          13.210754,
          52.5848224
        ]
      }
    },
    {
      "type": "Feature",
      "properties": {
        "name": "Picknicktisch",
        "info": null,
        "category": "Picknicktisch"
      },
      "geometry": {
        "type": "Point",
        "coordinates": [
          13.2211116,
          52.5604848
        ]
      }
    },
    {
      "type": "Feature",
      "properties": {
        "name": "Picknicktisch",
        "info": null,
        "category": "Picknicktisch"
      },
      "geometry": {
        "type": "Point",
        "coordinates": [
          13.2211726,
          52.5604762
        ]
      }
    },
    {
      "type": "Feature",
      "properties": {
        "name": "Picknicktisch",
        "info": null,
        "category": "Picknicktisch"
      },
      "geometry": {
        "type": "Point",
        "coordinates": [
          13.5004335,
          52.628215
        ]
      }
    },
    {
      "type": "Feature",
      "properties": {
        "name": "Picknicktisch",
        "info": null,
        "category": "Picknicktisch"
      },
      "geometry": {
        "type": "Point",
        "coordinates": [
          13.500318,
          52.6281077
        ]
      }
    },
    {
      "type": "Feature",
      "properties": {
        "name": "Picknicktisch",
        "info": null,
        "category": "Picknicktisch"
      },
      "geometry": {
        "type": "Point",
        "coordinates": [
          13.5003119,
          52.6281937
        ]
      }
    },
    {
      "type": "Feature",
      "properties": {
        "name": "Picknicktisch",
        "info": null,
        "category": "Picknicktisch"
      },
      "geometry": {
        "type": "Point",
        "coordinates": [
          13.3636479,
          52.5465076
        ]
      }
    },
    {
      "type": "Feature",
      "properties": {
        "name": "Picknicktisch",
        "info": null,
        "category": "Picknicktisch"
      },
      "geometry": {
        "type": "Point",
        "coordinates": [
          13.3635787,
          52.5464739
        ]
      }
    },
    {
      "type": "Feature",
      "properties": {
        "name": "Picknicktisch",
        "info": null,
        "category": "Picknicktisch"
      },
      "geometry": {
        "type": "Point",
        "coordinates": [
          13.3635687,
          52.5465019
        ]
      }
    },
    {
      "type": "Feature",
      "properties": {
        "name": "Picknicktisch",
        "info": null,
        "category": "Picknicktisch"
      },
      "geometry": {
        "type": "Point",
        "coordinates": [
          13.2485448,
          52.6097729
        ]
      }
    },
    {
      "type": "Feature",
      "properties": {
        "name": "Picknicktisch",
        "info": null,
        "category": "Picknicktisch"
      },
      "geometry": {
        "type": "Point",
        "coordinates": [
          13.2464373,
          52.6111896
        ]
      }
    },
    {
      "type": "Feature",
      "properties": {
        "name": "Picknicktisch",
        "info": null,
        "category": "Picknicktisch"
      },
      "geometry": {
        "type": "Point",
        "coordinates": [
          13.4730922,
          52.4288752
        ]
      }
    },
    {
      "type": "Feature",
      "properties": {
        "name": "Picknicktisch",
        "info": null,
        "category": "Picknicktisch"
      },
      "geometry": {
        "type": "Point",
        "coordinates": [
          13.4295598,
          52.427278
        ]
      }
    },
    {
      "type": "Feature",
      "properties": {
        "name": "Picknicktisch",
        "info": null,
        "category": "Picknicktisch"
      },
      "geometry": {
        "type": "Point",
        "coordinates": [
          13.4278491,
          52.4277572
        ]
      }
    },
    {
      "type": "Feature",
      "properties": {
        "name": "Picknicktisch",
        "info": null,
        "category": "Picknicktisch"
      },
      "geometry": {
        "type": "Point",
        "coordinates": [
          13.4397317,
          52.4707182
        ]
      }
    },
    {
      "type": "Feature",
      "properties": {
        "name": "Picknicktisch",
        "info": null,
        "category": "Picknicktisch"
      },
      "geometry": {
        "type": "Point",
        "coordinates": [
          13.4251721,
          52.5287965
        ]
      }
    },
    {
      "type": "Feature",
      "properties": {
        "name": "Picknicktisch",
        "info": null,
        "category": "Picknicktisch"
      },
      "geometry": {
        "type": "Point",
        "coordinates": [
          13.4266506,
          52.4218197
        ]
      }
    },
    {
      "type": "Feature",
      "properties": {
        "name": "Picknicktisch",
        "info": null,
        "category": "Picknicktisch"
      },
      "geometry": {
        "type": "Point",
        "coordinates": [
          13.4291824,
          52.4270076
        ]
      }
    }
  ]
}