type,coordinates long,coordinates lat,category,name,info,area_total_m2,perimeter_total_m,area_perimeter_ratio_total
Feature,13.286288471112766,52.54382509193763,Grünanlage,Volkspark Jungfernheide (intensiv),,227815.94,11447.19,19.9015
Feature,13.29297923374619,52.52427523419676,Grünanlage,Schlosspark Charlottenburg,,549128.55,5598.11,98.0917
Feature,13.258999341426085,52.523989304685855,Grünanlage,Ruhwaldpark,,101746.93,2320.3,43.8508
Feature,13.28018456668688,52.538506772619364,Grünanlage,Goebelplatz - Grünanlage,,6253.36,318.36,19.6424
Feature,13.241822364531625,52.52178898898267,Grünanlage,Murellenweg - Grüngürtel am Olympiastadion,"ehem. Olympiastadion, Grüngürtel",76368.7,2525.22,30.2424
Feature,13.289666400094196,52.47047168556803,Grünanlage,Platz am Wilden Eber - Grünanlage,Platzmitte,1685.86,156.8,10.7516
Feature,13.290286141023797,52.47444417850511,Grünanlage,Warnemünder Str. - Mittelstreifen - GA,Straßenpromenade,6770.69,1011.89,6.6912
Feature,13.303801472327365,52.543591294986975,Grünanlage,Abendruh (ehem. Gärtnerei) - Grünanlage,"Grünanlage (Straße 70, Nr. 18)",7568.27,979.5,7.7267
Feature,13.325852805574282,52.50872385693971,Grünanlage,Steinplatz - Grünanlage,,3392.92,232.65,14.5836
Feature,13.296654964386665,52.511420422101494,Grünanlage,Sophie-Charlotten-Platz - GA,,3008.35,219.06,13.7332
Feature,13.29106004754349,52.518150440703074,Grünanlage,Klausenerplatz - Grünanlage,,9463.16,695.19,13.6123
Feature,13.298918231352722,52.51628320530345,Grünanlage,Schustehruspark - Grünanlage,,10228.93,671.9,15.2238
Feature,13.304973638714584,52.52621426372936,Grünanlage,Mierendorffplatz - Grünanlage,,7712.06,550.79,14.0019
Feature,13.289882396034026,52.50478830483198,Grünanlage,Kuno-Fischer-Platz - Grünanlage,,4052.73,404.12,10.0284
Feature,13.295451616809926,52.50650279577847,Grünanlage,Amtsgerichtsplatz - Grünanlage,,2200.3,189.29,11.6242
Feature,13.250826677542783,52.52393892201189,Grünanlage,Spandauer Damm 268/Ruhwaldweg - GA,Grünanlage am Spandauer Bock,15834.65,1585.56,9.9868
Feature,13.249156818083165,52.524778191793885,Grünanlage,Ruhwaldweg/Wiesendamm - GA,Spreeblick,20166.05,1821.71,11.0698
Feature,13.287272726807151,52.508403995222054,Grünanlage,Lietzenseepark/Nord,,55806.07,3071.21,18.1707
Feature,13.2679741166745,52.5287171115859,Grünanlage,Ruhwaldweg 2 - Grünanlage zur Spree,nördl. S-Bhf Siemensstadt-Fürstenbrunn,1904.26,225.59,8.4412
Feature,13.272478823729925,52.50931038429236,Grünanlage,Theodor-Heuss-Platz - Grünanlage,Mittelinsel,9243.25,389.19,23.7501
Feature,13.24949710970656,52.52297902205034,Grünanlage,Reichsstr./Spandauer Damm - GA,,20151.53,1039.99,19.3766
Feature,13.290126021317276,52.51007019330461,Grünanlage,Erwin-Barth-Platz (Kaiserdammdreieck) - GA,Wundt-/Soph.-Charl.-Str/Kaiserdamm,4029.89,290.15,13.8891
Feature,13.297035461039068,52.52616031581418,Grünanlage,Tegeler Weg - Grünanlage,Bonhoefferufer bis Bhf. Jungfernheide,7686.79,1327.71,5.7895
Feature,13.216199375349237,52.50952083130357,Grünanlage,Havelchaussee 150 - Stößenseebrücke - GA,nördl. der Heerstr.,1907.65,213.57,8.9321
Feature,13.304084036842694,52.5220789629539,Grünanlage,Sömmeringstr. 005 - Grünanlage,Österreichpark,18260.5,1467.35,12.4446
Feature,13.227993630627356,52.50853379558201,Grünanlage,Schirwindter Allee - Wäldchen - GA,Angerburger Allee bis Tharauer Allee,4524.43,335.62,13.4809
Feature,13.312884393556049,52.53098124522497,Grünanlage,Goslarer Ufer - Grünanlage Gaußstr.,Gaußstr. bis S-Bahn,5799.66,461.33,12.5717
Feature,13.215320828077886,52.50876625916274,Grünanlage,Havelchaussee 148 - Stößenseebrücke - GA,südl. der Heerstr.,7228.92,389.34,18.5669
Feature,13.280051819187362,52.53465595829383,Grünanlage,Siemensdamm/Letterhausweg - GA,Grünanlage westl. Letterhausweg,6827.14,710.8,9.6049
Feature,13.300419693406862,52.52010598014464,Grünanlage,Eosanderstr. 20c - Grünanlage,"""Eosanderplatz""",1331.02,145.8,9.1288
Feature,13.296004415503768,52.50185449832575,Grünanlage,Kracauerplatz - Grünanlage,ehem. Holtzendorffplatz,1579.95,189.98,8.3165
Feature,13.296816614643795,52.50254560925554,Grünanlage,Gervinusstr. 28 - Grünanlage,/Holtzendorffstr.,1599.35,193.17,8.2793
Feature,13.308975036679186,52.51127530167288,Grünanlage,Shakespeareplatz - Grünanlage,,1775.47,174.98,10.1464
Feature,13.289183632961015,52.503315275849985,Grünanlage,Lietzenseepark/Süd - Gr. Kaskade,Dernburgplatz,2875.62,253.74,11.3329
Feature,13.32235062095144,52.50544759885664,Grünanlage,Savignyplatz - Grünanlage,,5336.82,414.74,12.8677
Feature,13.30993719851276,52.52024405483021,Grünanlage,Iburger Ufer - Grünanlage,Grünzug an der Spree,14408.5,1191.64,12.0914
Feature,13.301721731317723,52.52153825552877,Grünanlage,Charlottenburger Ufer - Grünanlage,Grünzug an der Spree,6932.4,899.7,7.7052
Feature,13.327772375653081,52.522609744858784,Grünanlage,Spreebogen - Grünanlage,Kucharskistr. 5,22740.29,2679.3,8.4874
Feature,13.312118486216638,52.51973451775372,Grünanlage,Lüdtgeweg - Grünanlage,,1450.72,251.46,5.7693
Feature,13.234309853470892,52.522671581908,Grünanlage,Fließwiese Ruhleben - NSG,Naturschutzgebiet,116943.41,2219.06,52.6995
Feature,13.258638672461617,52.50892297477794,Grünanlage,Raußendorffplatz/Westteil - Grünanlage,,1299.68,155.99,8.3319
Feature,13.327290222915778,52.53792243731387,Grünanlage,Seestraße 1-2 - Grünanlage,Grünanlage am Westhafen,1342.26,255.81,5.247
Feature,13.308483192972536,52.51530124805598,Grünanlage,Richard-Wagner-Str./Krumme Str. - GA,Grünanlage am Stadtbad,6486.86,531.38,12.2076
Feature,13.271082572709668,52.51613101568431,Grünanlage,Branitzer Platz - Grünanlage,,8011.02,317.37,25.2421
Feature,13.274849318941067,52.51694336779976,Grünanlage,Anneliese-und-Georg-Groscurth-Platz - GA,ehem. Lindenplatz,1902.35,211.77,8.9833
Feature,13.250587157643984,52.50717310008847,Grünanlage,Ortelsburgpark,,19855.39,1144.27,17.352
Feature,13.269152616551263,52.5076400326531,Grünanlage,Karolingerplatz - Grünanlage,,6486.15,512.82,12.648
Feature,13.259877850886134,52.49462306239365,Grünanlage,Kühler Weg - Grünanlage,Wäldchen zw. Maikäferpfad u. Alte Allee,26903.15,1123.85,23.9383
Feature,13.310218141515147,52.50815210884921,Grünanlage,Karl-August-Platz - Grünanlage,,4966.64,879.71,5.6458
Feature,13.289367442130537,52.53795009400868,Grünanlage,Charlottenburg Nord - Grünzug Heilmannring,Schwarzer Weg/Heilmannring,9638.65,1297.33,7.4296
Feature,13.328296018816742,52.51461140026898,Grünanlage,Einsteinufer - Grünanlage,Grünzug am Landwehrkanal,16073.31,2074.07,7.7496
Feature,13.314242929294334,52.5251424734381,Grünanlage,Goslarer Platz - Grünanlage,,7429.75,506.87,14.6581
Feature,13.322219319483724,52.537755871686585,Grünanlage,Friedrich-Olbricht-Damm/Kol. Heideschl - GA,nördlicher Randstreifen an der BAB,5316.11,552.62,9.6199
Feature,13.297660028709293,52.53487085413592,Grünanlage,Goerdelerdamm/Kurt-Schumacher-Damm - GA,Randstreifen Paul-Hertz-Siedlung,7515.05,834.25,9.0081
Feature,13.294964213350646,52.53836869387708,Grünanlage,Kurt-Schumacher-Damm/Heckerdamm - GA,westl. Randstreifen der Paul-Hertz-Siedlung,2036.39,643.91,3.1625
Feature,13.242722302796942,52.50691300456325,Grünanlage,Kranzallee - Grünanlage,Grünanlage zw. Lyckallee u. Heerstr.,7684.94,393.77,19.5162
Feature,13.2675873203155,52.49893797148557,Grünanlage,Waldschulallee/Bhf. Eichkamp - GA,Wäldchen zw. Mommsenstadion u. Eichkampstr.,23653.52,1346.14,17.5714
Feature,13.262785486710927,52.50117665031701,Grünanlage,Schuhmannplatz - Grünanlage,Waldschulallee/Harbigstr.,1881.46,327.37,5.7473
Feature,13.243692712035259,52.50835623371291,Grünanlage,Heilsberger Dreieck - Grünanlage,Heerstr./Heilsberger Allee Flatowall,13757.79,764.31,18.0003
Feature,13.269168046614585,52.527155163838174,Grünanlage,Ruhwaldhöhenweg/Fürstenbrunner Weg 81 - GA,Grünanlage,18908.68,2332.46,8.1068
Feature,13.294565191655856,52.531652567915295,Grünanlage,Tegeler Weg - Hundeauslauf - GA,Tegeler Weg / Schleusenkanal,6667.77,481.3,13.8536
Feature,13.289483481807853,52.53211194851658,Grünanlage,Nonnendamm 26-30 - GA,Nonnendamm bis Mörschbrücke,27748.33,2231.34,12.4358
Feature,13.252084072014297,52.52702715954347,Grünanlage,Wiesendamm/Spreeuferweg - GA (Dahlemer Wiese),Dahlemer Wiese,5484.07,1110.37,4.939
Feature,13.284624620742463,52.494644023251155,Grünanlage,Rathenauplatz 05 - Grünanlage,,1775.8,191.1,9.2923
Feature,13.266377036751603,52.483289621610325,Grünanlage,Hagenplatz - Grünanlage,,2556.95,215.89,11.8438
Feature,13.280289605307912,52.48586116530409,Grünanlage,Hubertussee - Delbrückstr. - GA,Uferanlage - Bismarck- bis Hubertusallee,10588.32,1982.28,5.3415
Feature,13.268216911160206,52.48600476214652,Grünanlage,Koenigsallee 45a - Grünanlage,Uferanlage Dianasee,4070.3,431.92,9.4237
Feature,13.260326441192616,52.48139271216544,Grünanlage,Koenigsallee 75a - Grünanlage,,2398.6,543.68,4.4118
Feature,13.27170576067218,52.48753370731231,Grünanlage,Koenigsallee 31-33 - Grünanlage,Grünanlage Koenigssee,8027.39,432.69,18.5522
Feature,13.29407474273828,52.47398751304342,Grünanlage,Breite Str. 37a-b/Kirchstr. - GA,Grünanlage,671.02,147.93,4.5361
Feature,13.292987285644696,52.482161700955096,Grünanlage,Forckenbeckstr. - Aufhaltebecken - GA,Grünanlage  (Aufhaltebecken),21286.48,1286.46,16.5465
Feature,13.263558790308721,52.48435888410572,Grünanlage,Douglasstr. 7/Fontanestr. 15 - GA,Villa Harteneck,8261.69,487.23,16.9565
Feature,13.270125864952886,52.487405606321616,Grünanlage,Hasensprung 5 - Grünanlage,,4858.9,382.84,12.6917
Feature,13.270509578368593,52.479673750533685,Grünanlage,Bernhard-Wieck-Promenade - GA,,3365.39,300.56,11.1972
Feature,13.281983799550456,52.48978905426614,Grünanlage,Johannaplatz - Grünanlage,,6009.42,469.7,12.7941
Feature,13.29169572805837,52.47216396858051,Grünanlage,Krampasplatz - Grünanlage,,729.17,183.79,3.9673
Feature,13.265630120796443,52.48490877867861,Grünanlage,Fontanestr. 16 - Grünanlage,,2964.05,480.14,6.1733
Feature,13.283493092950753,52.471064933308405,Grünanlage,Messelpark,,33412.83,1842.22,18.1372
Feature,13.290956661341225,52.4769791625229,Grünanlage,Kolberger Platz - Grünanlage,,2610.78,325.03,8.0324
Feature,13.274664711078467,52.48950827132382,Grünanlage,Rhoda-Erdmann-Park,(ehem.) Koenigsallee 27/Baraschstr. 8 - GA,5284.71,485.47,10.8858
Feature,13.276749811063207,52.491918358553185,Grünanlage,Wallotstr. 17a/19/Erbacher Str. 7 - GA,,2074.27,250.45,8.2823
Feature,13.284151732047123,52.48430356860937,Grünanlage,Carl-Ludwig-Schleich-Promenade,Grünanlage,7380.52,608.47,12.1297
Feature,13.291476512639845,52.48413489862063,Grünanlage,Flinsberger Platz - Grünanlage,,8406.17,764.21,10.9998
Feature,13.294778927788306,52.479208741210726,Grünanlage,Kissinger Platz - Grünanlage,,3665.15,456.38,8.031
Feature,13.276371902158601,52.48747567599255,Grünanlage,Bismarckallee 25a - Grünanlage,Herthasee - Uferanlage,1817.95,249.7,7.2805
Feature,13.280840236760199,52.48240792253008,Grünanlage,Joseph-Joachim-Platz - Grünanlage,,1180.01,169.11,6.9779
Feature,13.289555658677509,52.494425986738044,Grünanlage,Melli-Beese-Anlage - GA,,875.76,134.55,6.5088
Feature,13.279368993287386,52.49496149043472,Grünanlage,Trabener Str. 70a - Grünanlage,Uferanlage Halensee,2712.62,550.16,4.9306
Feature,13.282600805241,52.476315745938614,Grünanlage,Betty-Hirsch-Platz - Grünanlage,ehem. Platz S,3824.78,256.85,14.8908
Feature,13.275056671880685,52.487694623725694,Grünanlage,Delbrückstr. 02 - Grünanlage,Herthasee - Uferanlage,1129.26,213.42,5.2913
Feature,13.276988713032157,52.4748198771416,Grünanlage,Robert-Stolz-Anlage-GA,,11326.07,615.98,18.387
Feature,13.282078936596657,52.496183399771446,Grünanlage,Friedenthalpark,Halenseestr. 11 (ehem. Halenseepark),29409.96,1112.87,26.4272
Feature,13.285256197386412,52.49191721859579,Grünanlage,Bismarckplatz - Grünanlage,,2093.16,265.01,7.8983
Feature,13.304651944208699,52.50540638574669,Grünanlage,Stuttgarter Platz - Grünanlage,"ggb. 1-11, Wilmersdorfer bis Lewisham",6064.11,824.84,7.3519
Feature,13.300389372019115,52.50454535315465,Grünanlage,Stuttgarter Platz 30 - Grünanlage,Windscheidtstr. bis Lewishamstr.,5339.93,473.73,11.2721
Feature,13.27104572750719,52.5288206218906,Grünanlage,Spreeuferweg / Tiefer Grund - GA,nördl. Kol. Tiefer Grund II,1087.04,417.63,2.6029
Feature,13.27615198579267,52.53623328967498,Grünanlage,Siemensdamm-Popitzweg - GA,Verbindungsweg,1138.55,322.05,3.5353
Feature,13.310482553838066,52.52090788123471,Grünanlage,Am Spreebord - Grünanlage,Uferstreifen (ehem. Ladestr.),10039.24,1200.75,8.3608
Feature,13.333036753494543,52.49317890410764,Grünanlage,Prager Platz - Grünanlage,Platzmitte,1995.26,159.97,12.4731
Feature,13.326778532358944,52.48458594989171,Grünanlage,Schoelerpark,Grünanlage,4629.09,383.15,12.0815
Feature,13.303431551483033,52.535152299546105,Grünanlage,Goerdelerdamm - Paul-Hertz-Siedlung - GA,Grünfläche am Goerdelersteg,2851.51,466.05,6.1185
Feature,13.25539372100705,52.51890332116815,Grünanlage,Brixplatz - Grünanlage,,17444.35,1173.86,14.8607
Feature,13.312022053570969,52.51809715731232,Grünanlage,Alt-Lietzow - Grünanlage,Mittelinsel,3742.5,411.82,9.0878
Feature,13.264650518309553,52.51156969629846,Grünanlage,Fürstenplatz - Grünanlage,,5628.06,506.33,11.1154
Feature,13.313947729319915,52.4994227267621,Grünanlage,Olivaer Platz - Grünanlage,,5133.78,636.31,8.0681
Feature,13.323176740739191,52.484119795019005,Grünanlage,Volkspark Wilmersdorf,,103238.89,5977.15,17.2723
Feature,13.307331797922885,52.486426042275546,Grünanlage,Rudolstädter Str. 70/Berliner Str. - GA,Grünzug,2595.26,551.93,4.7022
Feature,13.321094746391578,52.49769771974101,Grünanlage,Ludwigkirchplatz - Grünanlage,,3254.96,324.35,10.0354
Feature,13.33444370850557,52.49805307900414,Grünanlage,Nürnberger Platz - Grünanlage,,1454.6,148.88,9.7706
Feature,13.329931035863877,52.497399417791016,Grünanlage,Gerhart-Hauptmann-Park,,7540.39,756.75,9.9641
Feature,13.316433014224488,52.48176554314494,Grünanlage,Brabanter Platz - Grünanlage,,928.07,127.09,7.3027
Feature,13.312988298777302,52.49269433443328,Grünanlage,Preußenpark,,49325.92,1191.03,41.4144
Feature,13.315601207129628,52.52045625472693,Grünanlage,Darwinstr. 2/Goslarer Ufer 1e - GA,Spreeuferanlage,1242.43,265.38,4.6818
Feature,13.295902539736375,52.53607283891841,Grünanlage,Charlottenburg Nord - Paul-Hertz-S. - GA,Grünzug U-Bahntrasse,5489.75,1112.24,4.9357
Feature,13.300625498298587,52.49596006815362,Grünanlage,Hochmeisterplatz - Grünanlage,,12700.32,763.56,16.6331
Feature,13.311456838408048,52.47904054896846,Grünanlage,Heidelberger Platz - Grünanlage,,3832.81,309.12,12.3993
Feature,13.314650214438306,52.46807294871593,Grünanlage,Ludwig-Barnay-Platz - Grünanlage,,4077.33,507.05,8.0413
Feature,13.315613084101088,52.47307088011413,Grünanlage,Rüdesheimer Platz - Grünanlage,,6390.25,546.73,11.688
Feature,13.335399514980232,52.47914334557677,Grünanlage,Kuppenheimer Str. - Grünanlage,Wexstr. bis Durlacher Str.,2303.16,217.73,10.5781
Feature,13.323700766790585,52.485433622478354,Grünanlage,Wilhelmsaue - Mittelpromenade - GA,Grünanlage,5105.1,609.48,8.3762
Feature,13.308780503643296,52.49155442430755,Grünanlage,Konstanzer Str. 24 - Grünanlage,,1112.05,336.77,3.3021
Feature,13.326004235954727,52.49420027862926,Grünanlage,Hohenzollernplatz - Grünanlage,,4369.21,387.75,11.2681
Feature,13.30293975881093,52.47214278705237,Grünanlage,Franz-Cornelsen-Weg - Grünanlage,Grünzug,8548.03,841.83,10.1541
Feature,13.310470690856054,52.534759369679044,Grünanlage,Lise-Meitner-Str. - Uferanlage - GA,Uferwanderweg,7803.12,1375.99,5.6709
Feature,13.297271701937758,52.51385508040481,Grünanlage,Hebbelstr./Otto-Grüneberg-Weg - GA,,9008.42,919.65,9.7955
Feature,13.247654082099634,52.51956499175529,Grünanlage,Rominter Allee - Grünanlage Bahnseite,Grünfläche Bahnseite,17325.1,1355.44,12.7819
Feature,13.316465111495871,52.520862372094236,Grünanlage,Goslarer Ufer/Südspitze - Grünanlage,Spreeufer-Grünanlage,801.51,137.27,5.8391
Feature,13.250479967456592,52.50959653370256,Grünanlage,Georg-Kolbe-Hain - Grünanlage,,26888.69,758.63,35.4436
Feature,13.306761689751156,52.54532605860309,Grünanlage,Adam-von-Trott-Str. - Grünanlage,Grünzug am Pfefferluchgraben,12259.62,1997.87,6.1363
Feature,13.329443512065852,52.518113003476266,Grünanlage,Hannah-Karminski-Str. - Grünanlage,Spreeuferanlage,6340.96,1107.12,5.7274
Feature,13.326996109203103,52.54067991107668,Grünanlage,Saatwinkler Damm - Grünanlage,ggb. Haus-Nr. 9-13,1258.54,382.66,3.289
Feature,13.320523081639067,52.489310749393084,Grünanlage,Pfalzburger Str. 35-38 - Grünanlage,,1097.22,299.51,3.6634
Feature,13.254399818455925,52.512340354137976,Grünanlage,Olympische Str. 33 - Grünanlage,Grünanlage am Friedhof,6363.77,1360.54,4.6774
Feature,13.279733641455806,52.528880836541255,Grünanlage,Spreewiesen - GA,Rahmengrün Kleingartenkolonie,5394.11,814.92,6.6192
Feature,13.303221282716942,52.54369405501199,Grünanlage,Pfefferluch - GA,Wasserverband,2922.99,1168.33,2.5019
Feature,13.23340552599061,52.52516434226029,Grünanlage,Hempelsteig - GA,Grünflächen am Friedhof,19562.77,1691.17,11.5676
Feature,13.289750843817668,52.51437593840426,Grünanlage,Danckelmannstr. 16 - Grünanlage,Block 128,4141.11,798.69,5.1849
Feature,13.31836511848122,52.520233362084376,Grünanlage,Dovestr. 1d - Grünanlage,Uferpromenade,2163.52,463.38,4.669
Feature,13.315055523922362,52.51964259919326,Grünanlage,Galvanistr. - Grünanlage,Grünzug an der Spree,8978.24,1050.61,8.5457
Feature,13.251517329200777,52.511271717101344,Grünanlage,Sensburger Allee - Grünanlage,"""Flohteich""-Anlage",8065.36,527.82,15.2806
Feature,13.313209231109973,52.48385320705477,Grünanlage,Volkspark Wilmersdorf - Fennseeanlage,Rudolstädter Str. bis Blissestr.,51825.04,3857.07,13.4364
Feature,13.420252177035243,52.46983747979032,Grünanlage,Oderstraße,,2253.59,438.98,5.1338
Feature,13.473600621240795,52.45919523786361,Grünanlage,Britzer Zweigkanal,,1227.16,398.09,3.0827
Feature,13.467285611897546,52.44038020891204,Grünanlage,Wendehalsweg,,1286.88,264.34,4.8683
Feature,13.424538658942314,52.471450574748424,Grünanlage,Kirchhofweg,,6362.95,1200.42,5.3006
Feature,13.49049764361908,52.412493324519545,Grünanlage,Rhodeländer Weg,,1153.26,374.18,3.0821
Feature,13.439485678277231,52.446432921080195,Grünanlage,Schloßgarten Britz,,24540.65,765.66,32.0514
Feature,13.419226130058586,52.43309791968122,Grünanlage,Britzer Garten,,845146.55,10728.89,78.773
Feature,13.421297973049086,52.41087531238601,Grünanlage,Drusenheimer Weg-Grünanlage,,27513.53,1824.94,15.0764
Feature,13.42692933597775,52.44683374005287,Grünanlage,Koppelweg-Grünanlage,,3228.86,251.81,12.8225
Feature,13.408553274643015,52.48692344531898,Grünanlage,Lilienthalstraße-Grünanlage,,1906.49,204.7,9.3134
Feature,13.41101773102952,52.41542677937801,Grünanlage,Künheimerweg 7,,1052.14,171.04,6.1515
Feature,13.424179651975326,52.49169839143277,Grünanlage,Kottbusser Damm,,654.93,271.18,2.4151
Feature,13.515650269051308,52.41160448199645,Grünanlage,Grünverbindung Ostburger Weg,,1521.34,596.07,2.5523
Feature,13.515752164872238,52.4202079072232,Grünanlage,Neudeckerweg-Grünanlage,,4467.9,281.76,15.8571
Feature,13.51506736420933,52.401594982313384,Grünanlage,Verbindungsweg Süd zum Landschaftspark,,848.58,349.84,2.4257
Feature,13.437527291528113,52.44578459398931,Grünanlage,Gutshof Britz - Teil 1,,4651.02,1116.79,4.1646
Feature,13.428634170104774,52.44547983427918,Grünanlage,Kienpfuhl Britz,,4343.07,603.3,7.1989
Feature,13.437198472370786,52.44787863924685,Grünanlage,Kirchteich Britz-Grünanlage,,9184.87,1114.16,8.2438
Feature,13.434977371305468,52.447928786307074,Grünanlage,Schulvorplatz Britzer Damm,,4699.63,406.96,11.5482
Feature,13.440809310919565,52.446827354752806,Grünanlage,Gutspark Britz,,13908.24,644.93,21.5653
Feature,13.444510513795876,52.4484152242853,Grünanlage,Onkel-Bräsig-Strasse,vor der Fritz - Karsen - Schule,3710.7,270.8,13.7029
Feature,13.428782430516899,52.459880647795586,Grünanlage,Friedrichsbrunner Platz-Grünanlage,,3048.83,280.2,10.881
Feature,13.453008842997646,52.449009947568015,Grünanlage,Buschkrugallee,,2504.48,684.15,3.6607
Feature,13.440900458754257,52.45496055081386,Grünanlage,Buschrosenplatz,,3714.19,245.21,15.1468
Feature,13.449138826054291,52.447992059301065,Grünanlage,Hufeisenteich-Grünanlage,,8391.0,586.85,14.2984
Feature,13.433002377835013,52.45810619126199,Grünanlage,Treseburger Ufer,,17707.1,1611.17,10.9902
Feature,13.453980813342321,52.44888746858347,Grünanlage,Vor dem Sportplatz Buschkrugallee,,647.18,289.37,2.2365
Feature,13.450636445320399,52.448181209478214,Grünanlage,Krugpfuhl-Grünanlage,,5239.22,657.58,7.9674
Feature,13.447083232310714,52.45194371083332,Grünanlage,Akazienwäldchen-Grünanlage,,27732.45,1233.9,22.4754
Feature,13.443194915956381,52.44979363423137,Grünanlage,Fennpfuhl-Grünanlage,,59514.93,2723.06,21.8559
Feature,13.44527299288841,52.45864596229079,Grünanlage,Braunschweiger Ufer-Grünanlage,,38744.33,3387.42,11.4377
Feature,13.447946794616058,52.45392909746116,Grünanlage,Park am Buschkrug-Grünanlage,,46152.22,3335.95,13.8348
Feature,13.45883139917714,52.455228505200964,Grünanlage,Delfter Ufer-Grünanlage,,24732.58,3041.64,8.1313
Feature,13.507657144500133,52.40074534077174,Grünanlage,Südpark-Grünanlage,,89492.87,2035.88,43.9579
Feature,13.510423503340455,52.417529669704614,Grünanlage,Schirpitzer Weg-Grünanlage,,12253.38,815.66,15.0226
Feature,13.413033703407518,52.42932319014057,Grünanlage,Breitunger Weg,,14144.91,3843.97,3.6798
Feature,13.421721669157172,52.47723497324409,Grünanlage,Herrfurthplatz-Grünanlage,,3782.9,440.55,8.5867
Feature,13.4705759791005,52.46485508089909,Grünanlage,Herbert-Krause Park,,6341.0,347.85,18.2291
Feature,13.473057136484336,52.466147595313736,Grünanlage,Hänselstrasse,,3594.65,354.55,10.1385
Feature,13.475820426035183,52.46722197619511,Grünanlage,Heidekampgraben-Grünanlage,,27576.6,2416.83,11.4103
Feature,13.442725813105895,52.47500975748657,Grünanlage,Comeniusgarten,,7395.37,665.81,11.1073
Feature,13.470598857974299,52.46761602339858,Grünanlage,Von-der-Schulenburg-Park-Grünanlage,,38576.49,1339.62,28.7966
Feature,13.466247636097645,52.46869415147024,Grünanlage,Venusplatz-Grünanlage,,4315.06,379.74,11.3632
Feature,13.446441149951323,52.47548307960897,Grünanlage,Böhmische Strasse,,1367.7,181.03,7.5551
Feature,13.442562021745438,52.47668759837764,Grünanlage,Jan-Hus-Weg-Grünanlage,,648.5,120.18,5.3963
Feature,13.446447459128345,52.47425532418648,Grünanlage,Richardplatz-Grünanlage,,3719.3,701.23,5.304
Feature,13.41414920113469,52.48683354122783,Grünanlage,Volkspark Hasenheide-Grünanlage,,472816.29,6915.48,68.3708
Feature,13.448796746309723,52.47805079740826,Grünanlage,Hertzbergplatz-Grünanlage,,2205.43,326.71,6.7504
Feature,13.424027103262725,52.46979276295755,Grünanlage,Wartheplatz-Grünanlage,,3029.73,219.37,13.8111
Feature,13.436342916558472,52.471161263750005,Grünanlage,Selkestraße-Grünanlage,,2383.55,248.11,9.6069
Feature,13.436091535942513,52.47554008264066,Grünanlage,Lessinghöhe-Grünanlage,,26037.57,1220.26,21.3378
Feature,13.437544792696773,52.472359970901124,Grünanlage,Rübelandstraße,,8051.53,486.76,16.5411
Feature,13.437898349029894,52.47139334470833,Grünanlage,Körnerpark,,21089.25,616.56,34.2047
Feature,13.428706917698117,52.47997957245878,Grünanlage,Boddinplatz,,1323.46,173.39,7.6328
Feature,13.429635458050582,52.48921796462751,Grünanlage,Reuterplatz-Grünanlage,,5657.26,318.3,17.7732
Feature,13.447780765906574,52.48238179999128,Grünanlage,Truseplatz-Grünanlage,,3136.66,278.18,11.2756
Feature,13.422386758262387,52.476124183400664,Grünanlage,Schillerpromenade-Grünanlage,,5917.4,731.61,8.0882
Feature,13.436908454526366,52.473722584864284,Grünanlage,Thomashöhe-Grünanlage,,21368.37,953.9,22.4012
Feature,13.439290108324405,52.487815830722774,Grünanlage,Weichselplatz-Grünanlage,,10736.67,824.94,13.0151
Feature,13.444915027692769,52.48387628237414,Grünanlage,Wildenbruchplatz-Grünanlage,,13347.36,659.98,20.2238
Feature,13.494922774057434,52.408150890008564,Grünanlage,Meskengraben,,56301.9,5454.33,10.3224
Feature,13.49298191753367,52.41056496363493,Grünanlage,Rohrpfuhl-Grünanlage,,10993.29,1365.99,8.0479
Feature,13.482095114283823,52.39743893664363,Grünanlage,Dörferblick,,77696.58,1363.33,56.9905
Feature,13.497258079845714,52.40578177146936,Grünanlage,Lolopfuhl-Grünanlage,,8167.13,440.82,18.527
Feature,13.479474853858818,52.40424873242799,Grünanlage,Rudower Fließ-Grünanlage,,148274.16,9620.22,15.4128
Feature,13.449749192995496,52.428670553513186,Grünanlage,BBR-Grünanlage,,291856.7,12998.24,22.4536
Feature,13.481419183158085,52.417660511037624,Grünanlage,NME-Grünanlage,,47043.8,6865.11,6.8526
Feature,13.500960524098966,52.41702123360219,Grünanlage,Kattenpfuhl-Grünanlage,,10981.75,783.73,14.0121
Feature,13.521676148301815,52.41396945616535,Grünanlage,Am Schönbergweg,,8852.61,1185.72,7.466
Feature,13.506961002370298,52.407315086727365,Grünanlage,Katzenpfuhl-Grünanlage,,2042.05,342.13,5.9687
Feature,13.503334361918542,52.40446960529146,Grünanlage,Nordpark-Grünanlage,,31921.76,1031.15,30.9573
Feature,13.510442317595874,52.40814942279174,Grünanlage,Espenpfuhl-Grünanlage,,9364.23,627.94,14.9127
Feature,13.513514264979278,52.40297005045425,Grünanlage,Klarpfuhl-Grünanlage,,19147.65,1132.55,16.9067
Feature,13.499920221123737,52.421590281329095,Grünanlage,Margueritenring-Grünanlage,,19011.02,1843.1,10.3147
Feature,13.487815268006486,52.43766647142369,Grünanlage,E. Keller BR.-Hafen Rudow West,,22666.11,3190.26,7.1048
Feature,13.469692287102161,52.446551730669874,Grünanlage,Uferpromenade Martin-Mährlein-Weg,,20216.11,3760.71,5.3756
Feature,13.509200732535595,52.407080149375794,Grünanlage,Röthepfuhl-Grünanlage,,17604.99,751.31,23.4325
Feature,13.462605399523444,52.439194376260374,Grünanlage,Laubsängerweg,,5940.63,407.39,14.5821
Feature,13.473195512931229,52.43891284373383,Grünanlage,Rohrdommelweg-Grünanlage,,6144.39,514.73,11.937
Feature,13.4636384094228,52.446568144742336,Grünanlage,Britzer Wiesen-Grünanlage,,6053.43,492.53,12.2904
Feature,13.49592922124379,52.41840167564896,Grünanlage,Schmiedeteich-Grünanlage,,3930.95,432.12,9.0969
Feature,13.519515766585446,52.418512241606116,Grünanlage,Rudower Höhe-Grünanlage,,94010.3,2182.03,43.0839
Feature,13.42547109964319,52.43833459784833,Grünanlage,Papenpfuhl-Grünanlage,,1251.49,227.97,5.4897
Feature,13.42530220259943,52.42553444451405,Grünanlage,Hochspannungsweg-Grünanlage,,91073.34,7104.53,12.819
Feature,13.454591372323193,52.4424137568111,Grünanlage,Gielower Strasse-Grünanlage,,8953.34,842.41,10.6283
Feature,13.427917198856155,52.441745346116996,Grünanlage,Roetepfuhl-Grünanlage,,22803.88,1105.1,20.635
Feature,13.446752561314952,52.44112731343256,Grünanlage,Fritz-Reuter-Allee-Grünanlage,,34219.2,2135.58,16.0233
Feature,13.412282676366166,52.44036280679569,Grünanlage,Walnußweg-Grünanlage,,3310.72,685.81,4.8275
Feature,13.434165718567463,52.44182962194361,Grünanlage,Am Gewerbedreieck,,812.75,204.15,3.9812
Feature,13.431206672835753,52.442243503367415,Grünanlage,Neumarkplan,,988.22,261.6,3.7776
Feature,13.44189859394987,52.44144621239749,Grünanlage,Britz-Süd-Grünanlage,,105903.05,4313.66,24.5506
Feature,13.421938911980591,52.440677633922675,Grünanlage,Friedland II-Grünanlage,,2132.35,524.21,4.0678
Feature,13.423280110609037,52.41575309288598,Grünanlage,Gerlinger Straße 52,,13392.5,1114.35,12.0182
Feature,13.420920837287728,52.420169485361164,Grünanlage,In den Gärten-Grünanlage,,3744.7,360.94,10.375
Feature,13.411293892860952,52.42185639988052,Grünanlage,Siedlung Spruch-Grünanlage,,9669.49,1250.56,7.7321
Feature,13.446733820547175,52.42532225986156,Grünanlage,Wildmeisterdamm 252/254,,2057.48,229.32,8.9723
Feature,13.410269691517534,52.41878258708405,Grünanlage,Siedlung Neue Heimstatt,,3560.57,475.76,7.484
Feature,13.4321901233285,52.42180486057496,Grünanlage,Alt-Buckow 25-33,,3181.42,321.88,9.8839
Feature,13.400906683321207,52.41661820174613,Grünanlage,Schlierbacher Weg,,967.37,185.26,5.2216
Feature,13.43228581494993,52.42259564676313,Grünanlage,Alt-Buckow Dorfteich-Grünanlage,,5281.88,493.57,10.7013
Feature,13.31059905912555,52.451322075430355,Grünanlage,Begonienplatz WG,,2355.97,239.91,9.8203
Feature,13.309910811908304,52.45001369558148,Grünanlage,Hortensienplatz WG,,825.59,182.47,4.5247
Feature,13.351002019904668,52.45432523566343,Grünanlage,Oehlertplatz WG,,1283.67,136.99,9.3708
Feature,13.335409128129646,52.44823308929871,Grünanlage,Stadtpark Steglitz - Teil 2/2,,146290.06,7106.4,20.5857
Feature,13.347988254176942,52.45451980397973,Grünanlage,Munsterdamm WG-1/2,Kolonie Rauhe Berge,36046.86,2929.39,12.3052
Feature,13.34931563299224,52.45464231185591,Grünanlage,Munsterdamm WG-2/2,Ostseite,5848.85,687.37,8.509
Feature,13.336053373075394,52.45876151410477,Grünanlage,Friedrichsruher Platz WG,,3582.7,386.96,9.2587
Feature,13.332005163117861,52.45713493677168,Grünanlage,Althoffplatz WG,,4689.75,389.55,12.039
Feature,13.35056060167737,52.45275274647011,Grünanlage,Jochen-Klepper-Park WG,Kottesteig bis Gurlittstraße,3676.44,413.19,8.8977
Feature,13.320400391537845,52.452763126495526,Grünanlage,Carmerplatz WG,,3897.76,435.24,8.9554
Feature,13.321352508804406,52.46130829773323,Grünanlage,Ahornplatz WG,,1031.05,118.13,8.7283
Feature,13.342184197045441,52.44899205638559,Grünanlage,Markusplatz WG,,5716.1,552.27,10.3502
Feature,13.15769972576377,52.41608672771908,Grünanlage,Wickenhagenweg WG,,660.8,115.46,5.7232
Feature,13.174626117470687,52.4193881231908,Grünanlage,Kleistgrab WG - Teil 2/2,Königstraße 70,10201.47,531.31,19.2006
Feature,13.212109211058618,52.43915050853787,Grünanlage,Altvaterstraße WG,,3293.43,363.64,9.0569
Feature,13.179424392212109,52.4196659748003,Grünanlage,Nibelungenstraße WG,,8043.7,586.26,13.7204
Feature,13.269494345661393,52.45070386700796,Grünanlage,Argentinische Allee WG,Ecke Clayallee,3816.92,310.97,12.2744
Feature,13.296812971392056,52.46339819975066,Grünanlage,Kaiser-Wilhelm-Platz WG,,19853.8,830.18,23.9151
Feature,13.248125044828896,52.44722319033053,Grünanlage,Wilskistraße WG,,7586.7,402.35,18.8559
Feature,13.244161935309373,52.43427942352454,Grünanlage,Gemeindewäldchen WG-2/2,Forststraße bis S-Bahn-Brücke,5236.96,516.11,10.1469
Feature,13.100162627698046,52.418533013137925,Grünanlage,Landschaftspark Glienicke N - Teil 1/2,,447579.99,8094.55,55.294
Feature,13.230524775492125,52.42398762125813,Grünanlage,Krummes Fenn N,,72773.0,3845.83,18.9226
Feature,13.2838673783448,52.45977073289039,Grünanlage,Im Gehege WG,Estrongo-Nachama-Platz,3233.66,408.6,7.9139
Feature,13.199998195683943,52.4244620562559,Grünanlage,Rehwiese N,,150221.45,3698.43,40.6176
Feature,13.200900628785027,52.42999035163606,Grünanlage,Lückhoffstraße WG,Ecke Kirchweg,1331.96,140.97,9.4483
Feature,13.263901496006117,52.45259144780301,Grünanlage,Stewardstraße WG,Ecke Am Waldfriedhof,7964.06,552.32,14.4192
Feature,13.272896940347984,52.44759148691023,Grünanlage,Dreipfuhlpark WG,Garystraße bis Schützallee,51873.72,3218.61,16.1168
Feature,13.209512960772228,52.43990483830378,Grünanlage,Paul-Ernst-Park (Westlicher Teil) N,,50093.4,2868.16,17.4654
Feature,13.16481565387621,52.43404195431636,Grünanlage,Flensburger Löwe WG,Zum Heckeshorn,2685.21,427.67,6.2787
Feature,13.303522571845413,52.46409897260073,Grünanlage,Am Erlenbusch WG,,24442.28,1056.78,23.129
Feature,13.28436399936638,52.465333578341294,Grünanlage,Finkenpark WG,,38791.03,1905.64,20.356
Feature,13.274956283835847,52.44983618561268,Grünanlage,Garystraße WG,Ecke Clayallee,6616.53,1267.97,5.2182
Feature,13.280976685569474,52.45407362326587,Grünanlage,Thielpark und Triestpark Teil 1/2,Auf dem Grat bis Löhleinstraße,69417.11,3374.31,20.5722
Feature,13.171816615201353,52.418819159618444,Grünanlage,Kleistgrab WG - Teil 1/2,Bismarckstraße,3891.61,296.75,13.114
Feature,13.209767153184394,52.42952313471336,Grünanlage,Jochen-Klepper-Weg WG - Teil 2/2,Von-Luck-Straße bis Wasgenstraße,11471.28,963.88,11.9012
Feature,13.291672380924588,52.465252928597614,Grünanlage,Messelpark WG,,42118.72,2078.5,20.264
Feature,13.273002448308418,52.45621106550572,Grünanlage,Clayallee WG,,22260.66,2779.19,8.0098
Feature,13.298956761259829,52.45748743084115,Grünanlage,Jürgen-Fuchs-Platz WG,Platz Ecke Königin-Luise-Straße,3116.95,238.38,13.0756
Feature,13.205371869217982,52.42873070196551,Grünanlage,Jochen-Klepper-Weg WG - Teil 1/2,Kirchweg bis Von-Luck-Straße,6720.4,661.76,10.1553
Feature,13.319129412944536,52.41106154108641,Grünanlage,Landweg WG,Durchgang zur Réaumurstraße,1054.82,215.51,4.8945
Feature,13.347358992416805,52.44707828615768,Grünanlage,Stephanstraße 20-22 WG,,2838.51,256.01,11.0875
Feature,13.321166896649332,52.43681395868961,Grünanlage,Krahmerstraße WG-2/2,Teltowkanal bis Ostpreußendamm,2028.37,663.71,3.0561
Feature,13.35548504536304,52.434674324875346,Grünanlage,Hospitalgraben WG,Malteserstraße bis Wedellstraße,7726.97,1089.92,7.0895
Feature,13.272924898288373,52.41261193099294,Grünanlage,Wupperstraße WG,östlich der Wupperstraße,16873.19,759.29,22.2223
Feature,13.249284642445659,52.411235085654226,Grünanlage,Grünzug am Buschgraben WG-1/3,Machnower Straße 109,32425.01,3510.44,9.2367
Feature,13.220294142546793,52.42554525526386,Grünanlage,Yehudi-Menuhin-Park WG,Am Rohrgarten/Wiesenschlag,29336.93,1482.72,19.7859
Feature,13.248286972996919,52.45486428443091,Grünanlage,Onkel-Toms-Hütte N,Onkel-Tom-Straße 172,19517.72,1020.68,19.1223
Feature,13.272454457856457,52.4113188758754,Grünanlage,Wupperstraße N,,1842.54,311.84,5.9086
Feature,13.279918037078835,52.43854411748509,Grünanlage,Mörchinger Straße WG,Berliner Str. 88 bis Dahl. u. Colm. Weg,10162.28,1382.96,7.3482
Feature,13.30532940492643,52.46154714268493,Grünanlage,Gustav-Mahler-Platz WG,,9591.32,541.33,17.7179
Feature,13.318132227242591,52.45734361961482,Grünanlage,Charkiw-Park,Rothenburgstraße / Grunewaldstraße,6601.96,563.96,11.7063
Feature,13.309421153392373,52.455598826667725,Grünanlage,Ruth-Andreas-Friedrich-Park WG,einschl. Zeunepromenade,14637.22,1992.91,7.3446
Feature,13.317342650005608,52.456525652812,Grünanlage,Matthäuskirche WG,Schloßstraße bis Rothenburgstraße,9433.83,1009.29,9.347
Feature,13.322171586586984,52.46353961808407,Grünanlage,Harry-Bresslau-Park WG,Treitschkestraße,11612.33,880.59,13.1869
Feature,13.339257041280534,52.46480053976325,Grünanlage,Knausplatz WG,Thorwaldsenstraße / Knausstraße,1512.25,179.25,8.4368
Feature,13.315962539622769,52.46497510342731,Grünanlage,Elisabeth-Bergner-Park WG,Schildhornstraße / Gritznerstraße.,6500.08,524.49,12.3931
Feature,13.312668582751417,52.46620432094649,Grünanlage,Schildhornstraße WG,,5902.93,735.44,8.0264
Feature,13.312914053427745,52.46508780274998,Grünanlage,Björnsonstraße WG,,682.49,163.71,4.1689
Feature,13.339019793098425,52.461169491400305,Grünanlage,Lauenburger Platz WG,Kniephofstraße 47,5081.36,738.11,6.8843
Feature,13.268352957469807,52.4101985673526,Grünanlage,"Laehr""scher Jagdweg WG (Rindenmulchweg)",Verbindungsweg zum Teltower Damm,2178.29,345.74,6.3004
Feature,13.170122331919117,52.42047885344416,Grünanlage,Königstraße 68 a-c N,Lebensretter,3936.49,293.73,13.4019
Feature,13.2515013089178,52.411364252698895,Grünanlage,Sachtlebenstraße WG,,8884.52,1591.48,5.5826
Feature,13.27835348934292,52.4335863981851,Grünanlage,Bolchener Straße WG,Armywiese,6667.82,376.13,17.7273
Feature,13.24436659927463,52.42363972923654,Grünanlage,Grünzug am Buschgraben WG-2/3,Ludwigsfelder Straße,8943.38,1119.62,7.9879
Feature,13.23295842529358,52.43776254771939,Grünanlage,Mexikoplatz WG,Bülowstraße bis Am Schlachtensee,2452.8,390.56,6.2803
Feature,13.263696226465212,52.41003117802558,Grünanlage,Ringelsteinweg WG,zu Kleinmachnower Weg u. Andreezeile,11348.47,846.96,13.399
Feature,13.213691270588876,52.430098550067925,Grünanlage,Wasgenstraße WG,Verbindung zur Tewsstr. und zur Kurstr.,8319.2,1212.37,6.8619
Feature,13.269993038143431,52.41800749080825,Grünanlage,Heinrich-Laehr-Park,einschl. Durchgang zur Jänickestraße,266169.56,3077.08,86.5007
Feature,13.23182672601757,52.431073513627084,Grünanlage,Potsdamer Chaussee WG - Teil 1/2,S-Bahnbrücke Zhdf bis Lindenthaler Allee,24792.35,2325.79,10.6597
Feature,13.262676046775454,52.454030090486796,Grünanlage,Am Hegewinkel WG,Ecke Am Waldfriedhof,3856.34,698.67,5.5195
Feature,13.210028014245374,52.42594910015024,Grünanlage,Potsdamer Chaussee WG - Teil 2/2,Lindenthaler Allee bis Am Waldhaus,37195.26,3422.13,10.869
Feature,13.254484278574017,52.406695798968144,Grünanlage,Teltowkanalwiesen N,östlich der Teltowwerft,12866.62,639.15,20.1308
Feature,13.175992400572166,52.42146377065477,Grünanlage,Dampferanlegestelle Wannsee N,Grünfläche am S-Bhf Wannsee,42307.07,1901.29,22.2518
Feature,13.256780016507168,52.44419736914652,Grünanlage,Fischtalpark WG,,88052.91,2962.31,29.7244
Feature,13.194765714594618,52.430854535304505,Grünanlage,Hohenzollernplatz WG,S-Bhf Nikolassee bis Alemannenstraße,3938.55,489.24,8.0504
Feature,13.27249992506324,52.4324268691557,Grünanlage,Echtermeyerstraße WG,,4409.87,586.97,7.5129
Feature,13.256770479206736,52.40937434246945,Grünanlage,Breitensteinweg WG,Verbindung zum Kleinmachnower Weg,18730.59,1791.21,10.4569
Feature,13.259744203491254,52.42454840890314,Grünanlage,Schweizerhof Park,,87936.59,1952.41,45.04
Feature,13.263079747071332,52.426699895209644,Grünanlage,Schönower Park,,57018.4,2161.9,26.3742
Feature,13.244917396082423,52.442994466236634,Grünanlage,Zinnowweg WG,Zinnowweg,9487.36,1104.55,8.5893
Feature,13.275678656930575,52.44031883409033,Grünanlage,Karl-Schmidt -Rottluff-Weg WG,Berliner Straße bis Schützallee,3571.81,561.94,6.3563
Feature,13.250725849685862,52.45326237441303,Grünanlage,Onkel-Tom-Straße WG,Platz Ecke Riemeisterstraße,1153.25,150.34,7.671
Feature,13.251760992678985,52.455331190189696,Grünanlage,Rodelbahn Onkel-Tom-Straße N,,44221.07,1267.01,34.9019
Feature,13.238282715580908,52.445482490536506,Grünanlage,Vierling WG,,25078.65,1133.98,22.1157
Feature,13.275547004921128,52.43454808684279,Grünanlage,Sundgauer Straße WG,Fuchsplatz,8359.67,691.54,12.0884
Feature,13.183392613912156,52.43125456207144,Grünanlage,Kronprinzessinnenweg 23 N,Uferstreifen,1831.87,396.76,4.617
Feature,13.200601227578742,52.42047075466135,Grünanlage,Von-der-Trenck-Straße 9 WG,Barnhelmstraße bis Von-der-Trenck-Straße,1218.65,210.37,5.793
Feature,13.271862378770475,52.435264238140796,Grünanlage,Kilstetter Straße WG,Hampsteadstraße bis Sundgauer Straße,10207.1,1087.9,9.3824
Feature,13.259390329961729,52.433661197622534,Grünanlage,Dorfaue Zehlendorf WG,Teltower Damm / Kirchstraße,4382.95,429.97,10.1937
Feature,13.24618302470532,52.43289559056498,Grünanlage,Paul-Mebes-Park WG,,20392.87,844.23,24.1556
Feature,13.257813312925775,52.421634173638054,Grünanlage,Sandmeyerplatz WG,,2671.94,203.02,13.1611
Feature,13.233039693926974,52.422191159253934,Grünanlage,Grünzug Düppel-Süd WG,Berlepschstraße bis Neuruppiner Straße,22561.91,3051.33,7.3941
Feature,13.24502399887288,52.44102164874242,Grünanlage,Sven-Hedin-Platz WG,,6546.3,342.28,19.1258
Feature,13.218987689441112,52.44263959298943,Grünanlage,Paul-Ernst-Park (Östlicher Teil) N,einschließlich Wolfsschlucht,108643.39,3453.33,31.4605
Feature,13.252185034463613,52.436127220144236,Grünanlage,Gemeindewäldchen WG-1/2,Onkel-Tom-Straße bis Forststraße,88549.59,2891.49,30.6243
Feature,13.238156647481485,52.43758897466097,Grünanlage,Marga-Meusel-Platz WG,Karl-Hofer-Straße 34,14651.84,568.58,25.7691
Feature,13.275021673872882,52.442657674592354,Grünanlage,Molsheimer Platz WG,Schützallee,3762.78,252.52,14.9012
Feature,13.244267613181805,52.4504722762796,Grünanlage,Krumme Lanke N-2/2,südlich Quermatenweg,93067.3,2181.39,42.6642
Feature,13.227325433448122,52.44136844774011,Grünanlage,Klopstockstraße WG,Platz,633.95,259.91,2.4391
Feature,13.285091718424395,52.44644738899271,Grünanlage,Corrensplatz WG,,7363.01,374.68,19.6515
Feature,13.284290460243986,52.44915810044822,Grünanlage,Thielpark und Triestpark Teil 2/2,Brümmerstraße bis Kaiserswerther Straße,38370.49,2148.0,17.8634
Feature,13.359932987775519,52.42361563985427,Grünanlage,Pappritz- / Wichurastraße WG-2/2,Preysingstraße bis Malteserstraße,23030.11,1297.83,17.7451
Feature,13.128456960865718,52.43459616212983,Grünanlage,Pfaueninsel,,620609.6,4577.73,135.5716
Feature,13.30562174738125,52.45429055649785,Grünanlage,Botanischer Garten,Unter den Eichen 5 - 10,432347.98,2830.61,152.7405
Feature,13.246899928931242,52.42757283545001,Grünanlage,Grünzug am Buschgraben WG-3/3,Hegauer Weg,2577.01,1278.84,2.0151
Feature,13.094473014830259,52.41475076003294,Grünanlage,Landschaftspark Glienicke,Pleasureground,73158.55,1219.6,59.9858
Feature,13.353463629140549,52.44939226715788,Grünanlage,Grabertstraße WG,Steglitzer Damm/Grabertstraße,671.95,109.84,6.1175
Feature,13.238653060807598,52.45213595027597,Grünanlage,Krumme Lanke N-1/2,nördlich Quermatenweg,279295.13,4415.11,63.2589
Feature,13.352263058725951,52.44501797822594,Grünanlage,Schünemannweg N,Schünemannweg 6A u.16A; Tuttlinger Weg,3886.58,483.7,8.0351
Feature,13.232117276857949,52.42306254351706,Grünanlage,Stammbahn N,Benschallee bis Schrockstraße,49248.42,4537.21,10.8543
Feature,13.299069107449233,52.45325261007798,Grünanlage,Limonenteich N,Altensteinstraße / Limonenstraße,4062.49,533.36,7.6167
Feature,13.237408529723567,52.443709942237994,Grünanlage,Waldsee N,,1281.71,609.81,2.1018
Feature,13.276109559858238,52.43666111410442,Grünanlage,Brettnacher Straße WG,an der S-Bahn,10059.45,1008.78,9.9719
Feature,13.36275834950817,52.43554556906053,Grünanlage,Döhlauer Pfad WG - Teil 2/2,Alt-Lankwitz bis Kamenzer Damm,3634.92,419.06,8.6741
Feature,13.295710627625477,52.45994499974443,Grünanlage,Edwin-Redslob-Straße WG,,2903.3,277.15,10.4756
Feature,13.354895079207472,52.41855270172056,Grünanlage,Tambacher Straße WG,,684.18,109.85,6.2285
Feature,13.334543185469508,52.41018308832002,Grünanlage,Achenseeweg WG,Silzerweg / Achenseeweg,676.07,101.78,6.6423
Feature,13.320003959312148,52.45405433799322,Grünanlage,Wolfensteindamm WG-1/2,nördlich des Bahngeländes,2478.92,267.68,9.2609
Feature,13.35535931758509,52.42300430213504,Grünanlage,Marchandstraße WG,Verbindung zur Kolonie Königsgraben,5964.2,754.55,7.9043
Feature,13.3615901154997,52.43278457520098,Grünanlage,Wedellstraße WG,Verbindung Halbauer Weg und Malteserstr.,10020.33,1950.55,5.1372
Feature,13.352965353192296,52.435761679977105,Grünanlage,Mühlenstraße (Stegl.) 32 WG,Malteser Straße / Mühlenstraße,2747.47,270.38,10.1615
Feature,13.357126805287146,52.43558960223406,Grünanlage,Lankegraben WG,Wedellstraße bis Alt Lankwitz,5190.46,846.85,6.1291
Feature,13.352545495428739,52.429835372987036,Grünanlage,Gemeindepark Lankwitz - Teil 2/2,,71619.79,3375.49,21.2176
Feature,13.34321265730384,52.417504100259976,Grünanlage,Apoldaer Straße WG,Hildburghauser Str. bis Trippsteinstr.,18868.66,1660.25,11.365
Feature,13.298202915882733,52.416413455587744,Grünanlage,Schilfluch- / Moorgraben WG,Weg von Wismarer Str. bis Ostpreußendamm,26284.48,3987.1,6.5924
Feature,13.341511314325233,52.434616496603624,Grünanlage,Dillgesstraße 11 WG,,5465.78,463.49,11.7928
Feature,13.346746947887114,52.43556729944298,Grünanlage,Dreifaltigkeitskirche WG,Paul-Schneider-Straße,4156.49,426.94,9.7356
Feature,13.354969343220432,52.43855802375111,Grünanlage,Dorfaue Alt-Lankwitz WG,,11735.5,1177.75,9.9643
Feature,13.36293309595203,52.437884036945796,Grünanlage,Döhlauer Pfad WG - Teil 1/2,Wunsiedeler Weg bis Alt-Lankwitz,11324.32,1151.15,9.8374
Feature,13.345483715307598,52.44038411664028,Grünanlage,Bernkastler Platz WG,,15681.73,1068.2,14.6805
Feature,13.342759554645525,52.43805329181114,Grünanlage,Rathaus Lankwitz WG,Leonorenstraße,15859.77,1422.8,11.1468
Feature,13.321604562757482,52.440023430504745,Grünanlage,Teltowkanalpromenade - Teil 1/3,Bäkepark bis Königsberger Straße,19595.33,3465.35,5.6546
Feature,13.306474034964923,52.42571312414976,Grünanlage,Teltowkanalpromenade - Teil 2/3,Königsberger Straße bis Prettauer Pfad,19782.52,3771.91,5.2447
Feature,13.303934018523902,52.41126557612656,Grünanlage,Ahlener Weg WG,Lippstädter Straße bis Ahlener Weg,7311.47,1063.05,6.8778
Feature,13.314440747053448,52.4366720277278,Grünanlage,Dorfaue Lichterfelde West WG,Hindenburgdamm,6915.56,941.02,7.349
Feature,13.319092412648558,52.438409255478035,Grünanlage,Schloßpark Lichterfelde N,Naturschutzgebiet,28721.15,800.67,35.8712
Feature,13.310696072947563,52.42376901072557,Grünanlage,Schwatlograben WG,Ostpreußendamm bis Barnackufer,11555.61,1011.36,11.4258
Feature,13.317774038744046,52.43941932269215,Grünanlage,Schloßpark Lichterfelde,,24115.81,1012.55,23.8169
Feature,13.307455346144657,52.442828886076036,Grünanlage,Augustaplatz WG,,7369.15,383.18,19.2314
Feature,13.355527906210275,52.44302746172914,Grünanlage,Maulbronner Ufer WG,Attilastraße 86,10047.37,1825.93,5.5026
Feature,13.358221258894375,52.448957250322515,Grünanlage,Georg-Von-Siemens-Park WG,,4463.72,457.54,9.7559
Feature,13.324195683554217,52.432599418865344,Grünanlage,Marienplatz WG,,13700.57,459.11,29.8416
Feature,13.319019649522867,52.435418387837004,Grünanlage,Eduard-Spranger-Promenade - Teil 2/2,Teltowkanalpark,54739.76,2616.93,20.9176
Feature,13.316663709848122,52.42900984269082,Grünanlage,Rathaus Lichterfelde Ost WG,Ostpreußendamm / Schillerstraße,6922.76,556.66,12.4362
Feature,13.322396388338962,52.44669894233445,Grünanlage,Bäkepark,,80230.14,5069.36,15.8265
Feature,13.328396383356438,52.424987673351346,Grünanlage,Oberhofer Platz WG,,6058.23,604.56,10.0208
Feature,13.318722277835413,52.45230620875615,Grünanlage,Wolfensteindamm WG-2/2,Wolfensteindamm 10; südl. des Bahngeländ,1353.58,305.35,4.4328
Feature,13.327556329292461,52.4086696530678,Grünanlage,Johann-Baptist-Gradl-Grünanlage WG,Blanckertzweg bis Stadtgrenze,80744.08,6106.09,13.2235
Feature,13.304363714042285,52.448984436444206,Grünanlage,Asternplatz WG,,2617.52,259.67,10.08
Feature,13.324083357275985,52.416476070114584,Grünanlage,Saaleckplatz WG,,1426.28,149.72,9.5264
Feature,13.33027174862612,52.41298202289943,Grünanlage,Lilienthal-Gedenkstätte WG - Teil 2/3,Schütte-Lanz-Str. bis Hildburghauser Str,50288.47,3722.55,13.5091
Feature,13.280114076012723,52.40812941510814,Grünanlage,Teltowkanalpromenade - Teil 3/3 WG,Prettauer Pfad bis Teltower Damm,31124.55,5966.64,5.2164
Feature,13.339355595327108,52.454058329094124,Grünanlage,Bismarckstraße 50 WG,Hünesteig / Bismarkstraße,2249.34,285.54,7.8776
Feature,13.317984515943728,52.413284134749425,Grünanlage,Osdorfer Straße N,Wasserrückhaltebecken,4137.76,766.31,5.3996
Feature,13.344901873785462,52.42245136522542,Grünanlage,Waltershauser Straße WG,incl. Weg an der Kolonie Lankwitz Zieten,21815.49,2818.1,7.7412
Feature,13.324790924702272,52.465316421567096,Grünanlage,Onkel-Emil-Park WG,Guthsmuthsstraße / Hackerstraße,4578.87,276.31,16.5717
Feature,13.340751305052647,52.42541689169159,Grünanlage,Dessauerstraße WG,Weg zur Kolonie Alt Lankwitz,1572.1,334.63,4.698
Feature,13.301677583467136,52.41720166990345,Grünanlage,Schilfluch- / Moorgraben N,Landschaftsschutzgebiet Lichterfelde,14591.46,552.03,26.4326
Feature,13.36317415676434,52.42876349232227,Grünanlage,Wichurastraße 82 WG,Felgentreustraße / Wichurastraße,680.71,105.83,6.4322
Feature,13.328442845672411,52.46142344227323,Grünanlage,Jochemplatz WG,,856.27,140.84,6.0798
Feature,13.316212200688973,52.45337877018512,Grünanlage,Am Bäkequell WG,,1079.61,133.4,8.093
Feature,13.360795891285452,52.426904470060336,Grünanlage,Pappritz- / Wichurastraße WG-1/2,Keffenbrinkweg bis Preysingstraße,19822.94,1837.52,10.7879
Feature,13.323490139124901,52.59052129845562,Grünanlage,Rathauspark,,17680.04,1332.39,13.2694
Feature,13.328174897663606,52.58817131033272,Grünanlage,Peter-Witte-Park,Oranienburger Str.-Eichborndamm,37455.35,1867.76,20.0537
Feature,13.324521057828983,52.59368072506124,Grünanlage,"Spießweg zur Dorfaue, Durchg. Altenheim",,2030.59,318.35,6.3785
Feature,13.329377594152838,52.595266820979276,Grünanlage,Volkspark Wittenau,HGP Pilotfläche,55345.08,1774.75,31.1846
Feature,13.337156014583021,52.58996559761496,Grünanlage,Roedernallee/Alt-Wittenau,,9263.11,633.92,14.6125
Feature,13.337309576635649,52.588119506270885,Grünanlage,Oranienburger Str. bis Fräsersteig (Grünzug),Wanderweg am Nordgraben,9515.14,2067.44,4.6024
Feature,13.324225932413139,52.59623200794515,Grünanlage,Hermsdorfer Str. 9-10,,27879.67,1345.88,20.7148
Feature,13.324247482018643,52.592601443994035,Grünanlage,"Alt-Wittenau, Dorfaue",,11988.0,1228.89,9.7552
Feature,13.242280580977402,52.61197751197077,Grünanlage,"Mümmelmannweg - Im Rehgrund, Wald",,12267.06,858.09,14.2958
Feature,13.36205553089367,52.59989604480895,Grünanlage,"Treuenbrietzener Str./Packereigraben, Grünanlage",,5142.23,1233.08,4.1702
Feature,13.346287948692485,52.59002678499342,Grünanlage,Schorfheidestr. - Dannenwalder Weg,,4320.43,658.86,6.5574
Feature,13.342846780790179,52.60639008662044,Grünanlage,Am Packereigraben,Wittenauer Str./Welzower Steig,5086.42,945.38,5.3803
Feature,13.356352570438107,52.603208659908034,Grünanlage,Mittelfeldbecken,,20639.38,2697.94,7.6501
Feature,13.349915099761585,52.60202058785887,Grünanlage,Seggeluchbecken,Grünzug Seggeluchbecken-Senftenberger Ri,37499.28,5799.06,6.4664
Feature,13.354663137507655,52.59994010676557,Grünanlage,Senftenberger Ring/Packereigraben (Dorfplatz),,2417.03,566.03,4.2702
Feature,13.298739951504894,52.597708012860586,Grünanlage,Waidmannsluster Damm 52-54 (Durchgang),Am Schwedenhaus,1537.72,281.68,5.4591
Feature,13.309428471895192,52.59885218710643,Grünanlage,Steinbergpark,,294237.24,5071.57,58.017
Feature,13.31287870330923,52.606124451189466,Grünanlage,"Dianaplatz, Grünanlage",,4714.07,615.28,7.6616
Feature,13.31283580797486,52.589894833793636,Grünanlage,Eichborndamm-Gorkistr.,Wanderweg am Nordgraben,34634.36,4173.61,8.2984
Feature,13.327117632931209,52.600385696196135,Grünanlage,"Cyclopstr., Grünanlage",Hermsdorfer Str.-Göschenstr.,4800.29,1326.16,3.6197
Feature,13.31765966197029,52.592922348824224,Grünanlage,Triftpark,,42881.64,1051.17,40.794
Feature,13.354842132217488,52.5911808853933,Grünanlage,"Tramper Weg, Grünanlage am Wanderweg (neben Nordgraben)",,10307.14,1972.89,5.2244
Feature,13.329834232792342,52.604450731408825,Grünanlage,"Herrenholzbecken, von B 96 - Wittenauer Str. 123",Wanderwege u. Grünanlage,32239.14,4174.95,7.722
Feature,13.343753312174295,52.60118984106829,Grünanlage,Finsterwalderstr. 62-28 ggü - Grünzug,,3682.04,1181.07,3.1175
Feature,13.316843276115838,52.596833694553254,Grünanlage,"Rosentreterpromenade, Wanderweg bis Hermsdorfer Str.",,4296.74,1338.94,3.2091
Feature,13.320758256565542,52.60596604890628,Grünanlage,"Jean-Jaures-Str., Grünanlage",,2356.66,412.43,5.714
Feature,13.310083702998314,52.60394184559335,Grünanlage,Waidmannsluster Damm/Dianastr.,ehem. Antony-Platz,1798.92,227.95,7.8919
Feature,13.220059179973635,52.594839553852324,Grünanlage,Uferwanderweg Oberhavel,,30839.68,7469.8,4.1286
Feature,13.269705476765589,52.62895055009314,Grünanlage,"Artuswall/Olwenstr., R.A.B.",Artuspfuhl,2492.92,405.92,6.1415
Feature,13.270850059635245,52.63156601943918,Grünanlage,Maximiliankorso/Sigismundkorso,,2798.75,247.29,11.3178
Feature,13.298816466256643,52.63171401780025,Grünanlage,Fürstendamm 57-58,Fürstenteich,1850.62,348.64,5.308
Feature,13.279668430985417,52.629812600228746,Grünanlage,Donnersmarckplatz,,5035.51,304.31,16.5473
Feature,13.294634883576787,52.62973240570613,Grünanlage,Burgfrauenstr./Im Fischgrund,,746.49,113.71,6.5649
Feature,13.298636279271735,52.63871727701096,Grünanlage,Konzer Platz,,3385.39,236.05,14.3419
Feature,13.275261775364081,52.627421972517475,Grünanlage,"Karmeliter Weg/Donnersmarckallee, R.A.B.",,2405.24,270.44,8.8937
Feature,13.301722655925943,52.62916437342527,Grünanlage,"Im Fischgrund, ""Rosenanger""",Rosenanger,16991.52,598.04,28.4122
Feature,13.290890095371124,52.633697303579034,Grünanlage,Zeltinger Platz,,7921.0,366.54,21.6102
Feature,13.30601982171543,52.63045151195043,Grünanlage,Langohrzeile/Im Fischgrund,,985.93,122.65,8.0387
Feature,13.304808086712574,52.636965031451915,Grünanlage,Joseph Brix u. Felix Genzmer Park,(ehem. Edelhofdamm),3080.03,339.33,9.0769
Feature,13.294394803755443,52.63293969402778,Grünanlage,"Fürstendamm/Dinkelsbühler Steig, R.A.B.",,2050.39,337.88,6.0684
Feature,13.299197734106132,52.635232434392094,Grünanlage,"Edelhofdamm, R.A.B.",Edelteich,23906.18,1444.35,16.5516
Feature,13.285996119601691,52.628502038103655,Grünanlage,"Karmeliterweg 23/25 - Welfenallee, R.A.B.",Welfenteich,4876.38,442.56,11.0187
Feature,13.288000356036983,52.632450392300385,Grünanlage,Ludolfingerplatz,,5403.13,326.85,16.5309
Feature,13.27404391045726,52.587555200560615,Grünanlage,Greenwichpromenade üblich,,32779.48,2716.35,12.0675
Feature,13.336078457165067,52.61681688153501,Grünanlage,Am Ziegeleisee/Lehmgrubenteich,,6924.24,1262.99,5.4824
Feature,13.288012844819312,52.644070254887446,Grünanlage,Poloplatz,,35106.96,2853.88,12.3015
Feature,13.318429734534357,52.56966082188838,Grünanlage,Rosengarten,,5498.23,696.8,7.8907
Feature,13.282468051590934,52.63544636168718,Grünanlage,"Nibelungenstr./Im Amseltal, R.A.B.",Amselteich,2851.15,396.48,7.1912
Feature,13.28169730727889,52.64062972722646,Grünanlage,"Neubrücker Str. 7, R.A.B.",Neubrückerteich,1404.63,235.23,5.9712
Feature,13.289348351306948,52.639911156231,Grünanlage,Ludwig-Lesser-Park,,60180.02,1662.84,36.1912
Feature,13.293090020498093,52.62913944693991,Grünanlage,Kreuzritterstr./Kasinoweg,,850.16,129.04,6.5885
Feature,13.272755732614561,52.635012038125524,Grünanlage,"Laurinsteig zw. Nr. 28 u. 30, R.A.B",Laurinteich,882.54,254.98,3.4613
Feature,13.303268765476783,52.63402396261647,Grünanlage,Enkircher Str./Rüdesheimer Str.,,651.86,127.47,5.1139
Feature,13.29855608663092,52.64012677415917,Grünanlage,"Mehringer Str./Zeltinger Str., R.A.B.",Mehringteich,2149.76,310.46,6.9244
Feature,13.274026400755014,52.63898136994717,Grünanlage,"Neubrücker Str. zw. Nr. 53 u. 57, R.A.B.",Neubrandteich,2681.1,488.79,5.4852
Feature,13.28998882108628,52.63766839220418,Grünanlage,"Wiltinger Str., Denkmal",,2071.47,191.05,10.8428
Feature,13.308101774881008,52.63297582844592,Grünanlage,Zerndorfer Höhe,,61877.96,2388.51,25.9065
Feature,13.265152373908624,52.636816477749306,Grünanlage,"Neubrücker Str./Am Eichenhain, R.A.B.",Eichenpfuhl,3369.88,372.29,9.0517
Feature,13.30187813970089,52.64063003751863,Grünanlage,Remstaler Str./Gutshofstr.,,1122.18,194.83,5.7596
Feature,13.237567850499193,52.62047345207919,Grünanlage,"Ruppiner Chaussee, Grünanlage",,27441.22,3416.31,8.0324
Feature,13.32360393124213,52.56564991492674,Grünanlage,Berenhorstbecken,,2282.01,223.28,10.2205
Feature,13.323776673017568,52.5706022527315,Grünanlage,Auguste-Viktoria-Allee 17 - Grünanlage,Segenskirche,3811.74,667.55,5.7101
Feature,13.370402190034946,52.61054082470432,Grünanlage,Freizeitpark Lübars,,427283.49,5257.69,81.2684
Feature,13.30962943692251,52.571207522904295,Grünanlage,Fasanenpromenade,,11310.92,2053.28,5.5087
Feature,13.369702614683835,52.59878076893873,Grünanlage,"Wilhelmsruher Damm - Quickborner Str., hinter Kol. Fechner",Wanderweg zur Quickborner Str.,1657.06,710.94,2.3308
Feature,13.344695695175375,52.61754503500505,Grünanlage,Deilingeweg,ehem. Erholungsanlage,1223.5,206.42,5.9273
Feature,13.313063617907101,52.60116515647467,Grünanlage,Avenue Charles de Gaulle 32-33,hinter Nimrodstr. u. am Packereigraben,8738.2,1351.52,6.4655
Feature,13.27440483144707,52.5798059787185,Grünanlage,"Borsigdamm, am Tegeler See",,36848.13,1865.95,19.7476
Feature,13.263626416763163,52.575826565,Grünanlage,Uferweg Neheimer Straße,ehem. Tiefbrunnenstrecke,16965.73,3461.64,4.9011
Feature,13.331250548191825,52.57669732178939,Grünanlage,Reinickes Hof,,941.37,130.89,7.1922
Feature,13.335553301391437,52.61247512605768,Grünanlage,Zabel-Krüger-Damm 69/71,,12943.15,653.6,19.8029
Feature,13.31281698020291,52.59829073996892,Grünanlage,Steinbergpark Hundeplatz - am Packereigraben,Am Packereigraben,860.78,117.36,7.3346
Feature,13.37543068928894,52.56939602631438,Grünanlage,Hausotterplatz,,2080.58,161.75,12.863
Feature,13.360385359318672,52.60718254617378,Grünanlage,Wanderweg Bruchstücken/neben Quickborner Str. 105,,3939.19,772.54,5.099
Feature,13.365831932849263,52.572887702800806,Grünanlage,Armbrustweg 2-9,,2652.85,346.37,7.659
Feature,13.24325983183062,52.60588880517008,Grünanlage,Im Erpelgrund - Grünanlage,,38591.77,1840.71,20.9657
Feature,13.229399327750018,52.61200380597597,Grünanlage,"Am Dachsbau/Schulzendorfer Str., - Vogelschutzgebiet",,32139.7,1232.95,26.0672
Feature,13.210175574023634,52.60255896024667,Grünanlage,"Alt-Heiligensee 111, Aussichtsplattform",,1665.03,327.62,5.0821
Feature,13.295284750649854,52.59020071114164,Grünanlage,"Marzahnstr., Straßenentwidmung (bis Oeserstr.)",,662.64,109.63,6.0444
Feature,13.302904232647867,52.643234227510966,Grünanlage,"Schönfließer Str./Oranienburger Chaussee, R.A.B.",,9859.5,606.57,16.2544
Feature,13.362689174238684,52.57565976376788,Grünanlage,Klemkepark,,41674.53,2390.47,17.4336
Feature,13.27976175002728,52.59246543429146,Grünanlage,Karolinenstr. 18,Medical-Park,12066.92,691.53,17.4496
Feature,13.341525000233164,52.57255996131913,Grünanlage,Humboldtstr./Brusebergstr.,,4019.52,311.23,12.915
Feature,13.341250991548495,52.57725308315336,Grünanlage,Kienhorstpark,,116977.02,7471.55,15.6563
Feature,13.282199593830008,52.59264825998626,Grünanlage,"Karolinenstr. 19 ggü, Durchgang Schloßstr.",,2361.56,301.84,7.8238
Feature,13.291386320417205,52.586753415531646,Grünanlage,"BAB, Überbauung Tunnel Tegel",Ernststr. - Waidmannsluster Damm,29894.59,3736.51,8.0007
Feature,13.276552977540593,52.587885053104884,Grünanlage,"Alt-Tegel, Dorfaue",,3676.25,566.08,6.4942
Feature,13.284004607870154,52.59412844364772,Grünanlage,"Waidmannsluster D./Buddestr.,Grünanlage",,8902.22,603.49,14.7513
Feature,13.267565787475071,52.59291018161134,Grünanlage,Freizeitpark Tegel,,34442.33,1981.35,17.3833
Feature,13.297509799480816,52.59550612587032,Grünanlage,"Ziekowstr.-Steinbergpark, Fuß-u. Radweg an KG",,6459.19,1573.62,4.1047
Feature,13.29547503366701,52.59297660248526,Grünanlage,"Marzahnstr./Hatzfeldtallee, Grünanlage",Durchgang Bollestr.,1261.75,314.73,4.0091
Feature,13.367677589623744,52.56530263212267,Grünanlage,"Simmelstr., Durchg. Pankower Allee",,1412.46,345.77,4.085
Feature,13.381306012741927,52.571079920765456,Grünanlage,Provinzstr. - Koloniestr.,inkl. Bahnhofplatz,3186.5,820.03,3.8858
Feature,13.365570805786247,52.57331141164696,Grünanlage,Breitkopfbecken,,14843.44,1449.89,10.2377
Feature,13.296909814414336,52.59486283164933,Grünanlage,"Nordgraben, Gorkistr.-Ziekowstr.",Grünanlage,4773.87,930.33,5.1314
Feature,13.278013576509476,52.590515769492924,Grünanlage,"Tegeler Hafen, Uferpromenade",,8637.58,1374.16,6.2857
Feature,13.342048673264522,52.57406349905196,Grünanlage,Kuhnpromenade u. Lindauer Allee 59/61,,3121.97,472.08,6.6133
Feature,13.269117144550593,52.592309595386844,Grünanlage,Wanderweg an der Malche,,25379.3,2606.39,9.7373
Feature,13.305568996824798,52.60428739390374,Grünanlage,"Fließtal, Karolinenstr.-Oraniendamm",,284364.84,10699.5,26.5774
Feature,13.300715128326352,52.5490441764208,Grünanlage,"Hohenzollernkanal, Hinckeldeybrücke",,1997.81,242.81,8.2279
Feature,13.333395126429698,52.58161345449924,Grünanlage,Oranienburger Str./ Rathauspromenade,,2333.54,228.32,10.2205
Feature,13.300560956632552,52.59187709790829,Grünanlage,"Gorkistr./Basdorfer Zeile,Grünanlage",,2727.14,257.76,10.5802
Feature,13.21288763216842,52.608185179602344,Grünanlage,"Alt-Heiligensee, Dorfaue",,27023.57,2891.4,9.3462
Feature,13.32307461401812,52.573041954811615,Grünanlage,Lienemannstr. (Sackgasse),,875.54,118.68,7.3776
Feature,13.282350640759114,52.55022692853763,Grünanlage,"Vor den Toren I, Mecklenburgweg/Im Winkel",,31361.83,1025.45,30.5833
Feature,13.308196030982778,52.57520823058219,Grünanlage,"Wackerweg, Kolonie",,811.38,150.06,5.4069
Feature,13.225954290073721,52.60800330995665,Grünanlage,"Grabens. Hlgs., Wiesengraben",,12198.76,1321.02,9.2344
Feature,13.221921124016466,52.621676368795285,Grünanlage,"Grabens. Hlgs., Weidengraben",,3738.18,712.57,5.2461
Feature,13.230828708813794,52.620893772971776,Grünanlage,"Grabens. Hlgs., Lindengraben",,12491.0,2636.77,4.7372
Feature,13.360785440564326,52.56325167313283,Grünanlage,Schäferseepark,,57048.96,3993.26,14.2863
Feature,13.357967680675674,52.56689005462007,Grünanlage,"Deutsche Str., Grünzug bis Stargardtstr.",,7032.08,708.26,9.9287
Feature,13.357541008522485,52.568830806320406,Grünanlage,Steinhövelplatz,"Emmentaler Str.,Grünanlage",6858.67,575.45,11.9188
Feature,13.35203264988335,52.574273125817534,Grünanlage,"Alt-Reinickendorf, Durchgang Lindauer Allee",,6552.26,604.84,10.8331
Feature,13.348152463819027,52.57528827562299,Grünanlage,"Roedernallee, Alt-Rdf.-Lindauer Allee",,3012.12,338.19,8.9066
Feature,13.349053571113972,52.57708577942758,Grünanlage,"Bahnhofspark, S-Bhf. Alt-Reinickendorf",,23994.58,974.36,24.6261
Feature,13.229308980899267,52.60425599182844,Grünanlage,"Bumpfuhl, ND",,55948.12,1430.07,39.1226
Feature,13.34654528283676,52.56632814503251,Grünanlage,Verlängerte Teichstraße,,10278.92,1795.4,5.7252
Feature,13.228491297580911,52.61383830873916,Grünanlage,"Grabens. Hlgs., Haselgraben",,12178.66,2765.81,4.4033
Feature,13.221945684120168,52.610306725629805,Grünanlage,"Grabens. Hlgs., Eschengraben",,36976.33,3853.67,9.5951
Feature,13.220563500066943,52.620773830776706,Grünanlage,"Nieder-Neuendorfer See, Uferstr.",,5782.15,1232.01,4.6933
Feature,13.217845662954021,52.60927488995189,Grünanlage,LSG nördl. des Heiligensees,,57613.83,1132.39,50.8782
Feature,13.231448434989044,52.616922762727405,Grünanlage,"Grabens. Hlgs., Birkengraben",,10382.64,2438.79,4.2573
Feature,13.22124265592709,52.614913937568154,Grünanlage,"Grabens. Hlgs., Erlengraben",,29707.08,5696.0,5.2154
Feature,13.34165403366886,52.568367027643724,Grünanlage,"Brusebergstr., Grünzug  zur Gotthardstr.",,16499.52,1439.99,11.4581
Feature,13.344461558711528,52.58499425598442,Grünanlage,"Peckwischgraben, Wanderweg",,24834.17,5401.85,4.5973
Feature,13.351779071220006,52.57511495579403,Grünanlage,"Alt-Reinickendorf, Dorfaue",,3343.28,557.1,6.0013
Feature,13.327129428071327,52.62096227185321,Grünanlage,"Fließtal, Titusweg-Veltheimstr.",nördl. d. Fließgew. einschl. Hermsd.See,731448.39,21944.58,33.3316
Feature,13.32318094609185,52.61624421181658,Grünanlage,"Seebadstr. 36a, ehem. Tongruben",,2279.64,339.36,6.7174
Feature,13.312434539938133,52.61189803703205,Grünanlage,"Brandtstr., Innenkreis",Naturdenkmal,1199.81,415.18,2.8899
Feature,13.32790359199486,52.61142186496217,Grünanlage,"Zehntwerder Weg/Benekendorffstr., Durchgangsweg",Benekendorfstr.-Tiefenbronner Str.,1613.55,257.03,6.2776
Feature,13.310380100758424,52.61733361713676,Grünanlage,Schloßstr. 33/37 - Wachsmuthstr.,Apostel-P.-Kirche,4942.69,307.85,16.0556
Feature,13.304365005508664,52.62209660983972,Grünanlage,"Hohefeldstr. 16-18, R.A.B.",,2349.13,374.03,6.2807
Feature,13.298091321544227,52.616461007611335,Grünanlage,Heidenheimerstr. (Sackgasse),an der Carl-Benz-Oberschule,2914.34,464.51,6.2741
Feature,13.318506582242795,52.62400514582078,Grünanlage,Waldseepark,,27977.59,2341.97,11.9462
Feature,13.333764314825398,52.61225714765177,Grünanlage,Albtalpark (NSG),,11454.42,998.46,11.4721
Feature,13.295475640560747,52.61747325619429,Grünanlage,"Heidenheimer Str. (ab Friedrichsthaler Weg), Wanderweg am Wald",,3012.0,384.87,7.826
Feature,13.32063381483383,52.614618684856396,Grünanlage,"Alt-Hermsdorf, Dorfaue",,6555.46,1011.8,6.479
Feature,13.289990545353614,52.59612418501836,Grünanlage,"Friedhof Am Fließtal, Entwidmungsfläche",Ausgliederung Friedhof,2421.87,199.72,12.1263
Feature,13.217274528319273,52.59773299421966,Grünanlage,"Friedhof Heiligensee, Entwidmungsfläche",Ausgliederung Friedhof,33829.14,2491.65,13.577
Feature,13.230877093294925,52.57073982578294,Grünanlage,Almazeile/Beatestraße,,1113.12,207.91,5.3539
Feature,13.352917759867166,52.61417527117994,Grünanlage,Wittenauer Str. 214 (Klötzgraben),Ecke Am Klötzgraben 16587,6583.4,590.6,11.1469
Feature,13.353989859292948,52.616302334583736,Grünanlage,Quickborner Str. 205,Erholungsfläche,1041.29,198.09,5.2566
Feature,13.352812460194624,52.6115582603057,Grünanlage,Wittenauer Str./Alter Bernauer Heerweg,Ecke Alter Bernauer Heerweg,6155.53,365.3,16.8505
Feature,13.278404147657847,52.63722921646077,Grünanlage,"Stolzingstr., R.A.B.","Nibelungenteich, Stolzingteich",6003.86,1097.55,5.4702
Feature,13.303504047230762,52.59469728099102,Grünanlage,"Gorkistr./Nordgraben, Wanderweg an KG Steinberg",,20809.81,3049.07,6.825
Feature,13.277589406041297,52.552318529511275,Grünanlage,"Alter Wiesenweg, Erholungsfläche",KG Am Wasserbunker,4699.62,894.56,5.2536
Feature,13.335919195493553,52.60690651377975,Grünanlage,"Schluchseestr. 56, Erholungsfläche",vor KG Steintal,806.68,195.38,4.1287
Feature,13.344091101685517,52.62066698048892,Grünanlage,"Deilingeweg 3-5, 8 u. 10, Zehntwerderweg 210",ehem. Kleingartenfläche,13497.66,1379.02,9.7879
Feature,13.32269989611459,52.56126611114963,Grünanlage,Kurt-Schumacher-Damm 42,,7675.79,726.94,10.559
Feature,13.335543424811137,52.58556153313688,Grünanlage,Kirschblütenplatz,Durchgang Oranienburger Str.,1075.26,181.98,5.9087
Feature,13.222070320936114,52.59795108342313,Grünanlage,"Sandhauser Str., hinter Friedhof",entwidmete Friedhofsfläche,20579.26,655.14,31.4122
Feature,13.270804342404723,52.55074730049696,Grünanlage,"Mäckeritzwiesen, Vor den Toren IV",Grünanlage,33485.85,3358.97,9.9691
Feature,13.351747063400001,52.57102385557833,Grünanlage,Thurgauer Str./Aroser Allee (außen),Grünanlage,3610.4,831.31,4.343
Feature,13.365059736703742,52.56327012400431,Grünanlage,Franz-Neumann-Platz,,3509.59,265.6,13.2138
Feature,13.320490349648688,52.57617424350897,Grünanlage,"Waldstr., Grünzug",,11005.24,1990.89,5.5278
Feature,13.228472520814192,52.57600152313488,Grünanlage,Gerlindeweg/Friederikestr.,,1404.31,169.93,8.264
Feature,13.242696755792979,52.60242859173935,Grünanlage,"Grabens. Hlgs., Grimbartgraben",,15558.9,2254.77,6.9004
Feature,13.227385804712807,52.5853415964887,Grünanlage,Falkenplatz,,5998.5,715.39,8.385
Feature,13.220982566856474,52.57955078436897,Grünanlage,Buntspechtstr./Nußhäherstr.,,7271.43,485.43,14.9793
Feature,13.340978015867544,52.56567345109938,Grünanlage,Septimerbecken (Winterthurstr.-Scharnweberstr.),,23322.67,3829.76,6.0899
Feature,13.270629090500153,52.5920280691295,Grünanlage,Campestr./Holwedestr.,,848.66,116.18,7.305
Feature,13.289286166162524,52.57296903288444,Grünanlage,Kolonie Am Wanderweg/JVA - Finnentroper Weg 38 A,,10225.42,1878.21,5.4442
Feature,13.310250247278443,52.58755166577298,Grünanlage,Verlängerte Ernststraße,,3805.83,1085.82,3.505
Feature,13.286597458288153,52.57752194268932,Grünanlage,Sterkrader Str. (hinter Havelmüller-GS),,5004.42,558.71,8.9571
Feature,13.281037083445547,52.566357212224446,Grünanlage,Flughafensee,,247554.09,7676.94,32.2465
Feature,13.297894222804516,52.59069439425502,Grünanlage,"Bollestr., Oeserstr.-Borsigaue",,3248.07,397.43,8.1726
Feature,13.294285920835097,52.57569801024363,Grünanlage,Bernhard-Lichtenberg-Platz,Bernauerstr./Seidelstr.,2683.32,373.47,7.1849
Feature,13.295732906664897,52.58902225585042,Grünanlage,Breitachzeile,,666.25,110.51,6.0286
Feature,13.296536564101773,52.549060053639316,Grünanlage,Wanderweg am Hohenzollernkanal,Bernauer Str.-General-Ganeval-Brücke,7812.49,5570.77,1.4024
Feature,13.299469460027176,52.58942632999919,Grünanlage,Borsigaue,,9477.67,1419.24,6.678
Feature,13.304147555186299,52.58989058261229,Grünanlage,Borsigwalder Weg/Miraustr.-Am Nordgraben (Wanderweg),,8186.31,864.04,9.4744
Feature,13.28980925476787,52.58314844183695,Grünanlage,"Berliner Str. 71, Anlage Borsigdenkmal",,13269.12,1257.13,10.5551
Feature,13.334614802239901,52.62060220588533,Grünanlage,"Fließtal, Freibad-Bez.-Grenze",,179323.57,12791.79,14.0186
Feature,13.35183525884782,52.61245954905589,Grünanlage,"Am Wiesenende 7 - 37 A (Klötzgraben), Grabenbiotop",,1456.81,300.67,4.8452
Feature,13.348149040980942,52.60923604900355,Grünanlage,"Wittenauer Str. 161+151 ggü., südl. AEG-Siedlung",,3882.76,330.05,11.7642
Feature,13.346480785089058,52.61012751889191,Grünanlage,Klötzbecken bis Zabel-Krüger-Damm,einschl. Klötzbecken,52213.5,4039.83,12.9247
Feature,13.16880626312761,52.51264551662764,Grünanlage,Weinmeisterhornweg-Straße 467,zw. HausNr. 114 und 120,2593.94,245.55,10.5637
Feature,13.172510882762795,52.515872797078586,Grünanlage,Langes Becken,Rückhaltebecken Heerstr-Fahremundstr,17983.92,1124.09,15.9986
Feature,13.133744202340221,52.45826367550401,Grünanlage,Unkenpfuhl-Grünanlage,,86764.44,2196.07,39.5089
Feature,13.179729504070893,52.523079902865355,Grünanlage,Egelpfuhlwiesen-Grünzug,Alloisius Weg und Orchideenwiese,59165.75,2918.65,20.2716
Feature,13.19339088731362,52.51985924690045,Grünanlage,Földerichplatz,Földerichplatz,3896.52,686.29,5.6777
Feature,13.204456316997389,52.52254302712615,Grünanlage,Burgwall-Tankerhafen,Schulenburgbrücke bis Betckestr.,7532.52,687.78,10.9519
Feature,13.205615936338765,52.53041127860496,Grünanlage,Ruhlebener Str-Grunewaldstraße-GA,an der Ernst-Ludwig-Heim GS,8977.22,775.9,11.5701
Feature,13.162827212614635,52.53734713974282,Grünanlage,Straße 357 am Neustaakener Graben,zw Fernbahn und Staakener Straße,2268.42,316.44,7.1685
Feature,13.183730370608021,52.49491352365282,Grünanlage,Rothenbücherweg-Dr. Kleusberg-Promenade,Liegewiese Plessches Gelände,70209.47,2720.53,25.8073
Feature,13.228015006027922,52.54679617718691,Grünanlage,Pulvermühlenweg- Grünanlage,,6258.85,648.74,9.6477
Feature,13.203686517379394,52.53242764917283,Grünanlage,Stresow-Plantage,Grunewaldstraße,868.55,155.31,5.5925
Feature,13.203385421201034,52.530412168826956,Grünanlage,Burgwallschanze,Histor. Teil der Stresowbefestigung,12827.33,1181.83,10.8538
Feature,13.213860838690191,52.524810382196804,Grünanlage,Freiheitswiesen,Bereich Tiefwerder Wiesen,107890.61,3687.65,29.2573
Feature,13.197738258099944,52.529053662709735,Grünanlage,Burgwall-GA,Ziegelhof bis Spandauer Burgwall,6012.2,1311.78,4.5832
Feature,13.18289002357456,52.476563287814855,Grünanlage,Havelmathen sog. Lechnersches Gelände,,73074.37,4407.71,16.5788
Feature,13.207536001077766,52.528380407535536,Grünanlage,Ruhlebener Str Ecke Tiefwerderweg,,1349.28,258.03,5.2291
Feature,13.17657406179395,52.484613217325766,Grünanlage,Windmühlenberg mit Bockwindmühle,An den Berggärten,20849.55,1462.41,14.2569
Feature,13.185844000844728,52.48378259741751,Grünanlage,Kleine Badewiese- Alt Gatow GA,Beutelscher Hof-Am Wiesenhaus,16548.75,1570.16,10.5395
Feature,13.14220713942858,52.489641981065056,Grünanlage,Straße 269-Fläche H 30 a,Potsdamer Chaussee,5000.68,380.62,13.1382
Feature,13.20643480484132,52.53999808441512,Grünanlage,Hoher Steinweg-Alte Stadtmauer,Kolk-ehem. Kräutergarten,777.95,137.94,5.6398
Feature,13.171055911945723,52.52542413539521,Grünanlage,Jonny K.- Aktivpark,zw KGA-Egelpfuhlwiesen I u III-Carlo-Schmid-OS,77138.74,2457.08,31.3945
Feature,13.15001460913011,52.51816831952965,Grünanlage,Hahneberg-GA Wege und Plateau,incl. Bruno-H.-Bürgel Sternwarte,36408.71,15144.82,2.404
Feature,13.14765081550324,52.45389339271125,Grünanlage,Runeberg,Alte Kiesgrube,20932.21,1139.88,18.3636
Feature,13.186008096696018,52.50725726955137,Grünanlage,Küfersteig Ecke Keltererweg,,5235.56,488.0,10.7287
Feature,13.173164762048602,52.53092319254194,Grünanlage,Bullengrabengrünzug II,Päwesiner Weg bis Egelpfuhlstr,34428.92,1517.76,22.6841
Feature,13.235492047629688,52.55758347871873,Grünanlage,Rohrbruchwiesen-GA sog Liegewiese,am Hohenzollernkanal,22456.26,1033.84,21.7212
Feature,13.118927280238147,52.47161006798723,Grünanlage,Groß-Glienicker See-GA sog Pferdekoppel,Badestelle,24129.67,1175.43,20.5283
Feature,13.23509346559784,52.54952016230167,Grünanlage,Rhenaniastraße-Biotop,,33962.92,919.2,36.9483
Feature,13.133233702403603,52.44893498366396,Grünanlage,Temmeweg-Contessaweg,Sakrower Kirchweg,4206.45,669.33,6.2845
Feature,13.171757876097507,52.50851102686711,Grünanlage,Wilhelmstraße bis GS am Weinmeisterhorn,südl Daberkowstr parallel BWB-Flächen,1920.01,711.78,2.6975
Feature,13.26995910377452,52.53801634104241,Grünanlage,Jugendplatz,,1517.3,177.76,8.5355
Feature,13.128621777957619,52.45121445994449,Grünanlage,Gößweinsteiner Gang,,6520.53,912.69,7.1443
Feature,13.213749164025726,52.52050450067827,Grünanlage,Tiefwerder-Margareteninsel,Bereich Fauler See,89519.32,4220.85,21.2089
Feature,13.209880900990932,52.5400080580234,Grünanlage,Zitadelle I-westl Glacis Wladimir-Gall-Weg,Zitadellen-Vorgelände-Umfeld,30182.98,2394.84,12.6033
Feature,13.167117818061639,52.48916539527501,Grünanlage,Triftweg,ab Straße 265 bis Groß-Glienicker Weg,12132.88,2604.86,4.6578
Feature,13.139180195658426,52.532030814569175,Grünanlage,Bullengrabengrünzug V,Brunsbütteler Damm ab Nennhauser Damm bis Phillipp-Gerlach-Weg,20373.86,1075.12,18.9504
Feature,13.131896817660271,52.54486633072553,Grünanlage,Heidelakegraben-Grünzug,Finkenkruger Weg bis Stadtgrenze,9784.65,2311.2,4.2336
Feature,13.151268435736526,52.450751349239866,Grünanlage,Imchen-Insel,,15310.48,504.64,30.3395
Feature,13.19091245713048,52.523975244679065,Grünanlage,Wilhelmstraße-Grünfläche,angrenzend Stadion Wilhelmstraße u Bertholdt-BrechtOS,2425.52,674.12,3.598
Feature,13.147873943675743,52.54354946087311,Grünanlage,Heidelake-Ungewitterweg,,24506.82,1894.62,12.935
Feature,13.151613855569842,52.45506427143917,Grünanlage,Imchenallee-Sibeliusweg-Grünfläche,ehem. Golfplatz,77015.87,1437.21,53.587
Feature,13.236869950195821,52.55513575222377,Grünanlage,Rohrbruchwiesen-GA,sog ehem Kohlelager,59412.28,1482.17,40.0847
Feature,13.141350075740455,52.52324553083707,Grünanlage,Hahneberg-Naturschutzgebiet,rund ums Fort Hahneberg bis Heerstraße,95716.51,2864.18,33.4185
Feature,13.14385948104285,52.45406320310267,Grünanlage,Konrad-Birkholz-Platz,Dorfplatz Kladow am Bürgerhaus,1677.27,174.78,9.5962
Feature,13.114479040846277,52.459900672529606,Grünanlage,Groß-Glienicker See-GA sog Moorloch,Badestelle,33702.5,2496.17,13.5017
Feature,13.246991611894847,52.547209535925326,Grünanlage,Saatwinkler Damm Ecke Gartenfelder Str.,Waldstück,924.57,168.05,5.5019
Feature,13.229876567111473,52.52835238149783,Grünanlage,Charlottenburger Chaussee 54/74,am Güterbahnhof,8087.76,780.34,10.3644
Feature,13.166236236465943,52.46024213278972,Grünanlage,Breitehorn-Havelpromenade,incl. Ernst-Liesegang-Ufer,26151.0,4328.36,6.0418
Feature,13.129502719853557,52.459177826320214,Grünanlage,Pegnitzring,,12406.54,898.47,13.8086
Feature,13.198769509564215,52.51695845081285,Grünanlage,Freiflächen Siedlung Birkenwäldchen,öffentliche Nutzung,5831.4,593.0,9.8337
Feature,13.20314161841004,52.51793265754136,Grünanlage,Grimnitzseepark-incl Birkenwäldchen,,79870.45,4252.29,18.7829
Feature,13.26432564577925,52.54330195228169,Grünanlage,"Wilhelm-von-Siemens-Park, intensiv",Heidegarten und Rhododendren,2868.77,362.99,7.9031
Feature,13.269538682424189,52.547576498667574,Grünanlage,Saatwinkler Damm-Jungfernheideweg,,25099.14,684.88,36.6476
Feature,13.13895135665806,52.45329899465391,Grünanlage,Sakrower Landstraße 26,,1789.58,203.53,8.7926
Feature,13.154332243554895,52.5293092310903,Grünanlage,Bullengrabengrünzug IV-Pietzkukenlake,Magistratsweg bis Stieglakebecken,36636.69,2092.89,17.5053
Feature,13.18941620356479,52.5110973451971,Grünanlage,Scharfe Lanke,Wochenendsiedlung  Bocksfelde  angrenzend,28120.63,2573.88,10.9254
Feature,13.20385052136925,52.52419340009332,Grünanlage,Burgwallgraben-Promenade,Krowelstr. bis Schulenburgbrücke,8634.97,1557.68,5.5435
Feature,13.151386883184163,52.496167402213004,Grünanlage,Potsdamer Chaussee-Grünstreifen vor Zaun,zw Radweg und LsFriedhof Gatow-Zaun,1410.34,1303.62,1.0819
Feature,13.170847398966856,52.56550753265249,Grünanlage,Niederheideweg-Waldweg Zaun Baumschule,Weg östl. angrenzend Baumschule,1870.39,542.34,3.4487
Feature,13.166483679109726,52.56465932007858,Grünanlage,Baumschule-Rahmengrün,innerhalb und angrenzend der KGA,1898.05,617.21,3.0752
Feature,13.271583267704813,52.53111152324047,Grünanlage,Siemens Technopark,Wohlrabedamm Siemensstichkanal,5783.4,816.15,7.0862
Feature,13.172394872544903,52.56170676262376,Grünanlage,Bötzowbahntrasse I parallel-östl.,KGA Radeland von Forst bis Radelandstr.,1019.88,723.03,1.4106
Feature,13.169468355511166,52.54630074557065,Grünanlage,Bötzowbahntrasse IV parallel-östl.,zw. Falkenseer Chaussee bis Spekteweg,2453.07,1483.48,1.6536
Feature,13.167500086061803,52.5310532278406,Grünanlage,Bullengrabengrünzug III,Egelpfuhlstr bis Magistratsweg,17696.55,2510.89,7.0479
Feature,13.200878666113624,52.52739427541372,Grünanlage,Schifffahrtsufer,Ziegelhof bis Burgwallgraben,8054.4,1164.56,6.9163
Feature,13.13854895638644,52.52175068781185,Grünanlage,Fort Hahneberg-FFH-Gebiet,Baudenkmal und Natura 2000,95594.23,1174.01,81.4255
Feature,13.151993348024138,52.54633486731393,Grünanlage,Spektegrünzug C-Teil 2 Spektelake,ab Str Am Kiesteich bis Falkenseer Chaussee,171101.49,9089.6,18.8239
Feature,13.1490711865321,52.55867766064591,Grünanlage,Spektegrünzug D-südl Teil,z. Teil ehem. KGA Grenzstein,43557.45,3038.66,14.3344
Feature,13.115255549565946,52.4658503353713,Grünanlage,Groß-Glienicker See-GA sog Halbinsel,Zugang Badestelle,39338.82,1135.93,34.6314
Feature,13.267792637902218,52.543097593236475,Grünanlage,"Wilhelm-von-Siemens-Park, extensiv",,155102.9,3515.99,44.1135
Feature,13.193393091075698,52.51645399634284,Grünanlage,Südpark II-intensiv,HGP-Pilotflächen,14519.95,948.31,15.3115
Feature,13.237725964861413,52.55179411217315,Grünanlage,Alter Bln-Spandauer Schifffahrtskanal,Gartenfeld,7520.65,3321.97,2.2639
Feature,13.215646335429804,52.55313802110035,Grünanlage,Ufergrünzug West-Wasserstadt,Zum alten Strandbad,5094.59,587.2,8.676
Feature,13.174205991285206,52.469238424322135,Grünanlage,Waldschluchtpfad Grünfläche,,4660.66,481.67,9.6759
Feature,13.214712145600727,52.5628617507967,Grünanlage,Maselakekanalsteg-Grünzug,Nordufer Maselakekanal,7760.1,1177.53,6.5902
Feature,13.117613128938546,52.47443625552578,Grünanlage,Gutsstraße-ehem Gutspark Groß-Glienicke,Zugang Groß-Glienicker-See,1777.31,392.11,4.5327
Feature,13.15565524914203,52.455057848423344,Grünanlage,Imchenallee Biotop am Gutspark Neukladow,Havelpromenade Süd ggü. Haus-Nr. 2,6907.42,384.56,17.962
Feature,13.220481265630589,52.549477122421536,Grünanlage,Eiswerderpark-Wasserstadt,Quartier Eiswerder,21840.76,2768.18,7.8899
Feature,13.223733315416165,52.5523307612377,Grünanlage,Ufergrünzug Salzhof-Bereich Waterkant,zw Kleine Eiswerder- und Pohleseestraße,11447.43,2082.69,5.4964
Feature,13.215542912804425,52.55510148208025,Grünanlage,Maselakepark Havelwiesen,,40845.08,2578.06,15.8433
Feature,13.128630461580842,52.55135184900748,Grünanlage,Hohenlohe-Grünanlage am Wohnpark,Wohnpark Hohenlohe,6683.68,550.05,12.1511
Feature,13.12374380501141,52.53222358371235,Grünanlage,Am Zeppelin Gewerbepark,Werkstraße sog Grüner Korridor,16480.8,1165.0,14.1466
Feature,13.227881191249757,52.5564845142658,Grünanlage,Haveleckpark-Grünanlage,zw Glindowseestr-Plauer-See-Str,11481.0,1153.2,9.9558
Feature,13.230934463985696,52.555985342299266,Grünanlage,Am Havelgarten,Bereich KGA Salzhof,824.96,246.48,3.347
Feature,13.131213372780818,52.444595854612515,Grünanlage,Landhausgarten Dr. Max Fraenkel,,29618.25,1071.9,27.6315
Feature,13.128258191235636,52.52827107854228,Grünanlage,Nennhauser Damm 157 bis Heerstr,Am Zeppelinpark,1365.94,479.6,2.8481
Feature,13.23309119679389,52.55250908355674,Grünanlage,Rohrbruchwiesen-GA um Rohrbruchteich,zw KGA-Rohrbruchweisen I+II,59480.45,5834.54,10.1945
Feature,13.212889681779531,52.5480966811365,Grünanlage,Eiswerderstraße bis  An der Wasserstadt,nord-westl. der Eiswerderbrücke,3366.4,347.48,9.6879
Feature,13.25762128282691,52.54312802574266,Grünanlage,Wäldchen am Rohrdamm,Str am Schaltwerk-Janischweg,10506.44,647.93,16.2155
Feature,13.149850986213412,52.45245063888266,Grünanlage,Imchenplatz,,9238.93,444.16,20.801
Feature,13.222454128380775,52.560159504188434,Grünanlage,Asnièrestraße-Am Wasserbogen,Bereich Wasserstadtbrücke,2136.17,311.24,6.8635
Feature,13.11653645803245,52.455026785577935,Grünanlage,Verlängerte Uferpromenade-Straße 133,,66678.03,1753.27,38.0306
Feature,13.212523075464343,52.57440452934901,Grünanlage,Aalemannufer-Am Teufelsbruch-Grünfläche,Wasserstadt II,8452.07,612.91,13.7901
Feature,13.16149354749211,52.56450340634822,Grünanlage,Radelandstraße 202-204,ehem Standort Asylantenunterkunft,11616.34,455.92,25.479
Feature,13.160127129750736,52.49575057671084,Grünanlage,Maximilian-Kolbe Straße bis Triftweg-Grünfläche,südl parallel Graben J,10327.06,2229.3,4.6324
Feature,13.142725125110763,52.462815207183354,Grünanlage,Sparnecker Weg-Grünverbindung,ehem  Am Kohleweg,26210.84,5856.62,4.4754
Feature,13.168200003487907,52.488799487434974,Grünanlage,Straße 269 Ecke Triftweg-Grünfläche,,12913.92,463.52,27.8603
Feature,13.160225295401522,52.567707910372796,Grünanlage,Niederheideweg- Waldweg hinter Pferdekoppel,nördlich KGA Waldessaum und Waldfrieden,1651.24,833.75,1.9805
Feature,13.13339865522438,52.58570400901907,Grünanlage,Eiskeller-Silbergraswiese,,10244.68,417.81,24.5198
Feature,13.131445340704225,52.47330195036668,Grünanlage,Am Flugplatz Gatow-Anger,zw Joseph-Landefeld-Str und Am Flugplatz Gato,21750.26,2213.12,9.8279
Feature,13.162022871167862,52.547430197921734,Grünanlage,Am Kiesteich-Grünstreifen,,2220.57,456.87,4.8604
Feature,13.171792487598326,52.55805303723158,Grünanlage,Bötzowbahntrasse II parallel-östl. vor Friedhof,Radelandstr bis Pionierstr.,5548.89,1250.73,4.4365
Feature,13.117996075067413,52.46562822766416,Grünanlage,Kurpromenade-Durchgänge,,1082.21,434.66,2.4898
Feature,13.233514083433308,52.54819391791193,Grünanlage,Grützmachergraben-Adickesstraße,um die KGA-Haselbusch,8233.79,1871.85,4.3987
Feature,13.222128050869133,52.543816607986216,Grünanlage,Krienickepark-Spandauer See,Telegrafenweg,2879.27,485.85,5.9263
Feature,13.121035866382869,52.45805594374267,Grünanlage,Fuchsbergeweg-Grünzug,westl und östl Selbitzer Str,30496.99,2383.17,12.7968
Feature,13.170067135670262,52.552848401006756,Grünanlage,Bötzowbahntrasse V parallel-westl.,KGA  An der Bötzowbahn,1734.61,1060.61,1.6355
Feature,13.113724329337394,52.45568949841915,Grünanlage,Verlängerte Uferpromenade I,Groß-Glienicker See-ehem. Campingplatz,13308.99,747.33,17.8088
Feature,13.208005015149658,52.51510854822089,Grünanlage,Tiefwerder Wiesen-Toter Mantel,,240386.27,5342.56,44.9946
Feature,13.165861399047099,52.529517891227876,Grünanlage,Egelpfuhlgraben-Grünzug,Bullengraben-Grünzug bis Lutoner Str,22329.68,2209.37,10.1068
Feature,13.176918402675298,52.4921761826505,Grünanlage,Gustav-Haestskau-Straße-Havelblick,Grünanlage am KS,1365.15,287.61,4.7465
Feature,13.161229546034017,52.51698660242166,Grünanlage,Anschützweg-Mareyzeile,,10936.75,3002.45,3.6426
Feature,13.201249251266248,52.53700162394541,Grünanlage,Altstadt-Remisenplatz,Alte Stadtmauer,1440.23,334.61,4.3042
Feature,13.175740169152112,52.55154327167347,Grünanlage,GA-Herman-Schmidt-Weg,an der Siegerland-GS-Westerwaldstraße,3629.27,691.21,5.2506
Feature,13.141711193526833,52.536122448891966,Grünanlage,Nennhauser Damm,Brücke süd-westl. Böschungsbereich,4799.12,506.17,9.4813
Feature,13.133633755540064,52.52500140344952,Grünanlage,Am Fort,,619.9,104.11,5.9543
Feature,13.221446497794899,52.52540495303178,Grünanlage,Ruhlebener Straße-Elsgrabenweg,angrenzend S-Bahn-Böschung,3317.63,370.54,8.9534
Feature,13.144945112871191,52.44770676803972,Grünanlage,Imchenallee ab Haus-Nr. 48 bis Masolleweg,Havelufer Süd,3325.09,317.37,10.4769
Feature,13.182580726349881,52.48400961865091,Grünanlage,Alt-Gatow-Grünanlage Pfarrer-Jurytko-Steig,Barfußpfad,4772.78,417.03,11.4446
Feature,13.140492618673592,52.44658996249649,Grünanlage,Imchenallee ab Masolleweg bis Gößweinsteiner Gang,Havelufer Süd- Quastenhorn,6914.13,787.02,8.7852
Feature,13.14473115200494,52.45587994770431,Grünanlage,Eichelmaten-GA mit Litta-von-Stauffenberg-Weg,Verbindungsweg zw Eichelmatenweg u Kladower Damm,869.38,358.77,2.4232
Feature,13.148294083191397,52.52521067630898,Grünanlage,Pfarrer-Theile-Straße bis Richard-Münch-Straße,westl. angrenzend Staakener Felder,5564.34,857.35,6.4902
Feature,13.141385304796705,52.533332643822,Grünanlage,Mühlenviertel,"Brunsbüttler Damm, nördl. Bereich",5001.62,565.43,8.8458
Feature,13.155397002700884,52.45941587320922,Grünanlage,Neukladower Allee-Grünstreifen,zum Eingang Gutspark Neukladow,1045.76,390.17,2.6803
Feature,13.208275139225192,52.555118953227954,Grünanlage,Hohenzollernpark,Streitstraße Ecke Am Maselakepark,5728.56,337.81,16.9581
Feature,13.17936973048965,52.48947219905793,Grünanlage,Buchwaldzeile 1-3,,1780.66,201.37,8.8429
Feature,13.216281909146652,52.55789559493086,Grünanlage,Havelwiesen,Wasserstadt,20212.08,911.92,22.1644
Feature,13.208944994471816,52.53897353242028,Grünanlage,Lindenufer-Behnitz-Schleuse Spandau,abJuliusturmbrücke bis Möllentordamm,2900.42,411.05,7.0562
Feature,13.138778688445102,52.53464285461226,Grünanlage,Staakener Feldstraße-Wendebereich,ehem. Straßenland,873.87,154.06,5.6723
Feature,13.216999718123724,52.57423495798309,Grünanlage,Aalemannufer bis Rustweg-Grünflächenverbindung,Wasserstadt II,2364.72,590.1,4.0073
Feature,13.149478232146755,52.56625204387274,Grünanlage,Spektegrünzug D-nördl Teil,parallel zw Stadtgrenze und ehem Nervenklinik,32073.16,1742.09,18.4108
Feature,13.195227396071767,52.51504147392421,Grünanlage,Südpark I-extensiv,,74511.07,4364.25,17.0731
Feature,13.165751570492446,52.546736992786144,Grünanlage,Spektegrünzug C-Teil 1 Großer Spektesee,Bötzowbahn bis Straße Am Kiesteich,225288.32,5490.1,41.0354
Feature,13.182552535145408,52.471406892882484,Grünanlage,Havelufer-Große Badewiese Gatow,Karlsbergallee,52994.53,2743.76,19.3146
Feature,13.172994319038137,52.487336175687496,Grünanlage,Hüllenpfuhl-Kirchbergenden,angrenzend östl Gatower Seperationsgraben,103101.85,3227.7,31.9428
Feature,13.183604177757168,52.49973260992309,Grünanlage,Dr. Kleusberg-Promenade I,ab Straße Scharfe Lanke nach Süden,45472.08,1377.11,33.0198
Feature,13.219522736399853,52.56776504897407,Grünanlage,Glühwürmchengrund und Immenweide-Naturdenkmal,Fläachmoor,33625.83,2430.66,13.834
Feature,13.197086202238376,52.55441425757213,Grünanlage,Hohenzollernring-Grüngürtel 1,Fehrbelliner Tor bis Falkenhagener Tor,36510.09,3280.91,11.128
Feature,13.198553667734668,52.5576727151722,Grünanlage,Schönwalder Allee-Eichenwäldchen,,39624.75,2146.94,18.4564
Feature,13.187571493596662,52.50418745841903,Grünanlage,Haveldüne,,29580.33,1520.73,19.4515
Feature,13.175054290983924,52.55437001379841,Grünanlage,Pionierstraße-Grünstreifen vor Friedhof,Kisselnallee bis Bötzowbahn,8660.37,1584.11,5.467
Feature,13.189433858827792,52.541113218368984,Grünanlage,Spektegrünzug A,Hohenzollernring bis Zeppelinstraße,150734.65,4361.28,34.562
Feature,13.214916533569385,52.56661890350757,Grünanlage,Werderstraße GA,nördl. angrenzend Sportplatz Werderstraße,3988.22,527.34,7.5628
Feature,13.196562962670548,52.54802703466113,Grünanlage,Hügelschanze-II,ab Falkenhagener Str-Fehrbelliner Str,2355.89,284.8,8.2722
Feature,13.16651228283376,52.56657652803084,Grünanlage,Niederheideweg- Grünanlage,Wiesenbereich,21121.66,961.54,21.9666
Feature,13.194694894732827,52.55502748557389,Grünanlage,Stadtbad Spandau Nord Radelandstraße,,7261.88,619.24,11.7271
Feature,13.209506031933012,52.567154300273714,Grünanlage,Niederneuendorfer Allee- Buskehre,ggü Schützenhof,11937.11,746.92,15.9818
Feature,13.202995583071644,52.56428593974488,Grünanlage,Am Forstacker sog U-Bahn-Trasse,zw Hakenfelder Str und Cautiusstr.,9390.81,899.81,10.4364
Feature,13.20127843444327,52.56907804550623,Grünanlage,Wichernstr westl vor Ev Johannesstift ggü Pappelweg,zw Ev Johannesstift u Carl-Schurz-GS,15697.82,1689.79,9.2898
Feature,13.199501922149352,52.54195288251092,Grünanlage,Roonstraße parallel Falkenseer Damm-,Bereich Freiherr vom Stein-Gymnasium,3919.94,642.09,6.1049
Feature,13.18746673717003,52.545770748768334,Grünanlage,Germersheimer Weg,zw. nördl. Häuserguppe,3910.15,486.52,8.0369
Feature,13.211245059748387,52.55031148004768,Grünanlage,Schützenstraße,,5099.37,290.16,17.5744
Feature,13.20739039156851,52.542616272003116,Grünanlage,Wröhmännerpark I u II,Hafenplatz histor. Bezeichnung,24424.52,1223.03,19.9704
Feature,13.158764283311909,52.45772621398094,Grünanlage,Gutspark Neukladow-GA,Villa Luise,174521.17,2850.33,61.2284
Feature,13.197729653990777,52.53645946625953,Grünanlage,Münsinger Park,ggü Rathaus Spandau angrenzend Amtsgericht,46815.48,1711.51,27.3533
Feature,13.195808447599426,52.54406724878192,Grünanlage,Grünanlage sog Wernereck,zw Falkenseer Damm-Askanierring,3224.27,299.17,10.7775
Feature,13.206689517608947,52.539508526548,Grünanlage,Hoher Steinweg,Kolk,1462.03,234.36,6.2384
Feature,13.205243726084804,52.54060556344825,Grünanlage,Heidetor,am Falkenseer Platz,6153.8,429.24,14.3364
Feature,13.194137528961761,52.54841913329028,Grünanlage,Hügelschanze-I,Dreieck  Askanierring-Falkenhagener Str.,1317.9,160.15,8.2291
Feature,13.20247617469485,52.534268460090814,Grünanlage,Uferpark Stabholzgarten-Batardeau am Mühlengraben,Altstadt Spandau-Festungswerk,9024.13,532.38,16.9506
Feature,13.1637153141276,52.552673437037654,Grünanlage,Pionierstraße-Falkenseer Chaussee,Wasserwerk,22826.68,1131.46,20.1745
Feature,13.187203982637476,52.54453332259284,Grünanlage,Germersheimer Platz,,2620.4,663.31,3.9505
Feature,13.188804999391932,52.550822392029225,Grünanlage,Polizeischule-Grünfläche,Pionierstraße,5381.48,607.31,8.8611
Feature,13.172319845558441,52.54334225497225,Grünanlage,Spektegrünzug B,Zeppelinstraße bis Bötzowbahn,122715.28,4106.3,29.8846
Feature,13.219709000341545,52.5725880672915,Grünanlage,Aalemann1-ab Fährweg bis Aalemannkanalbrücke,Havelpromenade Nord,32215.84,2660.5,12.1089
Feature,13.134436677141847,52.535954150385976,Grünanlage,Staaken West-Freizeit und Erholungszentrum,Am Zeppelinpark,44765.82,3770.97,11.8712
Feature,13.248019093614975,52.54417201227256,Grünanlage,Paulsternstr. 34,Am Feuerwehrstützpunkt,5010.21,447.66,11.192
Feature,13.207403661287183,52.53493438501706,Grünanlage,Stresowpark,Obermeierweg,6868.55,676.18,10.1579
Feature,13.231937503789363,52.55775456994675,Grünanlage,Rohrbruchwiesen-Ersatzhabitat Girlitz,ehem Lagerplatz -Rev1,8347.46,380.98,21.9105
Feature,13.205537398464678,52.5460437381136,Grünanlage,Koeltzepark,,30106.28,1665.25,18.0792
Feature,13.203748078132064,52.534416597549026,Grünanlage,Altstadt-Lindenufer,zw Juliusturm- und Charlottenbrücke,19693.98,1544.51,12.7509
Feature,13.205806204024642,52.56601154817243,Grünanlage,Waldpark Hakenfelde,mit Blindenrundwanderweg,53097.8,2543.04,20.8796
Feature,13.205425775613017,52.55800543935221,Grünanlage,Wansdorfer Platz,,2676.62,465.12,5.7547
Feature,13.22494872838852,52.55829864140473,Grünanlage,Spandauer Havelpromenade-Waterkant,zw Spandauer-See-Brücke und Wasserstadtbrücke,4183.92,965.2,4.3348
Feature,13.225387560717207,52.54537045858325,Grünanlage,Romy-Schneider-Str.,östl. Abzugsgraben,2085.87,888.59,2.3474
Feature,13.220559571475892,52.56122804824588,Grünanlage,Boca-Raton-Grünanlage,Ecke Asnièrestraße am Maselakekanalsteg,1724.42,319.76,5.3929
Feature,13.21568519242139,52.58066369681071,Grünanlage,Aalemann3-ab Oberhavelsteg,Teufelssseekanal-Havelpromenade Nord,26662.76,1267.47,21.0362
Feature,13.21994965342774,52.57528143295845,Grünanlage,Aalemann2-ab Aalemannkanalbrücke,Havelpromenade Nord,25281.66,1720.37,14.6955
Feature,13.14598872665187,52.523380327329136,Grünanlage,Reimerweg-Amalienhof 1-GA,um die KGA-Amalienhof  1,15660.3,2863.39,5.4692
Feature,13.198947815417913,52.55589175302877,Grünanlage,Klinkeplatz,Schönwalder Allee,1630.26,171.52,9.5045
Feature,13.203398653358787,52.541066894651124,Grünanlage,Friedrichstraße,Bereich nördl. Falkenseer Platz,1581.23,262.37,6.0266
Feature,13.229480853075888,52.542433790422166,Grünanlage,Goldbeckweg-Wäldchen u Wildbienenwiese,Quartier Pulvermühle,8355.82,491.9,16.9869
Feature,13.218283658912876,52.55518940445229,Grünanlage,Uferpark Südspitze,Wasserstadt,4843.78,448.33,10.8039
Feature,13.232058076272823,52.541678625711356,Grünanlage,Grützmacherpark,,30281.0,3219.45,9.4057
Feature,13.209090389756254,52.54564442019225,Grünanlage,Paula-Hirschfeld Steig-GA,Feuerwache Spandau-Nord,895.2,306.88,2.9171
Feature,13.217833502953521,52.55956540167833,Grünanlage,Poelzigpark,,4456.68,744.37,5.9872
Feature,13.220922352625665,52.55825192216213,Grünanlage,Havelspitze-Uferpromenade-GA,,4016.1,739.26,5.4326
Feature,13.223946827141486,52.546187140405785,Grünanlage,Krienickepark mit Lilli-Palmer-Promenade,Wasserstadt,32316.51,1505.19,21.4701
Feature,13.167160980003027,52.5098310175998,Grünanlage,Hahneberg-ehem Grenzweg-Karolinenhöhe,Mauerweg bis Wilhelmstraße,4918.24,1985.21,2.4774
Feature,13.21307057785959,52.57072189887405,Grünanlage,Niederneuendorfer Allee II,zw  Bertricher- und Neuenahrer Weg,2045.09,194.94,10.4908
Feature,13.14432904909151,52.52854515357262,Grünanlage,Bergstraße-Grünanlage,,10869.91,1811.06,6.002
Feature,13.21221128596227,52.5693627498379,Grünanlage,Niederneuendorfer Allee I,zw Kochemer- und Trabener Weg,1812.09,257.5,7.0373
Feature,13.136800581430187,52.5269822535052,Grünanlage,Am Rain,zw Am Rain u Weidenweg,3636.87,498.18,7.3003
Feature,13.210039632804762,52.53745286966414,Grünanlage,Spandauer Horn-Spreeschanze,Am Juliusturm-histor Fa Kuke,11970.15,1414.15,8.4646
Feature,13.125264931056455,52.44270124557917,Grünanlage,Sakrower Kirchweg,Uferlage Unterhavel,7741.45,554.91,13.9509
Feature,13.179589933214821,52.49699399264802,Grünanlage,Gatower Straße-Waldstreifen,,22673.52,1824.59,12.4267
Feature,13.150770063278491,52.527400177042466,Grünanlage,Staakener Felder-Cosmarweg,Amalienhof- und Upstall- und Ramingraben,83710.19,5077.94,16.4851
Feature,13.188795039471705,52.52924176232902,Grünanlage,Bullengrabengrünzug I,Elsflether Weg bis Päwesiner Weg,40373.02,4508.81,8.9543
Feature,13.181946671554831,52.490015241888756,Grünanlage,Rothenbücher Weg Alt-Gatow Pfirsichweg,sog ehem Sattelplatz Gatow,4314.52,1111.96,3.8801
Feature,13.198947930894954,52.545052299924016,Grünanlage,Blumen- Ecke Feldstraße sog Bredel-Dreieck,,1007.69,126.85,7.9439
Feature,13.199252188482232,52.53013000752882,Grünanlage,Ufergrünzug Ziegelhof bis Dischinger Brücke,Hermann-Oxfort-Promenade,5556.99,859.91,6.4623
Feature,13.198521965221083,52.52932785866117,Grünanlage,Ziegelhof-Grünanlage,Klosterstraße,7565.75,649.17,11.6545
Feature,13.364512260196335,52.40219352595098,Grünanlage,FZP Marienfelde,ehem. BMX-Bahn,2895.68,247.89,11.6812
Feature,13.413623294938299,52.39584856240706,Grünanlage,Alt-Lichtenrade 73abc - Hinterland,Groß-Ziethener-Str. neben Nr. 65,3999.03,450.97,8.8676
Feature,13.396061557838859,52.44440282469072,Grünanlage,Birkenweg am Volkspark Mariendorf - Gartendenkmal,zw. Prühßstr. u. Rixdorfer Str.,7590.23,816.29,9.2984
Feature,13.36807827367385,52.49730489408605,Grünanlage,Dennewitzstr. 25-26 - Grünanlage,,2716.71,276.66,9.8197
Feature,13.3501443957445,52.4709582009415,Grünanlage,Vorarlberger Damm - Grünanlage,,4281.71,1278.32,3.3495
Feature,13.394584314494809,52.38023006604848,Grünanlage,Lortzingplatz - Grünanlage,,4044.63,291.76,13.8631
Feature,13.403692364651313,52.426357025252734,Grünanlage,Tauernallee/Ankogelweg - Grünanlage,Tauernallee 50,6559.12,353.02,18.5802
Feature,13.369129507862652,52.411592507009516,Grünanlage,Alt-Marienfelde Dorfaue - Gartendenkmal,neben Schmiedeteich,1025.51,172.61,5.9412
Feature,13.390962586917196,52.44356163078878,Grünanlage,Volkspark Mariendorf - Gartendenkmal (Hochw.),,10982.35,788.49,13.9283
Feature,13.359923799119022,52.46762792529536,Grünanlage,Hans-Baluschek-Park - Grünzug,Sachsendamm bis Prellerweg,67851.95,3315.98,20.4621
Feature,13.355340877965704,52.49595515531176,Grünanlage,Ursula-Mamlok-Park,Gleditschstr. 3-23,4210.75,465.66,9.0425
Feature,13.382601949586407,52.46413788079539,Grünanlage,Lehnepark - Gartendenkmal,,11077.42,858.47,12.9037
Feature,13.378484744394065,52.475529872053045,Grünanlage,Rumeyplan (Westteil) - Gartendenkmal,,2314.8,246.57,9.3879
Feature,13.39111346252091,52.384502583783444,Grünanlage,Hermione-von-Preuschen-Platz,(ehem. Hohenzollernplatz),3199.0,251.54,12.7175
Feature,13.392260750674014,52.40500279769913,Grünanlage,Lessingplatz - Grünfläche,,4933.34,349.92,14.0984
Feature,13.410494978679917,52.38993055760823,Grünanlage,Alt-Lichtenrade Dorfteich - Grünanlage,,8761.71,954.03,9.1838
Feature,13.394775903272023,52.39895071142756,Grünanlage,Neanderstr. / Geibelstr.,,7075.98,694.05,10.1951
Feature,13.405932058933224,52.37869788449982,Grünanlage,Kaiserplatz - Grünanlage,,2587.99,203.49,12.7182
Feature,13.381343954310628,52.47911011600299,Grünanlage,Bundesring (Nord) - Gartendenkmal,,2085.7,353.13,5.9064
Feature,13.391777429511528,52.4420754843312,Grünanlage,Volkspark Mariendorf - Gartendenkmal (Übl.),,91770.96,4746.8,19.3332
Feature,13.404748337523335,52.38986724743988,Grünanlage,Neue Heimat Promenade,Grünverbindung Lira-Damm/Lira-Graben,2276.63,1060.18,2.1474
Feature,13.41258716198314,52.44348511511034,Grünanlage,Türkenpfuhl (Promenade),,5606.48,851.2,6.5866
Feature,13.38477610979685,52.400127427187456,Grünanlage,Rainfarnweg,,6936.72,1009.23,6.8733
Feature,13.378765955348191,52.478202826576315,Grünanlage,Adolf-Scheidt-Platz - Gartendenkmal,,1585.34,155.06,10.2238
Feature,13.3677286063219,52.39588473535262,Grünanlage,Schichauweg (Grünanlage),,5940.48,500.41,11.8712
Feature,13.411085534044194,52.38078971414721,Grünanlage,Lützowstr. 25-29,,4434.76,275.5,16.0972
Feature,13.383698177832299,52.46245684848544,Grünanlage,Alter Park - Gartendenkmal,,32916.78,1458.36,22.571
Feature,13.353539960249744,52.40424683246869,Grünanlage,Eschwege - Promenade,Grünanlage - Kolonie,1778.36,520.24,3.4184
Feature,13.418101023040336,52.392591204656945,Grünanlage,Carl-Steffeck-Str. (Grünzug),,1862.9,513.95,3.6247
Feature,13.357653198973928,52.40599953438383,Grünanlage,Amstelveen - Grünanlage,an der KGA,7215.41,1316.44,5.481
Feature,13.373520640069001,52.44925179067916,Grünanlage,Einigkeit (Promenade),,1127.85,661.16,1.7059
Feature,13.40336442104742,52.40171175842939,Grünanlage,Wiesengrund (Promenade),an der Kolonie,780.02,373.11,2.0906
Feature,13.36592870792644,52.39679617826399,Grünanlage,Birkholz - Grünanlage,Kolonie,10196.75,2298.78,4.4357
Feature,13.401928020612003,52.424405026568856,Grünanlage,Tauernallee/Ankogelweg - Promenade,Tauernallee 30,4631.4,629.03,7.3628
Feature,13.356298118789551,52.40756510304625,Grünanlage,Poppenreuther Weg - Grünpromenade,Marienfelder Allee -Tirschenteuther Ring,2979.98,431.5,6.9062
Feature,13.360372400520069,52.40669423223111,Grünanlage,Radarberg Diedersdorfer Weg,,45965.19,936.19,49.0979
Feature,13.379453442955596,52.46382675822067,Grünanlage,Bosepark - Grünanlage,,27156.64,1581.48,17.1717
Feature,13.416936102364003,52.46275935628344,Grünanlage,Rohrbeckstr. - Tiefbeet,,1850.52,346.43,5.3417
Feature,13.367953033005486,52.445293699328225,Grünanlage,Ringstr. Süd - Grünzug u. Promenade,Ringstr. 11-23,7087.74,1304.51,5.4333
Feature,13.380907823307556,52.45329486297827,Grünanlage,Teltowkanal Nord Te-Damm-Alarichstr.,Finanzamtspromenade,7804.2,924.89,8.438
Feature,13.366951765140378,52.44736586491503,Grünanlage,Marienhöhe (Kolonie-Promenade),,3534.42,929.27,3.8034
Feature,13.381319232741202,52.46113107611546,Grünanlage,Friedensplatz,,2034.19,159.89,12.7227
Feature,13.387447115354263,52.45908704589305,Grünanlage,Metzplatz,,2089.38,162.08,12.8907
Feature,13.361904063738924,52.44697411566057,Grünanlage,Ringstr. Nord - Grünzug u. Promenade,Mariendorfer-Hafen-Weg,8022.44,1344.9,5.9651
Feature,13.394958624824866,52.460996625800384,Grünanlage,Albrechtshöhe (Promenade),,1907.28,838.53,2.2746
Feature,13.3672564027651,52.452928896545224,Grünanlage,Marienhöhe - Gartendenkmal,,42965.82,1609.7,26.6919
Feature,13.380617541580115,52.48050961582231,Grünanlage,Wolffring - Gartendenkmal,,10665.31,582.79,18.3005
Feature,13.376724925290636,52.48111073818731,Grünanlage,Kynastteich - Gartendenkmal,,3492.37,616.16,5.668
Feature,13.411760639770058,52.39101308424466,Grünanlage,Im Domstift (Grünanlage),,1295.51,191.08,6.7798
Feature,13.3702765306578,52.41503768515794,Grünanlage,Heilandsweide - Promenade u. Grünzug,,35143.22,2903.83,12.1024
Feature,13.378718966550993,52.44511381651284,Grünanlage,Kaiserstr. - Martin-Luther-Kirche,Kaiserplatz,2457.41,261.47,9.3983
Feature,13.392941246954084,52.461171053702365,Grünanlage,Koseler Weg (ehemals),zw. Felixstr. und Templerzeile,773.45,273.43,2.8287
Feature,13.375246489118332,52.40784472316074,Grünanlage,Freseteich - Grünanlage,,20143.42,1199.55,16.7925
Feature,13.351552191336372,52.41134986280335,Grünanlage,Hampelsche Baumschule - Grünanlage,,29458.29,1987.73,14.8201
Feature,13.406575542332376,52.43983362942175,Grünanlage,Britzer Str. 38 (Nord),LSG,26128.5,894.38,29.2141
Feature,13.388882250852486,52.461395726109814,Grünanlage,Franckepark - Gartendenkmal,,48145.95,1425.51,33.7746
Feature,13.378374009537678,52.482751836994865,Grünanlage,Achenbachpromenade - Grünanlage,Bayernring bis Badener Ring,3441.83,302.49,11.3784
Feature,13.386927862718462,52.46357357501711,Grünanlage,Tempelhofer Damm 161 - Grünanlage,"""Grunackpark""",9321.6,660.02,14.1232
Feature,13.37040362971537,52.47286222162257,Grünanlage,Hansakorso (Promenade),,3510.05,509.98,6.8827
Feature,13.380637843353998,52.45249030363789,Grünanlage,Gerda-und-Wolfgang-Szepansky-Promenade,,8066.18,743.15,10.8541
Feature,13.361116905145641,52.40477252095692,Grünanlage,Schlehenberg,,18037.21,681.16,26.4802
Feature,13.383372142915382,52.44109247054421,Grünanlage,Richterstr. - Grünzug u. Promenade,,2242.35,775.96,2.8898
Feature,13.373888812153305,52.45007376858514,Grünanlage,Teltowkanal Südpromenade,Ring- bis Rathausstr.,9665.48,2153.59,4.4881
Feature,13.393367328346393,52.462438165397224,Grünanlage,Feldblumenweg (Promenade),,1854.03,340.15,5.4507
Feature,13.369139215628524,52.44930742784506,Grünanlage,Geiserich (Promenade),Kolonie,1137.69,242.86,4.6846
Feature,13.399826301636493,52.4236156949285,Grünanlage,Albulaweg - Grünanlage,,2103.76,186.59,11.2749
Feature,13.372615618335631,52.41003563400502,Grünanlage,Gutspark Marienfelde Gartendenkmal,,58666.83,1269.68,46.2061
Feature,13.37522873017425,52.448762426155255,Grünanlage,Unter Uns (Promenade),,1384.73,821.47,1.6857
Feature,13.373916062963401,52.40537751195715,Grünanlage,Königsgraben,Adolf-Kiepert-Steg,66059.16,4215.64,15.67
Feature,13.405064458437039,52.39326215167264,Grünanlage,Finchleystr. (am Altenheim),,1723.35,547.53,3.1475
Feature,13.363539445317057,52.41201800334421,Grünanlage,Hüfnergärten (Grünanlage/Promenade),Alt-Marienfelde 33a/Nahmitzer Damm,11095.71,1541.88,7.1962
Feature,13.405911744270414,52.38035406520098,Grünanlage,Leopoldplatz,,5317.83,308.92,17.2141
Feature,13.407219516309768,52.45272475389928,Grünanlage,Gottlieb-Dunkel-Str./Ullsteinstr.,,1049.01,254.02,4.1296
Feature,13.394934112933027,52.43969829929451,Grünanlage,Reißeckstr. - Grünzug,,12468.54,846.67,14.7266
Feature,13.40706658083704,52.44325266975932,Grünanlage,Am Hellespont - Grünanlage,,10946.3,990.45,11.0518
Feature,13.395836275508946,52.395022330482135,Grünanlage,Gebertgraben,,1312.21,288.18,4.5534
Feature,13.386360721907204,52.432255633797645,Grünanlage,Hirzerweg - Promenade,,5700.35,764.36,7.4577
Feature,13.383236115464163,52.45174124980165,Grünanlage,Ma-Damm - Ullsteinstr. - Grünzug,,3343.83,447.82,7.4669
Feature,13.396378058809388,52.46091385555933,Grünanlage,Bergfrieden (Promenade),,1918.45,884.42,2.1692
Feature,13.404120181311784,52.430520057451986,Grünanlage,Wimbachpromenade,,41787.58,2048.57,20.3984
Feature,13.402398126941518,52.389006683392275,Grünanlage,Lichtenrader Graben West - Grünanlage,,4819.43,1042.06,4.6249
Feature,13.402974398025473,52.39222895996195,Grünanlage,John-Locke-Str. - Grünanlage,,3297.18,370.06,8.9099
Feature,13.368186127864309,52.40187030084336,Grünanlage,FZP Marienfelde - Grünanlage,,377658.58,5487.18,68.8256
Feature,13.392086183452447,52.462936071670434,Grünanlage,Templerzeile,,4634.06,633.27,7.3176
Feature,13.404045539565871,52.43829874862487,Grünanlage,Britzer Str. 37-79 - Grünanlage,,110099.41,4000.55,27.5211
Feature,13.387253823814717,52.43303655725885,Grünanlage,Gerdsmeyer (Promenade),,5609.65,780.76,7.1849
Feature,13.417309552224436,52.39046999594163,Grünanlage,Lichtenrader Graben Ost,,11740.38,1346.33,8.7203
Feature,13.357901075035912,52.41609668132077,Grünanlage,Maximilian-Kaller-Str. - Grünzug,,13135.76,1463.38,8.9763
Feature,13.393510255768954,52.45098546102696,Grünanlage,Schätzelberge,,39482.12,1610.25,24.5193
Feature,13.419077479891852,52.46325239380823,Grünanlage,Oberlandpark,,5138.27,312.33,16.4514
Feature,13.398034678095938,52.38910054265891,Grünanlage,Steinplatz (Steinstr.),,1368.46,153.41,8.9203
Feature,13.396541603168927,52.386290079776494,Grünanlage,Prinzessinnenstr. (am Bahnhof),,1506.01,176.18,8.5483
Feature,13.358368640580695,52.49462532365805,Grünanlage,Lilli-Flora-Park (Pallasstr. 7),Pallaspark,652.06,115.92,5.6251
Feature,13.355980457932002,52.46112865536186,Grünanlage,Priesterweg - Zugang Baluschek-Park,Vorplatz alter S-Bhf,1315.19,147.41,8.9221
Feature,13.369948859948423,52.44891043549093,Grünanlage,Teltowkanal Nord Geiserich- bis Gersdorf,,1111.84,225.44,4.9318
Feature,13.401895265662667,52.47339970534314,Grünanlage,Tempelhofer Freiheit,ehem. Flughafen,2675742.58,7054.05,379.3202
Feature,13.358427425765806,52.47993135934932,Grünanlage,Annedore-Leber-Park - Grünanlage,Torgauer Straße,11195.37,1171.87,9.5534
Feature,13.398102827405285,52.43609628148137,Grünanlage,Grünzug Reißeckstr./Floningweg,,16575.82,1724.98,9.6093
Feature,13.370759070844215,52.4807458866666,Grünanlage,Hertha-Block-Promenade,Ost-West-Grünzug,2942.73,404.02,7.2836
Feature,13.358019409672348,52.483345133408754,Grünanlage,GASAG Nordspitze,am Cheruskerpark,6292.84,552.72,11.3851
Feature,13.371392385400735,52.48944730512864,Grünanlage,Nord-Süd-Grünzug / Mezitli-Park,,33527.35,3755.97,8.9264
Feature,13.37351735202635,52.49040478146681,Grünanlage,Dora-Duncker-Park,zw. Monumentenstraße und Yorkstraße,41959.21,1505.23,27.8757
Feature,13.407963715216535,52.43263758867938,Grünanlage,Britzer Garten (Teilstück),zwischen Hundsteinweg und Wildspitzweg,22425.32,818.71,27.3911
Feature,13.414825130571854,52.460275823563194,Grünanlage,Gottlieb-Dunkel-Str. - Grünanlage,an der BAB 100,35294.86,2329.31,15.1525
Feature,13.373092762094036,52.399354354042096,Grünanlage,Güteraussenring Marienfelde,zw. Motzener Str. und Diedersdorfer Weg,35155.99,2517.96,13.9621
Feature,13.376067306300685,52.4141457969481,Grünanlage,Wehnertstr. ggü 36,Durchgangsweg zur Grillostr.,915.88,256.78,3.5667
Feature,13.359148780496007,52.462826508740825,Grünanlage,Naturpark Schöneberger Südgelände,,178745.26,3574.35,50.0078
Feature,13.414557155226127,52.393212624210946,Grünanlage,Volkspark Lichtenrade - Grünanlage,,38578.94,1295.17,29.7869
Feature,13.372210857817517,52.40515296383719,Grünanlage,Nahmitzer Damm 20/26 - Obstwiese,Hinterland,12101.6,1086.73,11.1358
Feature,13.397017221247175,52.44646598712694,Grünanlage,Wartburg (Promenade),,1939.6,782.78,2.4778
Feature,13.369600782051082,52.45943447536577,Grünanlage,Alboinplatz - Gartendenkmal,,22822.74,1084.31,21.0481
Feature,13.38643776659599,52.451658593547954,Grünanlage,Ma-Damm - Monopolstraße - Grünzug,,4736.18,539.55,8.778
Feature,13.348913429563432,52.4846237946042,Grünanlage,Heinrich-Lassen-Park,Belziger Str. 57-61,17589.31,1122.36,15.6717
Feature,13.343526153452201,52.483314153665034,Grünanlage,Rudolph-Wilde-Park (Ost) - Gartendenkmal,östl. Carl-Zuckmayer-Brücke,24356.23,994.53,24.4901
Feature,13.358502973644097,52.492253530341685,Grünanlage,Heinrich-v.-Kleist-Park - Gartendenkmal,,47329.23,1326.43,35.6817
Feature,13.346126780308236,52.487493190896934,Grünanlage,Wartburgplatz - Grünanlage,,10227.39,718.2,14.2402
Feature,13.332657986051807,52.47150871115409,Grünanlage,Renée-Sintenis-Platz - Gartendenkmal,,1611.76,142.32,11.3248
Feature,13.330596570367172,52.47572176083125,Grünanlage,Cosimaplatz,,1570.85,151.83,10.3461
Feature,13.345963836343829,52.46724116540391,Grünanlage,Grazer Platz - Grünfläche,,14511.76,1171.67,12.3856
Feature,13.341862542499495,52.474154911421955,Grünanlage,Ceciliengärten - Gartendenkmal,,4286.26,424.89,10.0878
Feature,13.33344608257269,52.47565847160063,Grünanlage,Perelsplatz - Gartendenkmal,,7568.18,930.71,8.1316
Feature,13.344046788772301,52.477592035825396,Grünanlage,Innsbrucker Platz - Grünanlage,,6989.2,590.93,11.8274
Feature,13.358174323918183,52.48186693362645,Grünanlage,Cheruskerpark,Calisthenics Park,20234.83,1265.27,15.9925
Feature,13.367474165863573,52.498057707486275,Grünanlage,Nelly-Sachs-Park - Grünanlage,,14815.43,1133.17,13.0743
Feature,13.352659234510272,52.45763206136515,Grünanlage,Der Insulaner - Grünanlage,,98942.95,2380.57,41.5626
Feature,13.368052173756274,52.49679642058388,Grünanlage,Am Bülowbogen,Bülowstr. 69,2983.02,319.68,9.3314
Feature,13.35022750017897,52.491144956121325,Grünanlage,Alice-Salomon-Park - Grünanlage,Schwäbische Str.,4328.5,543.43,7.9652
Feature,13.339802150164326,52.489108628666344,Grünanlage,Bayerischer Platz,,6451.01,317.11,20.3433
Feature,13.341824322185294,52.49572558880588,Grünanlage,Viktoria-Luise-Platz - Gartendenkmal,,6587.53,364.93,18.0513
Feature,13.477412008991472,52.49316448091889,Grünanlage,Alt-Stralau 33,Strela-Platz,3443.82,321.28,10.7192
Feature,13.447616532673694,52.51166902187049,Grünanlage,Comeniusplatz,,6627.1,600.58,11.0345
Feature,13.443666537694877,52.515770512397374,Grünanlage,Weberwiese,,7558.44,343.73,21.9897
Feature,13.431030618187428,52.5175457821045,Grünanlage,Blumenstraße ggü. 39-49,hinter KMA 58-66,2029.9,383.62,5.2915
Feature,13.452652898481874,52.52500653484824,Grünanlage,Ebertystr. 45 / Kochhannstr. 16,,817.39,115.02,7.1065
Feature,13.429135011494296,52.51741865284697,Grünanlage,Krautstraße 1-4,Neue Blumenstraße,2026.37,414.09,4.8935
Feature,13.446552908434965,52.50325188942546,Grünanlage,Warschauer Str./ Mühlenstr.,,2631.92,202.64,12.988
Feature,13.431989277022282,52.51390398956431,Grünanlage,Andreasstr. 21-22,Vorfläche Seniorenheim,4804.27,354.85,13.539
Feature,13.454475626048367,52.500857712180846,Grünanlage,Stralauer Allee vor 31-33,Modersohnstr./ Danneckerstr.,2710.43,318.44,8.5116
Feature,13.441761280145839,52.51824792351913,Grünanlage,Weidenweg vor Friedhof,Friedensstr. 80,1019.47,237.47,4.293
Feature,13.438150366947003,52.512693067033936,Grünanlage,Straße der Pariser Kommune vor 11-17,Franz Mehring Platz vor 2-5,12998.79,1087.61,11.9517
Feature,13.44519608083525,52.51868253652819,Grünanlage,Auerstraße 8-20,Weidenweg 5-21/ Auerdreieck,13860.36,874.5,15.8495
Feature,13.464521000773697,52.50761212016766,Grünanlage,Wühlischplatz,,2934.84,312.97,9.3774
Feature,13.423277967280896,52.52647212058728,Grünanlage,Georgenkirchstr. 4-5,,988.19,139.98,7.0594
Feature,13.4509078007517,52.51787029388563,Grünanlage,Weidenweg neben 42,Giebel Pflegeheim,747.91,118.66,6.303
Feature,13.475450661774616,52.495160710345765,Grünanlage,Alt-Stralau 40-43,"Ufergrünzug Rummelsburger See, hinter KGA",2461.18,381.45,6.4522
Feature,13.45691388748803,52.500108589917396,Grünanlage,Stralauer Allee vor 24-29,Modersohnstr./ Rochowstr.,3590.06,408.88,8.7803
Feature,13.430167978652646,52.51514956514873,Grünanlage,Singerstr. 23-28,,2083.84,254.32,8.1938
Feature,13.433936125743612,52.51196514765302,Grünanlage,"Hermann-Stöhr-Platz, Grünanl.",,3628.65,244.2,14.8596
Feature,13.444737233547045,52.514898958407834,Grünanlage,"Marchlewskistr., Grünanl.","vor Kita, zw. Nr. 25 u. 27",1268.46,253.07,5.0124
Feature,13.43003627656061,52.52020282215457,Grünanlage,"Lichtenberger Straße 13-16, Hinterland",Neue Weberstr./ Palisadenstr.,1316.1,228.96,5.7483
Feature,13.455327581421233,52.51507765109784,Grünanlage,"Boxhagener Str. 119, Zufahrt",Frankfurter Tor,698.22,144.7,4.8254
Feature,13.450616065879244,52.507535025120134,Grünanlage,"Warschauer Straße, Grünanl.",Brücke,1330.98,250.75,5.308
Feature,13.446616898347916,52.51749943249216,Grünanlage,Weidenweg ggü. 17-27,"Karl-Marx-Allee 105-131, Hinterland",6467.58,790.31,8.1836
Feature,13.46423770619996,52.510644388126565,Grünanlage,"Wismarplatz, Grünanl.",,3144.85,583.36,5.391
Feature,13.444394624829178,52.5175230975517,Grünanlage,Karl-Marx-Allee zw.103 u. 105,Rosengarten,4424.41,272.03,16.2642
Feature,13.464617306649057,52.50097743087607,Grünanlage,"Laskerstr. 6, 8",Bürgergarten Laskerwiese,3146.77,323.92,9.7146
Feature,13.45743294263872,52.51572879451937,Grünanlage,Frankfurter Allee 1-27,,8963.33,728.17,12.3094
Feature,13.45171525223622,52.51540366090231,Grünanlage,Hildegard-Jadamowitz-Str. 25,ehemals Kloster,1567.73,354.36,4.4242
Feature,13.438303639337855,52.52071186772941,Grünanlage,Friedenstraße 83,Pufendorfstr.,1869.04,180.4,10.3606
Feature,13.434683703972498,52.517452293536785,Grünanlage,Karl-Marx-Allee 70A-I,vor Häuserblock,4255.73,478.59,8.8922
Feature,13.436338345370027,52.518345614924584,Grünanlage,"Koppenstr., Grünanl.",Kastanienwäldchen,2631.85,211.76,12.4283
Feature,13.471215510362876,52.49344615302835,Grünanlage,Alt-Stralau 17-19,Karl-Marx-Gedenkstätte und Uferpromenade,2482.61,287.21,8.6439
Feature,13.481625488055125,52.48929769850016,Grünanlage,Tunnelstr. 13,Regatta-Ufer,14900.12,825.2,18.0563
Feature,13.47343268067498,52.49269019965662,Grünanlage,Alt-Stralau 20-29,Caroline-Tübbecke-Ufer,2842.98,556.99,5.1042
Feature,13.477766714257559,52.49196749424205,Grünanlage,"Alt-Stralau 32A, Tunnelstr. 1-4",Wendenwiese,9688.35,401.25,24.1455
Feature,13.47543882837433,52.49577073263042,Grünanlage,Am Speicher hinter 2-10,"Ufergrünzug Rummelsburger See, Nixenkai",1570.08,376.01,4.1757
Feature,13.458826269969682,52.51963915747951,Grünanlage,Forckenbeckplatz,,17464.97,940.27,18.5744
Feature,13.463995517922386,52.51845047265799,Grünanlage,"Bänschstraße, Grünanl.",Promenade,4354.36,1191.74,3.6538
Feature,13.431059831795059,52.510551552736075,Grünanlage,Am Ostbahnhof/ Andreasstr.,Stralauer Platz,4019.0,263.35,15.2613
Feature,13.44507323394866,52.516938083052885,Grünanlage,Karl-Marx-Allee 71-143,3 Teilstücke,18353.47,2051.33,8.9471
Feature,13.423919864123569,52.52770544935108,Grünanlage,"Otto-Braun-Str., Grünanl.",Königstor,2254.53,220.66,10.2174
Feature,13.423444664712035,52.52424355216099,Grünanlage,Mollstraße 20-29,,6314.55,844.83,7.4744
Feature,13.456029368029405,52.50291537735472,Grünanlage,Rudolfplatz,,5351.27,518.54,10.3198
Feature,13.425211098591857,52.51507287045364,Grünanlage,Lichtenberger Straße vor 28-37,Bezirksgrenze zu Mitte,4319.86,566.89,7.6203
Feature,13.429479188063087,52.523917979511815,Grünanlage,Platz der Vereinten Nationen vor 27-32,Tannenwald,4827.25,355.96,13.5612
Feature,13.430631280634017,52.52393330167128,Grünanlage,Platz der Vereinten Nationen 1-2,Brunnen,7103.14,415.55,17.0935
Feature,13.430903110445355,52.5227483226747,Grünanlage,Platz der Vereinten Nationen vor 3-12,,11146.7,778.23,14.3232
Feature,13.46983483016423,52.51097566954084,Grünanlage,Traveplatz,,6349.65,533.33,11.9056
Feature,13.427959911337746,52.52285429924569,Grünanlage,Platz der Vereinten Nationen vor 15-22,Supermarkt,3352.6,404.35,8.2914
Feature,13.45052979799839,52.52116995491042,Grünanlage,"Petersburger Platz, Grünanl.",,7510.97,670.36,11.2045
Feature,13.46689769208022,52.50475629532105,Grünanlage,Annemirl-Bauer-Platz,Lenbachstr. 11-13,4150.15,415.94,9.9778
Feature,13.457413309528874,52.50943626668974,Grünanlage,Simplonstr./ Gabriel-Max-Str./ Wühlischstr.,Dreieck,694.32,130.22,5.332
Feature,13.471849451138926,52.49652980357509,Grünanlage,"Fischzug, Promenade",Promenade,5426.52,899.6,6.0321
Feature,13.471294516772584,52.495888110669995,Grünanlage,Fischzug/ Bahrfeldstr.,Engelwiese,4234.16,432.48,9.7905
Feature,13.480148911916901,52.49229391460943,Grünanlage,Alt-Stralau 32B-34/ Tunnelstr.47A-49C,"Ufergrünzug Rummelsburger See, Bartholomäus-Ufer",3385.43,712.23,4.7533
Feature,13.44359470233247,52.50341389464361,Grünanlage,Mühlenstr. 64-73,East-Side-Park,12707.57,1087.03,11.6902
Feature,13.435406417222588,52.50727744770038,Grünanlage,Mühlenstr. 47,Park an der Spree,20316.98,693.14,29.3115
Feature,13.472660939328346,52.497400449379036,Grünanlage,"Fischzug, Ufer",Ufergrünzug Rummelsburger See,7684.95,895.84,8.5785
Feature,13.47601507679008,52.49220502532823,Grünanlage,Alt-Stralau 30-32,Ufergrünzug Spree,991.05,255.51,3.8788
Feature,13.432094006993763,52.50843583343498,Grünanlage,Stralauer Platz 33-34,am Ufer,787.4,187.36,4.2027
Feature,13.47581536482066,52.49370302003498,Grünanlage,Alt-Stralau 36,Durchwegung Schule,2198.52,460.01,4.7793
Feature,13.374257704349322,52.49450233466535,Grünanlage,"Gleisdreieck, Möckernstraße 42, 44","""Wäldchen""",36324.49,1134.05,32.0307
Feature,13.403699199855376,52.501098888798374,Grünanlage,Lobeckstr./ Alexandrinenstr.,Durchgangsweg,3167.12,374.7,8.4523
Feature,13.435696116874821,52.52729082389305,Grünanlage,Volkspark Friedrichshain,Park inkl. Neuer Hain,398644.93,8315.13,47.9421
Feature,13.459927833126615,52.51077473445903,Grünanlage,"Boxhagener Platz, Grünanl.",,5152.26,369.86,13.9303
Feature,13.391996271517222,52.50381155158873,Grünanlage,Besselpark,,12055.71,677.25,17.8011
Feature,13.380099430201025,52.500556850216064,Grünanlage,Elise-Tilse-Park,"Anhalter Bahnhof, Hochfläche",28253.08,821.45,34.3942
Feature,13.406017933459768,52.50295222885883,Grünanlage,Ritterstr./ Lobeckstr.,,3273.13,576.48,5.6778
Feature,13.375985359588661,52.5023716966002,Grünanlage,Hallesches Ufer zw. Köthener- u. Schöneberger Brücke,ggü. Mendelssohn-Bartholdy-Park,2026.7,316.61,6.4012
Feature,13.46528741038309,52.50461729664271,Grünanlage,Simplonstr. 58-62,Revaler Str.,779.38,221.05,3.5258
Feature,13.371844807818789,52.499248318807496,Grünanlage,"Gleisdreieck, Westpark",,80110.18,2676.28,29.9334
Feature,13.392049134870042,52.50660682786851,Grünanlage,Rudi-Dutschke-Str./ Charlottenstr.,,835.67,156.01,5.3564
Feature,13.436763396826294,52.52433456223775,Grünanlage,"Volkspark Friedrichshain, Märzgefallenen","Gedenkstätte d. Märzgefallenen, Ernst-Zinna-Weg 1",7986.23,407.5,19.5979
Feature,13.423647680032213,52.504055171194224,Grünanlage,"Bethanien, Hof",Freiluftkino,4709.17,358.09,13.1506
Feature,13.485536671336588,52.48956720777148,Grünanlage,Kratzbruch,GLB,1889.61,206.94,9.1314
Feature,13.450142453044045,52.51483211523026,Grünanlage,"Lasdehner Straße 13, 15",Durchgang Kadiner Str.,1564.77,194.27,8.0547
Feature,13.480954761731457,52.491620625278756,Grünanlage,Tunnelstr. 38-44,"Hansa Werft, Ufergrünzug Rummelsburger See",1871.92,380.49,4.9197
Feature,13.4461017799557,52.50252956538688,Grünanlage,Am Oberbaum,,728.02,116.71,6.2379
Feature,13.444986887445891,52.50862398561889,Grünanlage,"An der Ostbahn, Grünanl.",,788.09,325.92,2.4181
Feature,13.472856533084933,52.516419838197784,Grünanlage,Pettenkoferstr. 5,,931.29,200.17,4.6525
Feature,13.42381753034496,52.50481378427554,Grünanlage,"Bethanien, Gärten","Ton, Steine, Gärten",1134.19,182.13,6.2275
Feature,13.392122567091356,52.50452872215981,Grünanlage,Charlottenstr. 98,,5022.75,564.09,8.9042
Feature,13.395767609947338,52.50617445015331,Grünanlage,"Lindenstr. 76, Markgrafenstraße",Markgrafenpark,3982.19,624.36,6.378
Feature,13.457060543049865,52.51433304463133,Grünanlage,"Frankfurter Allee 6A,14A",,1588.91,187.54,8.4723
Feature,13.448962506608137,52.49644297762577,Grünanlage,Lohmühleninsel,Vor dem Schlesischen Tor 1,3817.45,769.18,4.963
Feature,13.473433076819974,52.51181947586495,Grünanlage,"Ede-und-Unku-Weg, Grünanl.",Durchwegung Dossestr.- Scharnweberstr.,634.2,329.0,1.9276
Feature,13.442233260090132,52.51105048908709,Grünanlage,"Am Wriezener Bahnhof, Grünanl.",Platz am Berghain,4248.38,311.19,13.652
Feature,13.376534624303035,52.49441590660767,Grünanlage,"Gleisdreieck, Ostpark",,123205.25,4857.29,25.365
Feature,13.469968006473978,52.494981097849404,Grünanlage,Alt-Stralau 55,Engelwiese Wohnpark,2238.57,221.1,10.1247
Feature,13.410258793437443,52.504089032987004,Grünanlage,Oranienstr. 59-62,Ecke Prinzenstr.,1642.27,172.82,9.5027
Feature,13.433051386430341,52.52294693945416,Grünanlage,Friedenstraße,,831.47,161.11,5.1609
Feature,13.466817285676928,52.494846346125605,Grünanlage,Alt-Stralau 4-12,Ufergrünzug Spree,3362.51,691.68,4.8613
Feature,13.371046121031704,52.49536484964687,Grünanlage,"Gleisdreieck, Gleisinseln",,43561.29,2049.31,21.2565
Feature,13.370096110062448,52.496275765466756,Grünanlage,"Gleisdreieck, Dennewitzstr.","Yorckstr. 35, 42",10655.49,893.72,11.9226
Feature,13.445829031444994,52.509484568532656,Grünanlage,"Helsingforser Str., Grünanl.",Wriezener Park,17566.71,1395.72,12.5861
Feature,13.469713172111442,52.49377678503107,Grünanlage,Alt-Stralau 13-15,Ufergrünzug Spree,897.35,267.18,3.3586
Feature,13.400096023576213,52.492525565925206,Grünanlage,Schleiermacherstr./ Baerwaldstr.,Durchgang,1406.76,430.89,3.2648
Feature,13.454684997701897,52.516023458330785,Grünanlage,Frankfurter Tor 3-5,Durchgang zur Liebig,952.77,206.5,4.6139
Feature,13.481273802833503,52.490650648451165,Grünanlage,Tunnelstr. 37,Pocketpark 1 und Ufergrünzug Rummelsburger See,5299.37,612.16,8.6569
Feature,13.439758459024029,52.513138759439805,Grünanlage,Franz-Mehring-Platz 1,,5198.81,345.29,15.0563
Feature,13.453133334505523,52.515524540894596,Grünanlage,Frankfurter Tor 8-9,"Durchgang ""Kloster""",1292.15,204.21,6.3276
Feature,13.47412627302453,52.51290945770328,Grünanlage,Frankfurter Allee 106-106A,Hinterland,2452.44,200.7,12.2194
Feature,13.4318041554561,52.52510076300174,Grünanlage,"Volkspark Friedrichshain, ehemals Park-Pavillion",,1899.17,185.03,10.2644
Feature,13.43387666202065,52.51709027163514,Grünanlage,Karl-Marx-Allee 70C-F,Hinterland,1250.39,325.83,3.8375
Feature,13.453163518974486,52.51617086063763,Grünanlage,Frankfurter Tor 1-2,Zierfische,1171.08,261.09,4.4854
Feature,13.435485325354675,52.519903594518105,Grünanlage,Palisadenstr. zw. Schulweg und Kirche,Palisadenstr. neben 73-74,650.11,204.39,3.1808
Feature,13.429205619113606,52.52216959606409,Grünanlage,Platz der Vereinten Nationen neben 14,Rasen vor Supermarkt,3841.8,384.58,9.9896
Feature,13.417512747110393,52.496411214457055,Grünanlage,Regina-Jonas-Str. 38,Fraenkelufer neben 10,1837.29,220.47,8.3334
Feature,13.377015175264582,52.50161780535091,Grünanlage,Hallesches Ufer zw. Schöneberger u. Möckernbrücke,,4728.13,808.1,5.8509
Feature,13.385450060339325,52.48842623881158,Grünanlage,Mehringdamm 90,Wilhelmshöhe,2099.29,192.4,10.9109
Feature,13.380069214675778,52.494336236470886,Grünanlage,"Hornstraße, Grünanl.",Mittelpromenade,3355.71,630.46,5.3226
Feature,13.397347182727703,52.4974616916883,Grünanlage,"Brachvogelstr., Grünanl.",Uferböschung zw. Zossener Str. u. Waterloobrücke,3336.81,412.64,8.0865
Feature,13.394151448703667,52.496990077927784,Grünanlage,Waterloo-Ufer 7 / Blücherplatz,Grillplatz,9540.35,513.37,18.5839
Feature,13.403699836566085,52.49460873261098,Grünanlage,"Baerwaldstr., Grünanl.",Promenade,8146.69,600.77,13.5605
Feature,13.380211006112669,52.48818569848294,Grünanlage,Viktoriapark,,115864.67,2826.93,40.986
Feature,13.396692997440358,52.48911249829237,Grünanlage,"Marheinekeplatz, Grünanl.",,1170.84,301.15,3.888
Feature,13.40763207150053,52.491015648659776,Grünanlage,"Fontanepromenade, Grünanl.",,5398.45,755.08,7.1495
Feature,13.408428199888897,52.49536885411789,Grünanlage,Urbanhafen,Carl-Herz-Ufer/ Planufer,17671.81,1372.08,12.8795
Feature,13.391167574974466,52.48820924862395,Grünanlage,Chamissoplatz,,2236.0,365.51,6.1174
Feature,13.4220237681132,52.49092959520311,Grünanlage,Hohenstaufenplatz,,8009.2,883.38,9.0666
Feature,13.402594989903033,52.49647504408536,Grünanlage,"Carl-Herz-Ufer, Grünanl.",,10816.76,1234.76,8.7602
Feature,13.413453013761206,52.49260652037572,Grünanlage,Grimmstr. Promenade,,9186.87,1012.95,9.0694
Feature,13.396075181321203,52.496589216933465,Grünanlage,Zossener Str. 65,Heilig-Kreuz-Kirche,2502.67,338.14,7.4014
Feature,13.443144814120364,52.49355953125855,Grünanlage,"Görlitzer Ufer, Grünanl.",zw. Reichenberger Str. u. Taborstr.,9181.25,1192.59,7.6986
Feature,13.43983413422876,52.49147751239585,Grünanlage,Ratiborstr. 14B,Studentenbad,7140.45,696.69,10.2491
Feature,13.43197724589481,52.492707199846876,Grünanlage,"Paul-Lincke-Ufer, Grünanl.",zw. Ratiborstr. und Mariannenstr.,14413.45,2668.69,5.401
Feature,13.443843869049317,52.498365221007454,Grünanlage,Cuvrystr. 13-15/ Falckensteinstr. 39-40,Durchgang,2615.58,445.81,5.867
Feature,13.438072819904514,52.496521879184726,Grünanlage,Görlitzer Park,,106061.14,4224.57,25.1058
Feature,13.448442953042806,52.49577293859231,Grünanlage,"Lohmühleninsel, WSV",Böschung Flutgraben,2670.77,519.91,5.137
Feature,13.395160434483689,52.49808773591507,Grünanlage,"Gitschiner Straße, an  Zossener Brücke",,881.41,171.96,5.1256
Feature,13.422362015704426,52.5049747759429,Grünanlage,Bethanien,Bethanienpark,21604.21,2571.15,8.4025
Feature,13.42508020783538,52.49940535264098,Grünanlage,Skalitzer Str. 108,Blockspitze,1585.12,290.01,5.4658
Feature,13.443692583362322,52.50135265520372,Grünanlage,Oberbaumstr. 4,May-Ayim-Ufer,3982.29,315.72,12.6132
Feature,13.443258842697892,52.50076144801169,Grünanlage,Oberbaumstr. 8,Oberbaumstr./ Schlesische Str.,1142.91,162.75,7.0225
Feature,13.430965343625623,52.50021990102807,Grünanlage,"Lausitzer Platz, Grünanl.",,6901.74,886.4,7.7863
Feature,13.416310492574711,52.50298820890986,Grünanlage,"Oranienplatz, Grünanl.",mit Promenade nördl. Reichenberger Str.,15732.3,1218.92,12.9067
Feature,13.425373614923444,52.503888099174276,Grünanlage,"Mariannenplatz, Grünanl.",,29908.22,1201.86,24.8848
Feature,13.406983544650833,52.4974737577832,Grünanlage,Böcklerpark,"Prinzenstr. 1, Böcklerstr.",37877.77,2029.38,18.6647
Feature,13.402374282598892,52.506224697108,Grünanlage,Waldeckpark,Oranienstr./ Alte Jakobstr.,19996.8,1632.12,12.2521
Feature,13.404717150373019,52.496717634234855,Grünanlage,Alexandrinenstr./ Prinzenstr. am Landwehrkanal,Promenade am Sommerbad/ Pappelweg,4322.19,881.01,4.906
Feature,13.412495383953805,52.497675082202136,Grünanlage,Wassertorplatz Süd,incl. Promenade zw. Segitz- u. Erkelenzdamm,11383.28,793.96,14.3374
Feature,13.413730754295793,52.499326801709394,Grünanlage,Wassertorplatz Nord,incl. Promenade südl. Reichenberger Str.,6064.77,768.49,7.8918
Feature,13.399505258587565,52.49778570819159,Grünanlage,Gitschiner Str. 12,Ecke Alexandrinenstr.,2297.99,225.16,10.2059
Feature,13.397639484333041,52.49788175532347,Grünanlage,Gitschiner Str. 2-6,am Pumpwerk,4533.22,434.23,10.4396
Feature,13.381128819674998,52.5025216402554,Grünanlage,Askanischer Platz 6,Anhalter Bahnhof,15156.58,1195.55,12.6775
Feature,13.390291953336051,52.50144655235111,Grünanlage,Theodor-Wolff-Park,Friedrichstr. 238,8433.0,950.04,8.8764
Feature,13.379343385871081,52.50229149279827,Grünanlage,Schöneberger Str. 22A,Veloroute zum Anhalter Bahnhof,1305.73,253.4,5.1528
Feature,13.38131590448702,52.50375082464549,Grünanlage,Askanischer Platz 5,Ecke Schöneberger Str.,1238.45,150.78,8.2136
Feature,13.393328706427035,52.498314535089044,Grünanlage,Gitschiner Str. 110,Mehringplatz,5073.05,451.23,11.2427
Feature,13.39056693788622,52.498160387379116,Grünanlage,Hallesches Ufer/ Mehringplatz,,5110.03,646.97,7.8984
Feature,13.376573084127385,52.50295947811246,Grünanlage,Mendelssohn-Bartholdy-Park,,19305.26,704.41,27.4061
Feature,13.388303683757526,52.50278093956148,Grünanlage,"Wilhelmstr. vor 15, Hedemannstr. 10",,970.83,135.32,7.1744
Feature,13.404655198505306,52.518513433212064,Grünanlage,Marx-Engels-Forum,Rathausstr.,40310.5,805.92,50.018
Feature,13.412467287888042,52.518120012394235,Grünanlage,Klosterkirche Grünanlage,"ehem.""Graues Kloster"" ggb. Amtsgericht Mitte",5120.54,499.58,10.2497
Feature,13.414128706937644,52.51679389212363,Grünanlage,Alte Stadtmauer zw. Littenstr. u. Waisenstr.,,3123.86,526.82,5.9297
Feature,13.415899027597693,52.51552666880552,Grünanlage,Rolandufer-Littenstr.-Stralauer Str.,"""GASAG-Vorplatz"" Park am Rolandufer",2456.51,209.61,11.7195
Feature,13.407765972967224,52.52003434808811,Grünanlage,Fernsehturmanlage zw. Fernsehturm u. Spandauer Str.,Fernsehturmanlage mit Kaskaden und Neptunbrunnen,47059.83,1744.3,26.9793
Feature,13.421313610482418,52.51478293356921,Grünanlage,Holzmarktstr. 56 - 65,,4612.61,501.07,9.2056
Feature,13.424847935521072,52.51729643424611,Grünanlage,Singerstr. 109 - 117,Hinterland Lichtenberger Str.,3392.88,363.05,9.3456
Feature,13.420694072489775,52.519527724738694,Grünanlage,Schillingstr. 24 - 26,,1121.85,319.92,3.5067
Feature,13.423726950278644,52.51784376736608,Grünanlage,Neue Blumenstr. 11-13,,1679.23,330.9,5.0747
Feature,13.425811771613429,52.51793256875566,Grünanlage,Neue Blumenstr. 19 - 21,,2709.37,329.63,8.2193
Feature,13.421578268494404,52.522357918825435,Grünanlage,Berolinastr.12 - 17,,724.68,108.37,6.6873
Feature,13.420814899193447,52.52113588968919,Grünanlage,Karl-Marx-Allee 5a - 25a,,4196.53,676.01,6.2078
Feature,13.42519731703229,52.51496799571796,Grünanlage,Holzmarktstr.- Lichtenberger Str.,,5973.62,659.55,9.0571
Feature,13.422843701096062,52.52256718355315,Grünanlage,Mollstr. 12-14 / Berolinastr. 25-32,,2621.66,331.96,7.8975
Feature,13.41347631714565,52.50766304695688,Grünanlage,Annenstr. - Heinrich-Heine-Str.,zw. Annenstr. u. Dresdener Str.,2774.29,263.25,10.5386
Feature,13.40771269350958,52.508820671248465,Grünanlage,Luisenstädtischer Kirchpark,,11925.21,856.42,13.9245
Feature,13.41802581532769,52.5094708444841,Grünanlage,Köpenicker Str.- Heinrich-Heine-Str.,Schmidstr. Druckerei,1146.87,427.65,2.6818
Feature,13.4145542696658,52.514105740318904,Grünanlage,Spreeuferpromenade Märkisches Ufer,an Chinesischer u. Brasilianischer Botschaft bis Jannowitzbrücke,8091.01,866.77,9.3346
Feature,13.414249258533914,52.51304597476177,Grünanlage,Köllnischer Park,,9270.77,838.25,11.0596
Feature,13.420929793450211,52.50712593964706,Grünanlage,Michaelkirchplatz 7-10,Melchiorstr.,1604.05,270.82,5.923
Feature,13.354233993787869,52.54002636704214,Grünanlage,Pekinger Platz,,1977.13,393.55,5.0238
Feature,13.36984553147545,52.53681529224583,Grünanlage,Boyenstr. am  Erika-Heß-Eisstadion,einschl. Chausseestr. 83,9537.35,1035.91,9.2068
Feature,13.338920328806873,52.55740505411719,Grünanlage,Kolonie Togo Hauptwegekreuz,Durchgänge Togostr. /Müllerstr.,10364.71,1412.12,7.3398
Feature,13.337160626225014,52.54080873598925,Grünanlage,Eckernförder Platz,,30174.19,1112.01,27.1349
Feature,13.385347911163311,52.54885173005603,Grünanlage,Blochplatz / Böttgerstr. an der S-Bahn,Bahnböschung,3993.17,485.65,8.2223
Feature,13.394835466312195,52.55723462270787,Grünanlage,"Grüntaler Str., Promenade",zw. Bornholmer Str. u. Kolonie Grüntal,7685.41,1119.53,6.8648
Feature,13.343732510679878,52.56163548884175,Grünanlage,Müllerstr. / Themsestr.,Eifelturm neben Centre Francais,8391.61,1256.1,6.6807
Feature,13.336988233977127,52.56240636086675,Grünanlage,Belfaster Str. / Cambridger Str.,Grünzug,4808.15,598.85,8.0289
Feature,13.366103593791028,52.55763457466539,Grünanlage,Louise-Schroeder-Platz Osthälfte,Osthälfte,4261.28,265.7,16.038
Feature,13.370033850207522,52.54059601932724,Grünanlage,Weddingplatz,,3739.97,683.36,5.4729
Feature,13.374232281935257,52.538892027803236,Grünanlage,Panke Grünzug Süd,Pankstr. bis Chausseestr.,42864.83,3522.56,12.1686
Feature,13.379911075478716,52.55434102660318,Grünanlage,Panke Grünzug Mittelabschnitt,zw. Osloer Str. u. Pankstr.,31766.67,3796.52,8.3673
Feature,13.360509945773924,52.54192888983295,Grünanlage,Sparrplatz,ohne Straßenränder auf TBA-Land,6872.77,1051.86,6.5339
Feature,13.353359256101005,52.54594759552898,Grünanlage,Zeppelinplatz,,10063.12,987.93,10.1861
Feature,13.362333979721893,52.54910008098019,Grünanlage,Leopoldplatz,,22983.19,1994.24,11.5248
Feature,13.363478755788197,52.5376289728488,Grünanlage,Nordhafenpark Ost,Am Nordhafen zw. Fenn- u. Sellerstr. OT Wedding,9551.32,659.14,14.4906
Feature,13.385506659136706,52.54518013643166,Grünanlage,Volkspark Humboldthain,,228869.05,4531.75,50.5034
Feature,13.344248081968551,52.534180138764405,Grünanlage,Quitzowstr. 109,20565,1491.82,173.67,8.5902
Feature,13.354924617303732,52.5472786395291,Grünanlage,Ostender Str. 46 / Genter Str.,hinter Rathaus Wedding,2582.98,383.53,6.7347
Feature,13.378942983733252,52.541409691363086,Grünanlage,Gartenstr. / Grenzstr. Eckgrundstück,Himmelbeet,2176.09,384.35,5.6618
Feature,13.330518241574248,52.55105689345851,Grünanlage,Volkspark Rehberge,Parkteil AK 2,633991.86,12248.25,51.7618
Feature,13.364008782096118,52.544441778633946,Grünanlage,Max-Josef-Metzger-Platz,(ehem. Courbiere-Platz),11184.5,1207.49,9.2626
Feature,13.365592168790956,52.536868501845134,Grünanlage,Sellerpark,Sellerstr. am Nordhafen,8494.8,521.15,16.3
Feature,13.36362943180376,52.55114832863431,Grünanlage,Hochstädter Str. 8,,1174.88,192.6,6.1001
Feature,13.376643167093844,52.550209136142506,Grünanlage,Brunnenplatz,vorm Amtsgericht,19509.63,855.49,22.8053
Feature,13.359107557556003,52.538759826208846,Grünanlage,Mettmannplatz,Tegeler Str. 55 / Nordufer,4153.06,646.04,6.4285
Feature,13.364148037587322,52.545715465593,Grünanlage,Ruheplatzstr. 3,Park am Urnenfriedhof Gerichtstr.,6622.75,634.04,10.4454
Feature,13.385548072092327,52.56174471157771,Grünanlage,Panke Grünzug Nord,zw. Kühnemannstr. u. Osloer Str.,48110.19,6266.75,7.6771
Feature,13.324844745200712,52.560585472481876,Grünanlage,Kurt-Schumacher-Damm / Charles-Corcelle-Ring,Rasenspiegel am KSD,4309.73,647.24,6.6587
Feature,13.385183533911546,52.5493659894634,Grünanlage,Blochplatz,,6800.12,542.65,12.5312
Feature,13.353642472779615,52.55642855329994,Grünanlage,Schillerpark,Volkspark   (Pk 2),279484.42,5899.37,47.3753
Feature,13.335697507995752,52.55554199985124,Grünanlage,Afrikanische Str. zur Togostr.,"Eckgrundstück ""Togodreieck""",3165.9,245.05,12.9194
Feature,13.384041548946554,52.53771466607752,Grünanlage,Gartenplatz,mit Seniorengarten,8932.93,1163.23,7.6794
Feature,13.332509672674307,52.51201719394947,Grünanlage,Müller-Breslau-Str. Ufer,,882.76,405.83,2.1752
Feature,13.342502777498254,52.522574850288095,Grünanlage,Spreeuferpromenade Holsteiner Ufer,zw. Moabiter Brücke und Lessingbrücke,3126.75,894.44,3.4958
Feature,13.364152408869543,52.52507005312229,Grünanlage,Invalidenstr. 55 a-b,zw. Lehrter Str. u. Lesser-Ury-Weg,3176.16,402.57,7.8897
Feature,13.365377470245978,52.52821161735981,Grünanlage,"Lehrter Str. 5a-d,",Beamtenfriedhof,1308.88,144.76,9.0419
Feature,13.337188271477189,52.546746692259525,Grünanlage,Goethepark,Parkteil AK 2,72938.09,1249.42,58.3776
Feature,13.377777962333164,52.55864102663578,Grünanlage,Drontheimer Str. 10 / Koloniestr. 132/3,,1369.11,316.99,4.3191
Feature,13.415767453878097,52.509293799892134,Grünanlage,Heinrich-Heine-Str. / Schmidstr.,U-Bhf. Eingang H.-Heine-Str.,1634.01,210.8,7.7516
Feature,13.337240987706103,52.534129590787096,Grünanlage,Siemensstr. 27,Bürgergarten im Moabiter Stadtgarten,1050.34,132.91,7.9029
Feature,13.336577655955018,52.53365925226871,Grünanlage,Siemensstr. 27,Moabiter Stadtgarten / Park,8966.3,1131.29,7.9257
Feature,13.338545408683906,52.50798045256425,Grünanlage,Zoologischer Garten,zw. Hardenbergplatz und Landwehrkanal,283444.15,2228.06,127.2154
Feature,13.417868085799084,52.5081587577599,Grünanlage,Schmidstr. 1 - 11,,1679.75,180.24,9.3195
Feature,13.367709221411037,52.53473219910195,Grünanlage,Promenade Berlin-Spandauer-Schifffahrtskanal Kieler Str. WSA,,3303.66,645.84,5.1153
Feature,13.353092700357152,52.53616556701413,Grünanlage,Quitzowstr. / Ellen-Epstein-Str.,"Deportationsweg, Gedenkort Güterbahnhof Moabit",1172.28,260.08,4.5074
Feature,13.374656701635242,52.53313971832667,Grünanlage,Park an der Südpanke,südlich Ida-von-Arnim-Str,22033.18,1025.04,21.495
Feature,13.317974932694206,52.54811814842477,Grünanlage,Fernradwanderweg Berlin--Kopenhagen,westl. Kolonie Plötzensee,3137.44,1433.13,2.1892
Feature,13.412191567157901,52.51830540612412,Grünanlage,Klosterkirche  Freifläche um Ruine,Parkanlage im Ensemble mit 1110-1,804.1,327.27,2.457
Feature,13.36666253057071,52.52858216707771,Grünanlage,Döberitzer Grünzug Süd,zw. Döberitzer Verbindung und Minna.Cauer-Str.,14737.48,968.29,15.2201
Feature,13.338674782210713,52.52156581480996,Grünanlage,Bundesratufer /  Bochumer Str.,"Uferpark Bundesratufer od ""Bochumer Pl""",744.12,203.37,3.659
Feature,13.368563401671057,52.52235462198444,Grünanlage,Spreeuferpromenade Rahel-Hirsch-Str.,zw. Moltkebrücke und Humboldthafen,3502.76,533.91,6.5606
Feature,13.398394356197294,52.5140190316037,Grünanlage,Nordpark auf dem Friedrichswerder,Kurstr/ Niederwallstr./ Caroline-von-Humboldt-Weg,3296.55,367.23,8.9769
Feature,13.379120839067964,52.51959496500808,Grünanlage,Spreeuferpromenade Schiffbauerdamm zw. Marschalbrücke und MEL-Haus,südl. Marie-Elisabeth-Lüders-H,2995.23,345.06,8.6802
Feature,13.375674420165595,52.52233266646509,Grünanlage,Spreeuferpromenade Kapelle-Ufer,,6097.99,919.91,6.6289
Feature,13.37846865252776,52.519082667107256,Grünanlage,Spreeuferpromenade Reichstagsufer zw. Marschallbrücke u. Friedrich-Ebert-Platz,,3334.55,515.72,6.4658
Feature,13.33436713764965,52.5451405206766,Grünanlage,Goethepark,Parkteil AK 3,21161.96,2075.92,10.194
Feature,13.3261230807006,52.547250167389485,Grünanlage,Park am Plötzensee,ehem. Friedhof am Plötzensee,192403.26,5657.03,34.0113
Feature,13.386465942006259,52.55234923301335,Grünanlage,Grüntaler Str. 78-85,Grünzug ehem. Stettiner Eisenbahntrasse,2143.15,392.7,5.4575
Feature,13.386696122192449,52.556727215059354,Grünanlage,Biesentaler Str. 7,zw. Prinzenallee u. Wriezener Str.,2697.35,520.64,5.1809
Feature,13.34565923643303,52.51848735636126,Grünanlage,Hanseatenweg,ggü. Akademie der Künste,863.18,122.26,7.0603
Feature,13.389372906215835,52.55403324917112,Grünanlage,Grüntaler Str. 77 / Bellermannstr. 81,Grünzug ehem. Stettiner Eisenbahntrasse,5767.7,814.74,7.0792
Feature,13.331007064580106,52.54055355109789,Grünanlage,Seestr. 131 Tiergarten,Restgrünfläche,1111.8,292.04,3.807
Feature,13.362126794191465,52.55844264397689,Grünanlage,Schillerhöhe,zw. Markstr. und Brienzer Str.,6881.06,829.61,8.2944
Feature,13.369008090082088,52.518391842571724,Grünanlage,Platz der Republik,Skulpturenwiese / Symposium,40202.25,820.42,49.0021
Feature,13.372768226107606,52.52015715261447,Grünanlage,Bundesforum,zw. Kanzleramt u. Paul-Löbe-Haus,14119.51,684.82,20.6178
Feature,13.309449416132397,52.55199268647534,Grünanlage,Allee du Stade / Quartier Napoleon,"Biotop, neben Radweg, südl. Q.Napoleon",20440.06,2856.77,7.155
Feature,13.336639246750446,52.51160301066136,Grünanlage,Schleuseninsel,GT vor Strömungsversuchsanstalt d. FU,2425.89,360.33,6.7324
Feature,13.414877545760072,52.509367176662444,Grünanlage,Heinrich-Heine-Str. 2 - 16,,4154.88,606.61,6.8493
Feature,13.369280745628457,52.53309612789775,Grünanlage,Promenade Berlin-Spandauer-Schifffahrtskanal Scharnhorststr. 28-29,hinter Scharnhorststr. 28/29,896.17,218.02,4.1105
Feature,13.404040347774274,52.52846973430935,Grünanlage,Garnisonfriedhof,,8684.75,477.67,18.1814
Feature,13.37100077257749,52.53211129345995,Grünanlage,Invalidenfriedhof,,21330.69,803.55,26.5457
Feature,13.395520306963297,52.51803261086146,Grünanlage,Kastanienwäldchen Neue Wache,,3665.85,340.7,10.7596
Feature,13.372315629545412,52.55722974370936,Grünanlage,Schwedenstr. U-Bhf Osloer Str.,zw. Osloer Str. u. Reginhardstr.,1530.47,164.19,9.3212
Feature,13.400742914330406,52.51484399133093,Grünanlage,Spreekanalpromenade zw. Schleusenbrücke u. Sperlingsgasse,,1291.15,308.29,4.1882
Feature,13.419674541742703,52.50685737485899,Grünanlage,Michaelkirchplatz,,10209.22,804.47,12.6906
Feature,13.361926548848588,52.53671329509201,Grünanlage,Nordhafenpark West,OT Tiergarten an der Heidestr.,7141.0,760.07,9.3951
Feature,13.39923740862672,52.51861110652109,Grünanlage,Lustgarten,,19952.04,672.08,29.6868
Feature,13.361701781052595,52.518151026003856,Grünanlage,Großer Tiergarten Nordwest,"John-Foster-Dulles-Allee, Bettina-von-Arnim-Ufer",27959.69,1543.18,18.1182
Feature,13.395624431271305,52.51678564856329,Grünanlage,Prinzessinnengarten,"östlicher Bebelplatz, ehem. Operncafé",3272.95,247.02,13.2498
Feature,13.33085571697335,52.51793483864554,Grünanlage,Spreeuferpromenade Hansaufer / Wullenw.Str.,,8533.87,1227.87,6.9501
Feature,13.36243964971796,52.50486471115048,Grünanlage,Kluckstr. 1-17 Schutzstreifen,Schöneberger Ufer bis Lützowstr.,1696.18,267.62,6.3381
Feature,13.336960351443267,52.52584988940196,Grünanlage,Kleiner Tiergarten - Ottopark,Ottoplatz,12679.47,1222.57,10.3712
Feature,13.34602955913928,52.525608276580705,Grünanlage,Kleiner Tiergarten Ost,östlich der Stromstr.,34372.13,1557.45,22.0695
Feature,13.352603548596186,52.50476310435816,Grünanlage,Lützowplatz,,10722.25,513.0,20.9012
Feature,13.344473239902005,52.51644129406674,Grünanlage,Großer Tiergarten - Altonaer  Str. 3 - 9,,3038.38,286.0,10.6235
Feature,13.34019511748477,52.518055377851674,Grünanlage,Klopstockstr. 3 bis Altonaer Str.,Grünzug parallel Stadtbahntrasse,9661.41,1296.98,7.4492
Feature,13.3388377617314,52.51959220129129,Grünanlage,Spreeuferpromenade Schleswiger Ufer,Lessingbrücke bis Charlottenburg,13113.68,1785.06,7.3463
Feature,13.353778381336907,52.51889728388023,Grünanlage,Paulstr. 20 A,"""Bundespräsidenten-Dreieck"" und Spreeuferpromenade",19708.4,796.31,24.7496
Feature,13.340912419754353,52.51915965274293,Grünanlage,Lessingstr. an der Stadtbahntrasse,zw. Altonaer Str. und Tankstelle,3558.57,261.51,13.6077
Feature,13.342982671291901,52.5179529447085,Grünanlage,Am Hansaplatz Ost,Ecke Bartningallee und Altonaer Str.,2976.58,245.15,12.1421
Feature,13.370944414304958,52.50458526793092,Grünanlage,Am Karlsbad 18,Grünanlage Karlsbad,18671.43,920.36,20.2871
Feature,13.355019146524498,52.52258423917581,Grünanlage,Carl-von-Ossietzky-Park,,19817.74,1118.44,17.7191
Feature,13.33835472135233,52.52842470524931,Grünanlage,Bremer Str. Ecke Bugenhagenstr.,am Verkehrsgarten ggü. Arminiushalle,1369.34,328.15,4.1729
Feature,13.340945758200847,52.52480572802721,Grünanlage,Essener Park,Essener Str. 7,3679.62,355.3,10.3564
Feature,13.35034641666751,52.53846448760704,Grünanlage,Friedrich-Krause-Ufer,zw. Torfstr.-Steg und S-Bahn,5970.73,1428.93,4.1785
Feature,13.395056198360315,52.53257277143392,Grünanlage,Pappelplatz,,2589.39,243.07,10.6528
Feature,13.372038262664494,52.52972903232002,Grünanlage,Promenade Berlin-Spandauer-Schifffahrtskanal zw. Sandkrugbrücke u. Invalidenfriedhof,am Bundesverkehrsministerium,3391.07,978.55,3.4654
Feature,13.32719316295579,52.524282015030224,Grünanlage,Spreeuferpromenade Kaiserin-Augusta-Allee 114-120,,3890.38,628.24,6.1925
Feature,13.349006261701671,52.52064476467885,Grünanlage,Spreeuferpromenade Holsteiner Ufer,zw. Gericke-Steg und Moabiter Brücke und am S-Bhf Bellevue,1774.53,428.01,4.146
Feature,13.363658009840899,52.51280028171077,Grünanlage,Großer Tiergarten,historischer Tiergarten in PK 3,1635672.36,33930.48,48.2066
Feature,13.403744065463735,52.5348981909862,Grünanlage,Zionskirchplatz,,5222.03,532.84,9.8004
Feature,13.405105936527734,52.51165117531717,Grünanlage,Spreekanalpromenade Fischerinsel 9 - 10,Uferweg,898.8,418.53,2.1475
Feature,13.328760725088086,52.53931093341353,Grünanlage,Seestr. 132 Tiergarten,Westhafenkanal / Spennrath-Brücke,1345.41,232.43,5.7884
Feature,13.356373714956483,52.52865078489244,Grünanlage,Fritz-Schloß-Park,,102171.39,2639.23,38.7126
Feature,13.33938870672517,52.53232815814865,Grünanlage,Bremer Str. 37 Ecke Birkenstr.,,1388.88,170.74,8.1343
Feature,13.337724582432898,52.53155973550768,Grünanlage,Bremer Str. 48,"Unionstr. 5, Wiclefstr. 8",13228.09,1244.58,10.6286
Feature,13.356680130228158,52.50693071840539,Grünanlage,Calandrelli-Anlage,Reichpietschufer / Von-der-Heydstr.,3427.88,395.73,8.6621
Feature,13.343713285396634,52.50950448018625,Grünanlage,Lichtensteinallee,,727.32,246.63,2.949
Feature,13.367721418654535,52.50842685183117,Grünanlage,Matthäikirchplatz,,1466.01,148.6,9.8656
Feature,13.34597982716038,52.51987713941276,Grünanlage,Bartningallee,südl. Stadtbahntrasse,4017.16,805.26,4.9886
Feature,13.34234206110805,52.51599131548272,Grünanlage,Händelallee 47 - 59,südl. U-Bhf Hansaplatz,2632.13,237.75,11.0709
Feature,13.339783471370882,52.52259987400062,Grünanlage,Spreeuferpromenade Bundesratufer,,6173.27,1095.9,5.6331
Feature,13.360478186538197,52.503581836735094,Grünanlage,Magdeburger Platz,,6486.34,576.37,11.2539
Feature,13.372547508871174,52.51859863159354,Grünanlage,Platz der Republik,Reichstagsvorplatz,32772.27,751.71,43.5968
Feature,13.375053656386608,52.506276086658126,Grünanlage,Tilla-Durieux-Park,,23807.83,1200.79,19.8268
Feature,13.364495264423473,52.52161873500189,Grünanlage,Kastanienrampe Moabiter Werder,mit Erweiterungsfläche neben Feuerwache,5687.44,556.01,10.229
Feature,13.373537582134817,52.51087108214112,Grünanlage,Henriette-Hertz-Park,,8711.25,521.67,16.6986
Feature,13.35884327257837,52.51836560789517,Grünanlage,Park am Moabiter Werder,M.-Hirschfeld-U. Spreewiesen u.Südallee,25377.97,1267.51,20.0219
Feature,13.345343066591058,52.508023870123274,Grünanlage,Katharina-Heinroth-Ufer,am Landwehrkanal bis Lichtensteinbrücke,5557.56,976.99,5.6885
Feature,13.372219697662928,52.52188337657746,Grünanlage,Spreebogenpark,,58629.6,1060.27,55.297
Feature,13.33508008659596,52.51056502181179,Grünanlage,Zoo-Verbindungsweg,"zw. Bhf. Zoo und Schleuse, auch ""Schleusenweg""",7710.97,752.69,10.2445
Feature,13.366191940697519,52.526849879537174,Grünanlage,Geschichtspark,Invalidenstr. 54 - 55,22277.57,850.61,26.19
Feature,13.339606541807399,52.51802090274884,Grünanlage,Bachstr.,zw. Bachstr. und Stadtbahntrasse,3737.71,323.87,11.5409
Feature,13.421863816129637,52.515745731680056,Grünanlage,Holzmarktstr. - Ifflandstr.,nördl. Sportplatz Holzmarktstr.,3668.57,481.21,7.6236
Feature,13.399085594484356,52.51049414139036,Grünanlage,Spittelkolonnaden,Marion-Gräfin-Dönhoff-Platz,5187.46,643.1,8.0663
Feature,13.407438485312841,52.51219780732393,Grünanlage,Spreekanalpromenade Fischerinsel 6,zw. Roßstraßenbrücke und Grünstraßenbrücke,1657.56,547.29,3.0287
Feature,13.40885431532126,52.51419741009291,Grünanlage,Fischerinsel 1 - 2,,10316.36,1130.96,9.1218
Feature,13.400155632026248,52.51986688872985,Grünanlage,"Berliner Dom,  Garten am Dom",Domschale an der Bodestr.,5045.82,386.48,13.0557
Feature,13.399585231563117,52.52433188834354,Grünanlage,Große Hamburger Str.,vor dem Jüdischen Friedhof,890.54,134.86,6.6036
Feature,13.396623341893527,52.52315385070689,Grünanlage,Monbijou Park,,32041.84,1698.55,18.8643
Feature,13.400579248174045,52.512310646642405,Grünanlage,Kurstr. / Niederwallstr.,Südpark auf dem Friedrichswerder,5170.44,336.91,15.3467
Feature,13.41114022012523,52.52734770917997,Grünanlage,Rosa-Luxemburg-Platz.,Außenareal an der Volksbühne,3525.09,458.66,7.6856
Feature,13.402672795208852,52.53736959515792,Grünanlage,Arkonaplatz,östl. Platzseite,4561.41,260.08,17.5383
Feature,13.409062456310503,52.52770352901267,Grünanlage,Max-Beer-Str. - Schendelpark,"""Schendelpark""",1662.79,329.12,5.0522
Feature,13.397826898923274,52.52841479722393,Grünanlage,Koppenplatz,,2147.01,194.25,11.053
Feature,13.393258963325973,52.519664732546,Grünanlage,Hegelplatz,,2674.98,250.73,10.6688
Feature,13.39865535586256,52.51650001695378,Grünanlage,Schinkelplatz,am Werderschen Markt,1471.07,159.97,9.1961
Feature,13.402201522999535,52.531930429287996,Grünanlage,Volkspark am Weinbergsweg,Ostteil am Weinbergsweg,8916.19,685.71,13.0029
Feature,13.382552380503492,52.52346047848462,Grünanlage,Agnes-Sorma-Park Reinhardtstr.,Reinhardtstr. Deutsches Theater,5900.29,438.91,13.443
Feature,13.37608286445487,52.529560529633436,Grünanlage,Invalidenpark,,19632.17,656.59,29.9003
Feature,13.404504126049995,52.51276251435852,Grünanlage,Fischerinsel 11 an der Schwimmhalle,,1488.51,208.87,7.1266
Feature,13.403799673538455,52.526743748959504,Grünanlage,"Jacob-Teitel-Park, ""Gormanndreieck""","Gormannstr./Rosenthaler Str.""Gormanndreieck""",2303.91,459.77,5.011
Feature,13.420002147924254,52.516294694001644,Grünanlage,Holzmarktstr. 73 - 75,,3757.09,1073.83,3.4988
Feature,13.400002154602827,52.527350879651664,Grünanlage,Gipsstr. 29 - 30,"""Gipsdreieck""",3200.75,378.19,8.4634
Feature,13.41732386621692,52.507499490313016,Grünanlage,"Schmidstr. 1 - 2, Annenstr. 3 - 5, Michaelkirchplatz 23 - 24",nördl. des Heinrich-Heine-Platzes,3046.52,358.72,8.4927
Feature,13.420227108945317,52.52329963994608,Grünanlage,Berolinastr. 5 - 21,Gehölzstreifen Berolinastr.,980.28,340.94,2.8753
Feature,13.40170941753498,52.5199144260033,Grünanlage,Vera-Brittain-Ufer,Spreeuferlpromenade am Radisson-SAS,2434.72,642.63,3.7887
Feature,13.399245141926665,52.52186861953551,Grünanlage,James-Simon-Park,"Monbijoupark Süd, ehem. Zirkus Busch-Gelände",12376.17,555.33,22.2862
Feature,13.408972780788822,52.51006038325046,Grünanlage,Sebastianstr. - Jacobstr. - Annenstr.,,8151.41,435.13,18.7331
Feature,13.367733323396573,52.53487685469886,Grünanlage,Promenade Berlin-Spandauer-Schifffahrtskanal zw. Kieler Brücke und Kieler Str.,Kieler Str.,2606.43,572.05,4.5563
Feature,13.390255757682382,52.5226811120614,Grünanlage,Spreeuferpromenade Tucholskystr.,,3137.95,899.71,3.4877
Feature,13.418724955231097,52.50523382920796,Grünanlage,Luisenstädtischer Kanal  Engelbecken,Ufer und Wasserschloss,3265.67,826.18,3.9527
Feature,13.407689624170944,52.51704637960264,Grünanlage,Nikolaiviertel,,2357.88,488.2,4.8298
Feature,13.42434582290002,52.50543804101427,Grünanlage,Luisenstädtischer Kanal  Waldpflanzengarten,zw. Adalbertstr. u. Melchiorstr.,6657.05,600.29,11.0896
Feature,13.410670727094264,52.508548034039194,Grünanlage,Annenstr. 20-34,,5350.33,416.63,12.8419
Feature,13.417627179918368,52.50488040091866,Grünanlage,Luisenstädtischer Kanal Rosengarten,zw. Waldemarbrücke u. Engelbecken,3574.44,351.76,10.1616
Feature,13.42074372806537,52.505587865197384,Grünanlage,Luisenstädtischer Kanal  Immergrüner Garten,zw. Michaelkirchplatz u. Adalbertstr.,4047.59,382.52,10.5814
Feature,13.4278366425121,52.507126998228415,Grünanlage,Luisenstädtischer Kanal  Blütensträuchergarten,zw. Melchiorstr. u. Köpenicker Str.,4154.9,491.98,8.4453
Feature,13.395966409119051,52.53313940040205,Grünanlage,Elisabethkirchstr. 20,,1453.51,163.62,8.8836
Feature,13.364817123619355,52.55753337424151,Grünanlage,Louise-Schroeder-Platz Westhälfte,Westhälfte,4259.43,264.44,16.1073
Feature,13.37326883987816,52.555147910883086,Grünanlage,Exerzierstr. 32a,Hinter Kita Exerzierstr. 30-33,2925.78,299.09,9.7821
Feature,13.367071170442234,52.53648786160579,Grünanlage,"Kieler Str., Nordhafen-Vorbecken",Panke Einleitung in Nordhafen,3873.2,527.72,7.3395
Feature,13.38279122485286,52.55558024625598,Grünanlage,Osloer Str. 107-108,"F 501, Biotopfläche",1047.01,131.6,7.956
Feature,13.38768894533462,52.53724759657238,Grünanlage,Ackerstr. 58-60 / Hussitenstr. 62,Grün am Jugendfreizeitheim,1409.7,218.59,6.4491
Feature,13.358960099192442,52.55354896370812,Grünanlage,Wilhelm-Hasenclever-Platz,Oudenarder Str. Ecke Seestr.,1195.33,146.38,8.1662
Feature,13.381245426294289,52.54105244459668,Grünanlage,Scheringstr 1,ohne laserline/Takata,1675.95,325.29,5.1522
Feature,13.346504544654755,52.533061787015626,Grünanlage,Stephanplatz,,1112.4,495.2,2.2464
Feature,13.396207910605249,52.53062215790608,Grünanlage,Ackerstr. 158 - 160,,2403.29,364.79,6.5882
Feature,13.384024827973487,52.53548076674335,Grünanlage,Park auf dem Nordbahnhof,Park auf dem ehem. Nordbahnhofgelände,52402.02,2655.57,19.7328
Feature,13.343206350564653,52.55004553337875,Grünanlage,Guineastr. / Kongostr.,vor Jugendfürsorge Kongostr. 28,1505.42,237.38,6.3418
Feature,13.353076888668786,52.53958245458811,Grünanlage,Nordufer zw. Föhrer Str. u. S-Bahn,,611.22,186.38,3.2794
Feature,13.376848948727426,52.55262654518828,Grünanlage,Gropiusstr.,Panke Mittelabschnitt,1680.82,375.61,4.475
Feature,13.31814044107287,52.523576600122404,Grünanlage,Neues Ufer Sportpark,,9536.03,1281.29,7.4425
Feature,13.342064097211901,52.5175690982581,Grünanlage,Hansaplatz Süd,Ecke Klopstock- und Altonaer Str.,1151.27,256.07,4.4959
Feature,13.397363453150795,52.524682148659345,Grünanlage,Oranienburger Str. 18,Krausnickpark,6376.45,675.4,9.441
Feature,13.384944447583301,52.51814305517003,Grünanlage,Neustädtischer Kirchplatz,,3353.39,231.68,14.4744
Feature,13.37647787944209,52.512094970731994,Grünanlage,Lennestr. Ecke Ebertstr.,Lennedreieck neben Beisheimcenter,952.85,151.84,6.2754
Feature,13.365198369935825,52.52321157517575,Grünanlage,Park am Hauptbahnhof,ULAP-Gelände,8842.16,425.7,20.7711
Feature,13.366668707137528,52.52069181620296,Grünanlage,Spreeuferpromenade Park auf dem Moabiter Werder,Magnus-Hirschfeld-Ufer u. Nordallee,8335.42,1233.06,6.76
Feature,13.37717044660517,52.52019386718821,Grünanlage,Spreeuferpromenade am Marie-Elisabeth-Lüders-Haus,"Spreeplatz Ostufer in Flucht ""Band des Bundes""",904.18,248.49,3.6387
Feature,13.376000455339867,52.520683827474585,Grünanlage,Spreeuferpromenade am Paul-Löbe-Haus,Spreeplatz Westufer und Spreetreppe,3510.71,634.35,5.5343
Feature,13.371569332503785,52.54114380187408,Grünanlage,Schönwalder Str. 19,Reinickendorf Straße 6,1407.08,314.37,4.4758
Feature,13.368091545443445,52.52083945247715,Grünanlage,Spreeuferpromenade Bettina-von-Arnim-Ufer,von HdKdW bis Moltkebrücke,4115.99,689.46,5.9698
Feature,13.353274872055456,52.540819446842626,Grünanlage,Sprengelpark,zw. Kiautschoustr. u. Sprengelstr.,7764.79,696.69,11.1452
Feature,13.367333558880235,52.55281972536967,Grünanlage,Nauener Platz,Reinickendorfer Str. 55 / 56 Teil 1; 30475,2448.51,639.41,3.8293
Feature,13.35937785560754,52.53896968326093,Grünanlage,Mettmannplatz,"Tegeler Str. 55 / Nordufer, 30426, ehem. Ballfeld",956.72,124.68,7.6734
Feature,13.413329299364367,52.45899594528899,Grünanlage,Gottlieb-Dunkel-Str. 16-18,Teilestr. 17,20581.89,649.95,31.667
Feature,13.50003042969404,52.63451888663312,Grünanlage,Karower Str.,Eingang Hufelandkrankenhaus,2211.69,188.6,11.7268
Feature,13.495358237299588,52.633258085863176,Grünanlage,Franz-Schmidt-Str./ Walter-Friedrich-Str.,,4619.8,302.74,15.2597
Feature,13.497868264495168,52.62959602107021,Grünanlage,Karower Chaussee/ Groscurthstr.,ehemalige Brunnenschutzzone 1,5711.79,710.2,8.0425
Feature,13.492320695808115,52.634096567316156,Grünanlage,An der Panke,Pankewanderweg u. Restfläche,27714.89,2817.46,9.8368
Feature,13.502712432165929,52.630051903327484,Grünanlage,Theodor-Brugsch-Str.,,5476.18,537.02,10.1973
Feature,13.493649326930095,52.631011621174856,Grünanlage,Walter-Friedrich-Str.,Am Pumpenhaus,2402.58,493.79,4.8656
Feature,13.431499084519897,52.584909841421315,Grünanlage,Löffelbrücke bis Bahnhofstraße,Pankewanderweg,27003.01,2437.54,11.078
Feature,13.43562907030569,52.60664892827998,Grünanlage,Parkstr. 7-15/ Elfenallee,Park Buchholz,4727.25,402.98,11.7307
Feature,13.404943180436849,52.58449021540372,Grünanlage,Brosepark,Wackenbergstr. / Dietzgenstr.,39557.76,1314.72,30.0884
Feature,13.497769975957539,52.637018426895814,Grünanlage,Schlosspark Buch,,138050.11,4722.28,29.2338
Feature,13.40882982159259,52.58474218761312,Grünanlage,Herthaplatz,Buchholzer Straße,2594.65,330.68,7.8463
Feature,13.438403228404468,52.60519201488944,Grünanlage,"Parkstr. 24,26,28/ Eddastr.",Lausepark,10679.45,602.69,17.7196
Feature,13.397954981863716,52.58357686416832,Grünanlage,Kuckhoffstr. 36/ Rapoport-Park,Intelligenzsiedlung,4162.67,262.54,15.8552
Feature,13.400445058443943,52.58014732450088,Grünanlage,Hermann-Hesse-Str. 17,,1130.23,134.74,8.3884
Feature,13.401446310830254,52.59079481110001,Grünanlage,Dietzgenstr. 101/ Schönhauser Str.,Nordenddreieck,5737.42,329.44,17.4156
Feature,13.370759528551838,52.58406836774363,Grünanlage,Heegermühler Weg,Seebad Wilhelmsruh,8826.06,1215.09,7.2637
Feature,13.361609555877056,52.587029765220365,Grünanlage,Garibaldistr. 44,Garibaldipark,4882.6,975.13,5.0071
Feature,13.368064518046358,52.58770074555958,Grünanlage,Hauptstr. 34-38,VVN-Denkmal,2602.43,223.21,11.6591
Feature,13.392949710386718,52.573023302699966,Grünanlage,Heinrich-Mann-Platz,,8180.65,320.64,25.5133
Feature,13.427382796447578,52.55708076111042,Grünanlage,Thulestr. 69 - 73,Prenzlauer Promenade/Eschengraben,5715.99,473.48,12.0723
Feature,13.422969807092178,52.56869781962982,Grünanlage,Karlstadter Platz,Gemündener-/ Karlstadter Str./ Zeiler Weg,3044.86,316.29,9.6268
Feature,13.412199215366533,52.56240562976164,Grünanlage,Heinz-Knobloch-Platz,"Berliner Straße 32, 34",2607.35,203.22,12.8303
Feature,13.42653709977326,52.565218448634056,Grünanlage,Laudaer Platz,Laudaer Str./Prenzl.Prom./Retzbacher Weg,812.45,115.48,7.0355
Feature,13.408173118434354,52.558590723869266,Grünanlage,Andreas-Hofer-Platz,,22203.36,912.23,24.3396
Feature,13.410420658488174,52.57684906957135,Grünanlage,Schlosspark Schönhausen,,158341.79,6699.25,23.6358
Feature,13.42110451754807,52.58255398135304,Grünanlage,Karower-/ E.-Christinen-Str.,,1447.31,187.36,7.7247
Feature,13.40991944633896,52.5705488328956,Grünanlage,Breite Str. 40/ Berliner Str. 1,Tröpfelbrunnen,637.17,99.67,6.3928
Feature,13.406743875852046,52.569098888218626,Grünanlage,Bleichröderpark,hinter Breite Str. 34,10746.96,1099.12,9.7778
Feature,13.418244867315789,52.58206696548487,Grünanlage,Lindenberger Str. neben 24,,3658.5,692.77,5.281
Feature,13.406325126951485,52.574539118003514,Grünanlage,Elisabethweg 1,,3147.11,279.78,11.2485
Feature,13.42595742288201,52.585476734671396,Grünanlage,Pankower Str.14,zw. SWH und Kaufhalle,6155.93,324.02,18.9983
Feature,13.413769726477303,52.572687525403495,Grünanlage,Amalienpark,,2675.54,260.38,10.2755
Feature,13.421597783941563,52.574399494889036,Grünanlage,Klaustaler Platz,Klaustaler-/Harzburger-/ Harzgeroder Str,1958.94,219.7,8.9166
Feature,13.423904224310562,52.578707052191405,Grünanlage,Paracelsusplatz,Paracelsus-/ Achtermann-/ Prießnitzstr.,4865.72,420.95,11.5589
Feature,13.391212216169448,52.56634193132791,Grünanlage,Wollank- bis Wilhelm-Kuhr-Str.,Mauergrünzug,11907.34,1042.65,11.4203
Feature,13.434675481383717,52.59086526648821,Grünanlage,"Blankenburger Weg, Kippe",,11743.82,442.07,26.5655
Feature,13.378184666117505,52.5804809179934,Grünanlage,Schönholzer Heide,,403344.41,8278.18,48.7238
Feature,13.434657020295308,52.58898831863173,Grünanlage,"Zwischen Panke u. KGA ""Blankenburg""","Wiese an d.Teichgaststätte, Pankewanderw",9183.65,915.45,10.0318
Feature,13.394972254915372,52.56956549573208,Grünanlage,Bürgerpark Pankow,Wilhelm-Kuhr-Straße,80935.04,1582.3,51.1504
Feature,13.421469196192392,52.5535403436828,Grünanlage,Susanne-und-Kurt-Crohn-Platz,Wisbyer Platz,4904.13,320.83,15.2857
Feature,13.47390322094404,52.61951030953796,Grünanlage,"""Rosengarten"" - Randgrün",,2199.72,1053.83,2.0874
Feature,13.471229324299856,52.592542103661465,Grünanlage,Ziegelstr. 60 und 62,,2516.48,203.82,12.3468
Feature,13.484562036032298,52.551824872010606,Grünanlage,Buschallee/ Orankestrand,,9084.16,454.5,19.9871
Feature,13.485601235048874,52.60494801116474,Grünanlage,Am Teichberg / Str. 42,,23901.64,823.6,29.021
Feature,13.491273175171235,52.59295813196284,Grünanlage,Neue Wiesen,,270466.03,23384.24,11.5662
Feature,13.452990752217591,52.59299847564432,Grünanlage,Alt-Blankenburg,Dorfanger,1019.79,135.27,7.5392
Feature,13.446655329141883,52.601616684557314,Grünanlage,Bahnhofstraße bis Königsteinbrücke,Pankewanderweg,30938.82,4364.91,7.0881
Feature,13.442980116540872,52.577995697078975,Grünanlage,Platz A Heinersdorf,,4611.68,460.31,10.0186
Feature,13.485936027309567,52.588989887413994,Grünanlage,Westl. Str. von Malchow nach Lindenberg,,14180.92,571.17,24.8281
Feature,13.38553421237894,52.62438690800155,Grünanlage,nördl. Feldmark Blankenfelde I,,76993.08,12193.47,6.3143
Feature,13.376349992080758,52.60956149184182,Grünanlage,Mönchmühler Straße III,westlich,14997.57,2954.87,5.0755
Feature,13.42451806374552,52.58333807116752,Grünanlage,Dechertstr. 20/ Karower Str.23,,1027.68,144.51,7.1117
Feature,13.447943834448802,52.59327044019183,Grünanlage,Parkanlage am Ilsenburggraben,,27387.84,2714.81,10.0883
Feature,13.462466188242402,52.54940296733047,Grünanlage,Solonplatz,,2003.97,327.73,6.1147
Feature,13.422756652522084,52.629791482517916,Grünanlage,Möllersfelde I,,74911.62,13650.31,5.4879
Feature,13.501980273645263,52.6384313204371,Grünanlage,Pölnitzweg ggü. 5 -11,,8750.03,391.85,22.3298
Feature,13.480959675968288,52.56510056813247,Grünanlage,Bitburger Teiche,Darßer Straße / Bitburger Straße,12702.36,1029.54,12.3379
Feature,13.459433455569767,52.55361547599169,Grünanlage,Amalienstr./ Albertinenstr.,,7611.32,361.44,21.0582
Feature,13.467811078231248,52.55233689304027,Grünanlage,Berliner Allee 162/ Wegener-/ Gartenstr.,,3894.96,314.43,12.3874
Feature,13.510868471866148,52.64535876571507,Grünanlage,Pölnitzwiesen I,Pankegrünzug,32084.92,5588.97,5.7408
Feature,13.49998143236758,52.62633148087687,Grünanlage,Ernst-Ludwig-Heim-Str.,Gehölzstreifen am Delbrück-Centrum,3027.53,564.2,5.3661
Feature,13.469152669729196,52.57381595940822,Grünanlage,Am Graben,Nachtalbenweg,23167.34,1308.12,17.7104
Feature,13.440328458053475,52.552009691109674,Grünanlage,"Langhansstr. vor 40, 41/ Scharnweberstr.",Langhansstr. 38,730.39,126.7,5.7649
Feature,13.451148891283445,52.547827467520165,Grünanlage,Antonplatz - Grünanlage,"Berliner Allee 26-34, Bizetstraße 21-23",2887.37,271.31,10.6422
Feature,13.475154902185826,52.618369325080025,Grünanlage,Amselstr.,"GLB ""Wiesen am Rübländer Graben""",3164.29,497.75,6.3572
Feature,13.487441133990009,52.62296231968691,Grünanlage,"westl. Bucher Chaussee, Pfannschmidtstr.",Wasserschutzgebiet,108531.76,2357.38,46.0392
Feature,13.494621724132962,52.621910613557844,Grünanlage,Bucher Chaussee/ Siedlungsring,Grünzug Siedlungsring,7405.41,905.52,8.1781
Feature,13.495954689042767,52.61159494488149,Grünanlage,"Hofzeichendamm, südlich",Großes Grünband,17139.65,1604.01,10.6855
Feature,13.465852395043107,52.61049696445924,Grünanlage,Schräger Weg ggü. 44,Liebenstr.,5730.57,308.42,18.5805
Feature,13.44250021709402,52.574039889746665,Grünanlage,Sleipnerplatz,,3873.79,287.87,13.4566
Feature,13.478595239219855,52.594316970469826,Grünanlage,Lindenberger Weg I,,1951.34,398.48,4.8969
Feature,13.450613642183212,52.60632673231486,Grünanlage,Flaischlenstr.,an der Fußgängerbrücke,2207.25,291.58,7.5699
Feature,13.501386397226966,52.61819510047942,Grünanlage,Am Siedlungsring/ Kappgrabengrünzug,,39342.82,4427.69,8.8856
Feature,13.481378789509755,52.618919811521444,Grünanlage,Am Rübländer Graben,Am Auepark,2240.18,447.79,5.0027
Feature,13.473394552513083,52.55189468845139,Grünanlage,Else-Jahn-Str. 39,,941.63,127.0,7.4142
Feature,13.497841495470626,52.61406706050492,Grünanlage,Bedeweg / Achillesstr. / Ingwäonenweg,Park an den Käsematten,14751.87,778.98,18.9374
Feature,13.458670573653972,52.588896366548234,Grünanlage,Am Fließ,Fließgraben,1228.13,485.11,2.5317
Feature,13.474554369569391,52.55240729674416,Grünanlage,Sulzfelder Str. 8-14,,1044.68,166.6,6.2708
Feature,13.440679122380706,52.55997324542976,Grünanlage,Wigandstaler Str. 39 A,,3415.36,503.87,6.7783
Feature,13.453947175496188,52.560132732788134,Grünanlage,Große Seestr. 95,zw. Nr. 96 u. Nr. 16a,631.09,110.9,5.6904
Feature,13.497465798817782,52.61218286405041,Grünanlage,Münchehagenstr.,Wäldchen nördlich Hentzeweg,5760.42,318.9,18.0633
Feature,13.483785917426854,52.59463176404643,Grünanlage,Lindenberger Weg II,,12626.56,2923.23,4.3194
Feature,13.47275293400635,52.553925790068504,Grünanlage,Falkenberger Str.5-26/Buschallee 93A-96A,,5592.99,1011.08,5.5317
Feature,13.472622030313785,52.59434315792792,Grünanlage,Lindenberger Weg,Okertalstraße 13/19,8787.23,609.67,14.4131
Feature,13.471302854186861,52.55144509105216,Grünanlage,"Gartenstr. 6, Hansastr. 151","südl. Else-Jahn-Str., westl Hansastr.",30200.93,1468.44,20.5666
Feature,13.477360742817677,52.55989192560006,Grünanlage,Brodenbacher Weg 31 Grünanlage,Liebermannstr./ Piesporter Str.,3631.96,309.85,11.7218
Feature,13.476502902758364,52.61612387844916,Grünanlage,Danewendplatz,,3843.67,287.16,13.3853
Feature,13.480552759471264,52.55423789122064,Grünanlage,Hansastr. 173,zwischen Gleisschleife u. KGA Giersstr.,4716.1,300.87,15.6747
Feature,13.47834651091257,52.55013783949056,Grünanlage,Hansastr.,Orankestrand,5788.17,564.86,10.247
Feature,13.473784454032026,52.59857568117324,Grünanlage,An der Laake 1,Laake Grünzug,20796.02,3037.54,6.8463
Feature,13.476680922287931,52.55486965144475,Grünanlage,Buschallee 87,Falkenberger Str. 27-30,5313.74,789.75,6.7284
Feature,13.48280614659093,52.60893786056076,Grünanlage,Strömannstr.,ehemals an der Straße 56,2485.36,239.96,10.3573
Feature,13.492476423603543,52.61331051415392,Grünanlage,Schmiedebankplatz,,5138.85,329.19,15.6105
Feature,13.459999370489927,52.57690016105794,Grünanlage,Märchenlandpark,"Märchenweg, Am Graben",143359.5,11880.94,12.0663
Feature,13.46221252957211,52.54718336293823,Grünanlage,"Gounodstr. neben 78, ggü. 71",,1384.15,148.92,9.2944
Feature,13.496577436426067,52.61759777444871,Grünanlage,Haduweg (Arboretum),Zum Kappgraben,18325.67,1136.83,16.12
Feature,13.456902914033865,52.59082143948267,Grünanlage,Parkstr. naturnahe Parkanlage,Krugstege neben Kinderheim,16626.76,566.16,29.3678
Feature,13.463600702706422,52.55984622656724,Grünanlage,Liebermannstr. 20,nördlich davon gelegen,902.59,140.6,6.4196
Feature,13.452634812341898,52.572888271356454,Grünanlage,Schmöckpfuhlgrabengrünzug,,77161.55,3884.71,19.8629
Feature,13.424551518623264,52.61572097381838,Grünanlage,Zeuschelstr. neben 125,,2003.54,188.25,10.6427
Feature,13.405529160697892,52.572074723177614,Grünanlage,Pestalozzistr. 9 - 11,,2692.5,339.08,7.9406
Feature,13.442398042536126,52.54229352185993,Grünanlage,Thomas-Mann-Str. hinter 2-12,,2850.8,445.56,6.3982
Feature,13.458205729643865,52.522763314301635,Grünanlage,Zur Marktflagge 10,,6384.72,512.4,12.4604
Feature,13.44441023423152,52.54370542147505,Grünanlage,Hanns-Eisler-Str. neben 6,,1122.29,323.69,3.4672
Feature,13.41577972319694,52.62255821479363,Grünanlage,Idehorst NSG,,18813.42,997.2,18.8663
Feature,13.414104154741214,52.62286228069284,Grünanlage,Möllersfelde III,Barnimer Dörferweg,22459.52,4100.66,5.4771
Feature,13.518908337050966,52.6451701418688,Grünanlage,Straße 7,verlängerte Str. 7/südl. der Panke,1448.61,1384.72,1.0461
Feature,13.43702470276014,52.56663707003888,Grünanlage,Aidastr./ Tino-Schwierzina-Str.,Schafwaschpfuhlgraben,10488.32,494.26,21.2201
Feature,13.421976704812096,52.5445696185961,Grünanlage,Stargarder Str. 26 und 27,Starplatz,1445.9,156.66,9.2296
Feature,13.434749276792791,52.60537639688049,Grünanlage,Hauptstr. 64A,,5067.96,713.01,7.1078
Feature,13.49227823875357,52.6245690863962,Grünanlage,Karower Chaussee/ Friedrich-Richter-Str.,ehemalige Brunnenschutzzone 2,5022.32,845.96,5.9368
Feature,13.486631070148933,52.61536198458908,Grünanlage,Alt-Karow 30,,6099.18,349.21,17.4658
Feature,13.501305581765658,52.620403668880726,Grünanlage,Siedlungsring zw. 9 und 11,Grünzug Siedlungsring,8958.35,1093.84,8.1898
Feature,13.427304778627258,52.61157498047801,Grünanlage,Schützenstr. ggü. Nr. 39,,1040.25,198.19,5.2488
Feature,13.422586682869682,52.61426254295006,Grünanlage,Jean-Calas-Weg gegenüber Nr. 33,,5645.77,554.03,10.1904
Feature,13.42568351663095,52.613398111402965,Grünanlage,Jean-Calas-Weg neben Nr. 19,Gründreieck mit Holzpodest,1158.33,170.69,6.786
Feature,13.451665886797397,52.58561049721737,Grünanlage,Heinersdorfer Str. hinter 14-22,Blankenburger Feldgraben,10448.67,1090.49,9.5817
Feature,13.46323209036032,52.595755441521526,Grünanlage,Karower Damm,,30542.96,1350.42,22.6174
Feature,13.441001608798983,52.64558379288076,Grünanlage,nördliche Feldmark Lindenhof I,westlich Schönerlinder Str.,55151.7,6165.05,8.9459
Feature,13.403561846328595,52.545995850198636,Grünanlage,Falkplatz,,38675.01,1016.08,38.0631
Feature,13.40952837286855,52.55179167396574,Grünanlage,Arnimplatz,,15317.3,861.38,17.7822
Feature,13.444268334295755,52.54248199393848,Grünanlage,Hanns-Eisler-Str. 2-4,,4559.83,335.2,13.6035
Feature,13.442374706297826,52.54844590000411,Grünanlage,Lehderstr./ Mandelstr.,,2246.48,534.31,4.2045
Feature,13.408626172824292,52.53194876779904,Grünanlage,Teutoburger Platz,,5568.21,459.89,12.1077
Feature,13.483366684146642,52.56840188601728,Grünanlage,südöstl. Malchower Chaussee,,16205.37,3178.16,5.099
Feature,13.495122695779786,52.60135191957918,Grünanlage,Stadtrandpark Neue Wiesen,,127336.56,2524.37,50.4429
Feature,13.4564001105313,52.55547237150045,Grünanlage,Werner-Klemke-Park,Goldfischteich,12221.84,1544.0,7.9157
Feature,13.410152675771439,52.54255963634346,Grünanlage,Topsstr.,,6020.98,487.5,12.3506
Feature,13.453287221641974,52.552509485697236,Grünanlage,Kreuzpfuhl,Jürgen Kuczynski-Park,14487.56,1345.31,10.7689
Feature,13.42814602239506,52.605030347273235,Grünanlage,Kalvinistenweg,Grünstreifen,6730.77,866.99,7.7634
Feature,13.475623870520298,52.57503577752706,Grünanlage,Malchower Aue,,114427.16,21925.87,5.2188
Feature,13.426239624982347,52.54020163498901,Grünanlage,Fröbelplatz,,9311.64,743.16,12.5298
Feature,13.444673450720147,52.538249007058894,Grünanlage,Storkower Str. hinter 26-90,Kniprodestr. neben 96,12416.18,1419.3,8.7481
Feature,13.445351388903559,52.53931160680628,Grünanlage,Emmi-und-Wilhelm-Blank-Platz,Storkower Platz,2213.04,185.7,11.9173
Feature,13.433669738905783,52.538647740378984,Grünanlage,Ernst-Thälmann-Park,,107967.94,5472.07,19.7307
Feature,13.43351469679638,52.54412683287555,Grünanlage,"Preußstr. neben 5, 6, 7",Lisztplatz,1649.7,262.61,6.2819
Feature,13.438456051192606,52.547539871269876,Grünanlage,Gubitzstr. 18-20/ Ostseestr.62-76,,5883.22,636.64,9.241
Feature,13.429378990594572,52.54784777240063,Grünanlage,Prenzl. Allee/ Erich-Weinert-Str. 91,Am Springbrunnen,1440.1,153.77,9.3651
Feature,13.42288459251899,52.54904007092876,Grünanlage,Humannplatz,,14914.04,784.93,19.0005
Feature,13.412928504484075,52.532196990022186,Grünanlage,Senefelderplatz,,1601.43,200.56,7.9847
Feature,13.419465342625642,52.54287991351049,Grünanlage,Helmholtzplatz,,9678.28,597.83,16.1891
Feature,13.479083558600125,52.56982621799521,Grünanlage,nordwestl. Malchower Chaussee,,15674.79,2664.29,5.8833
Feature,13.483004940428447,52.621005667414394,Grünanlage,Aue-Park,Röländer Str./ Busonistraße,21222.71,1484.02,14.3009
Feature,13.431259841377589,52.55033456140894,Grünanlage,Prenzlauer Allee/ Ostseestr.,Erich-Weinert-Park,8516.02,700.84,12.1512
Feature,13.425003826499783,52.539364608901614,Grünanlage,Prenzlauer Allee/ Danziger Str.,Springbrunnen Schirmkinder,952.18,126.37,7.5346
Feature,13.462500804290771,52.55607103066907,Grünanlage,Park Am Weißen See,,113556.98,4931.94,23.0248
Feature,13.492138122772815,52.55376949603744,Grünanlage,Park am Faulen See,Naturschutzgebiet,248875.57,2265.66,109.8469
Feature,13.46294523995469,52.53578724250451,Grünanlage,Volkspark Prenzlauer Berg,,279676.68,2840.2,98.4709
Feature,13.398809596189636,52.55676488325269,Grünanlage,Bornholmer Str. bis Esplanade,Mauergrünzug,14686.94,1062.51,13.8228
Feature,13.457735889416458,52.53440265744887,Grünanlage,Syringenplatz,,8292.99,445.98,18.5952
Feature,13.416993531907083,52.536290732322605,Grünanlage,Kollwitzplatz,,5918.98,541.51,10.9306
Feature,13.418042621935095,52.53687964517678,Grünanlage,Kollwitzstr. 67/ Wörther Str. 34,Schöne Ecke,772.97,115.38,6.6994
Feature,13.429648814582016,52.582576266083954,Grünanlage,Pasewalker Str./Schmöckpfuhlgraben,An der Löffelbrücke,3082.25,415.84,7.412
Feature,13.461065547891797,52.52190022129521,Grünanlage,Blankensteinpark,Richard-Ermisch-Str.,36283.11,1195.29,30.355
Feature,13.449633275051166,52.533668167121355,Grünanlage,Grünzug von S-Bhf. Greifsw. Str. nach,S-Bhf. Landsberger Allee,7860.86,989.58,7.9436
Feature,13.4401040608489,52.562333188638675,Grünanlage,Am Steinberg - Grünanlage am Teich,KGA Freies Land,1161.75,549.24,2.1152
Feature,13.40403092274413,52.58690171294364,Grünanlage,Dietzgenstr. bis Waldowstr.,Kreuzgrabengrünzug,2182.92,1087.05,2.0081
Feature,13.42660087934858,52.587767475648235,Grünanlage,Blankenburger Str. 141,,688.24,179.87,3.8263
Feature,13.378978026997071,52.63380085070127,Grünanlage,Am Tegeler Fließ,NSG Niedermoorwiesen,8761.21,1232.92,7.106
Feature,13.40644938302563,52.57527957093078,Grünanlage,Ossietzkystr./ Majakowskiring,,2025.79,302.69,6.6926
Feature,13.456639078899926,52.64745223810064,Grünanlage,Lietzengrabenniederung I,östlich Schönerlinder Str.,62351.37,2619.43,23.8034
Feature,13.4920478841177,52.63004186295916,Grünanlage,Wolfgang-Heinz-Str. südl. 45,Ernst-Busch-Str. 25,11525.62,1126.43,10.232
Feature,13.413215842192246,52.60635365902301,Grünanlage,Rosenthaler Weg/ Blankenfelder Str.,"Retentionsbecken, Buchholz-West",30951.09,903.52,34.2562
Feature,13.40268921770137,52.56007046110959,Grünanlage,Dolomitenstr. / Trienter Str.,,2160.76,207.38,10.4193
Feature,13.399328362075511,52.55894843661751,Grünanlage,Dolomitenstr. 9-39/ Esplanade,,4571.73,711.99,6.421
Feature,13.445985599963594,52.61523764358679,Grünanlage,Bucher Str. Großer Stein,Naturdenkmal,4388.23,619.82,7.0799
Feature,13.383149421966404,52.63249483143026,Grünanlage,Schildower Str./ Birnbaumring 92,,24813.98,2115.67,11.7286
Feature,13.406404443913361,52.578387917831705,Grünanlage,Schlosspark Schönhausen - Innerer Teil,,77322.95,1515.06,51.0361
Feature,13.408186123541066,52.57319354746635,Grünanlage,Ossietzkystr. 12-26,,3448.27,434.07,7.944
Feature,13.37771232894431,52.57433134296647,Grünanlage,Klemkestr. bis Schützenstr.,Mauergrünzug,16986.41,1125.15,15.097
Feature,13.397184846847026,52.610693409835434,Grünanlage,Zingergrabenniederung I,südliche Feldmark Blankenfelde,96426.93,13107.48,7.3566
Feature,13.395164803998517,52.60511031709594,Grünanlage,Botanische Anlage Blankenfelde II,,224665.54,7708.62,29.1447
Feature,13.408170026965589,52.58905273084743,Grünanlage,Fritz-Reuter-Str. 29-30,Kreuzgrabengrünzug,1765.28,187.27,9.4262
Feature,13.420048380668906,52.604426143257236,Grünanlage,Mazetstr. - Grünzug,,4024.73,599.42,6.7143
Feature,13.41738068508999,52.61260880847281,Grünanlage,Schillingweg,Biotopfläche Krugpfuhl,13403.23,1550.15,8.6464
Feature,13.422430121540899,52.6099902633396,Grünanlage,Grünzug am Siedlungsrand,Rosenthaler Weg/ Blankenfelder Str.,59313.0,3303.36,17.9554
Feature,13.377310687995527,52.60616231419417,Grünanlage,Mönchmühler Straße I,westlich,1241.88,474.19,2.6189
Feature,13.423849828200705,52.605043226980726,Grünanlage,Schweizer Tal - Grünzug,,3513.85,411.43,8.5406
Feature,13.417772828613504,52.6203648496727,Grünanlage,Idehorst Landschaftspark,,35846.45,859.3,41.7159
Feature,13.415568933396704,52.604848278509884,Grünanlage,Rosenthaler Weg/Blaubeerweg,,1509.59,166.72,9.0546
Feature,13.421735645680675,52.60848891996427,Grünanlage,Arnouxstr.,,1351.43,160.1,8.441
Feature,13.415738276554906,52.543051071630046,Grünanlage,Pappelallee 16/17,ehemaliger Friedhof,4837.22,427.3,11.3205
Feature,13.44772403377663,52.54253181037165,Grünanlage,Thomas-Mann-Str.  neben Nr. 35,bis ggü. Nr. 59,3688.11,681.09,5.415
Feature,13.427847191031244,52.53858172986687,Grünanlage,Diesterweg-/ Danziger-/ Ella-Kay-Str.,"Ashkelon Platz, südl. Diesterwegstr. 10",9642.7,590.5,16.3298
Feature,13.402594619125972,52.543645915719786,Grünanlage,Mauerpark,,75102.6,3292.28,22.8117
Feature,13.440532056233973,52.626464741780374,Grünanlage,Schönerlinder Str. östl. III,zw. A 10 und Eisenbahntrasse,106997.56,15385.17,6.9546
Feature,13.43180467270358,52.6225411994578,Grünanlage,Schönerlinder Str. östl. I,zw. A 114 und Straße 180,15565.66,2590.56,6.0086
Feature,13.441356542654368,52.61800995366429,Grünanlage,Bucher Str. nördl. I,zw. Eisenbahntrasse und BAB 114,53718.65,3254.15,16.5078
Feature,13.443712971642315,52.61441979398914,Grünanlage,Bucher Str. südl. III,westl. BAB 114,15294.68,1380.46,11.0794
Feature,13.454958934737308,52.54305478285003,Grünanlage,Gürtelstr. östlich Nr. 25,Michelangelostr. 101 - 107,1045.15,183.3,5.7017
Feature,13.456348370799395,52.54302726376142,Grünanlage,Kniprodestr.vor dem Jüd.Friedhof,Gehölzfläche,4242.57,523.0,8.112
Feature,13.448894193501268,52.54542154280826,Grünanlage,Gürtelstr. neben 35,,1158.83,263.86,4.3918
Feature,13.445194401724258,52.542219921823055,Grünanlage,Pieskower Weg 39,Randgrün - Schule,1679.15,456.36,3.6795
Feature,13.477792922936635,52.58731210797545,Grünanlage,Blankenburger Pflasterweg nördlich,am Golfplatz,213513.52,6703.45,31.8513
Feature,13.499071201250356,52.64747603451771,Grünanlage,Eupener Str. verlängert,NSG Mittelbruch,6497.21,1591.08,4.0835
Feature,13.4209264510531,52.53059213523152,Grünanlage,Heinrich-Roller-Str. 2,ehemaliger Friedhof,15930.91,504.46,31.5801
Feature,13.469160596941055,52.603422367896236,Grünanlage,neben Str. 40/ Upstallgraben,,1412.31,230.13,6.137
Feature,13.448443770490572,52.5814263088295,Grünanlage,Kiebitzweg,,6851.03,1916.56,3.5746
Feature,13.460331877880737,52.58042252835225,Grünanlage,Mörderberg,,36997.24,6269.29,5.9013
Feature,13.452079563051084,52.58741982646326,Grünanlage,östl. Heinersdorfer Str.,Pappelreihe,6938.27,1594.65,4.351
Feature,13.442120097342526,52.58907334413178,Grünanlage,Anlage Blankenburg - Feuchtwiese,,12916.06,1045.02,12.3596
Feature,13.445458413387417,52.542511844243734,Grünanlage,Thomas-Mann-Str. 31-35,Pieskower Weg,1558.27,386.65,4.0302
Feature,13.451341750163719,52.543834170292044,Grünanlage,Michelangelostr. 59 - 63,Riwane Platz,4698.04,309.74,15.1678
Feature,13.455695883095496,52.54159871585355,Grünanlage,Kniprodestr. 64,,2802.21,593.01,4.7254
Feature,13.443123644605208,52.536834055392376,Grünanlage,Anton-Saefkow-Park,,64295.2,2517.03,25.5441
Feature,13.450296366159607,52.53796657240137,Grünanlage,Einsteinstr. vor 16A - 16D/ Kniprodestr.,,4170.04,550.82,7.5706
Feature,13.450625160697443,52.54290193644081,Grünanlage,Kniprodestr./ Michelangelostr.,Hanns-Eisler-Str. 93,26164.7,1801.22,14.5261
Feature,13.446019237266867,52.54008530496463,Grünanlage,Einsteinpark,Storkower Str. hinter 39-51,16792.18,1867.83,8.9902
Feature,13.440651357202677,52.547031725477396,Grünanlage,Ostseeplatz,,9586.53,477.64,20.0708
Feature,13.4475889684266,52.54631197794891,Grünanlage,Greifswalder Str. vor 118-121,zw. Michelangelostr. und Gürtelstr.,7710.86,599.57,12.8606
Feature,13.40199934196191,52.570955697261915,Grünanlage,Paule-Park,"Parkstr. 20 , hinter Rathauscenter",5844.28,969.73,6.0267
Feature,13.379757973488593,52.61729764443926,Grünanlage,Bahnhofstr.,ehemaliger Friedhof 08,12737.59,458.15,27.8025
Feature,13.426553523087561,52.56361286894529,Grünanlage,Prenzlauer Promenade 148,,1232.5,163.88,7.5206
Feature,13.465373302969894,52.52139990261346,Grünanlage,Zum langen Jammer,,6693.24,615.19,10.88
Feature,13.403533831055643,52.6161137734943,Grünanlage,Am Koppelgraben,Buchholzer Straße,2348.45,987.5,2.3782
Feature,13.454255369662917,52.525670880865,Grünanlage,Hausburgpark,Otto-Ostrowski-Str.,10001.22,851.99,11.7387
Feature,13.455933078567515,52.52576724716055,Grünanlage,Agnes-Wabnitz-Str. 10,,1470.55,154.39,9.5248
Feature,13.43753435615241,52.636700834669725,Grünanlage,Am Posseberg I,Gewerbegebiet Pankow Nord,164762.6,8649.49,19.0488
Feature,13.41827662862788,52.541514419016615,Grünanlage,Schliemannstr. 8,,717.1,187.91,3.8162
Feature,13.438396835472522,52.52931309170888,Grünanlage,Kniprodestr./ Werneuchener Wiese,,10525.11,849.4,12.3912
Feature,13.437151808261733,52.53302996952271,Grünanlage,Arnswalder Platz,,15018.54,943.23,15.9224
Feature,13.420105043590421,52.52771503238346,Grünanlage,Mendelssohnstr.,,5346.19,819.67,6.5224
Feature,13.417753518847105,52.53354344236524,Grünanlage,Wasserturmplatz,Diedenhofer-/Belforter-/Knaack-/Kolmarer,13082.47,1057.09,12.3759
Feature,13.448943300474939,52.53632732065067,Grünanlage,Kniprodestr./ Storkower Str. 108,,980.67,316.89,3.0947
Feature,13.459049822556727,52.529886292796085,Grünanlage,Schneeglöckchenstr. ggü. 13-15,Schneeglöckchenstr. 8 - 16,3144.27,358.66,8.7668
Feature,13.45883838581366,52.53030707788064,Grünanlage,Schneeglöckchenstr. vor Nr. 8,,650.25,101.82,6.3864
Feature,13.452159716447841,52.53840357194085,Grünanlage,Storkower Str. 99/ Kniprodestr.,,7214.8,1146.12,6.295
Feature,13.453421941216126,52.53106789859089,Grünanlage,Landsberger Allee/ Storkower Str.,bis S-Bahnhof,2292.55,536.11,4.2763
Feature,13.456512553896538,52.532048202524436,Grünanlage,Syringenweg 23-24,Gehölzfläche am Ambulatorium,2492.48,405.66,6.1443
Feature,13.561040402628217,52.56743466805918,Grünanlage,Geraer Ring  - ehemal. BMX-Bahn,Naturerlebnisgarten für Kinder u. Jugend,3845.64,730.73,5.2627
Feature,13.565788409157523,52.537535400009496,Grünanlage,Kienbergstraße 54/ 56,Öffentliche Grünanlage ab 01.06.2009,5543.41,469.2,11.8147
Feature,13.546226973430967,52.52457307552875,Grünanlage,Marchwitzastraße 51/ 53,Grünanlage nach Kita-Abriss,7496.69,347.57,21.5686
Feature,13.573182865091482,52.57285807672472,Grünanlage,Klandorfer Straße 34/36,und FS 343 (ehemal. Giebelfläche),11921.71,691.93,17.2295
Feature,13.560248756313998,52.55447777457906,Grünanlage,"Ludwig-Renn-Straße 67/ 69,",Grünanlage nach Kita-Abriss,6182.17,320.02,19.3179
Feature,13.571224661643603,52.554266838908894,Grünanlage,"Mehrower Allee 86/ 88,",Grünanlage nach Kita-Abriß,6483.75,322.15,20.1268
Feature,13.558217839092057,52.56902708155216,Grünanlage,Schwarzwurzelpark,Marzahn/ West,6619.77,515.44,12.8429
Feature,13.538744791940848,52.52362753744333,Grünanlage,Märkische Allee - westlich,"an der S-Bahn, südl. Springpfuhlbrücke",30767.19,1991.12,15.4522
Feature,13.5419218048261,52.53216158216292,Grünanlage,Langhoffstr. 2 -26/ Murtzaner Ring 34-68,Wohnhof,11298.69,1330.53,8.4919
Feature,13.569514588223985,52.493653746228006,Grünanlage,südlich Alt Biesdorf bis Heerstraße,an der Wuhle - östlich Einzelgrundstücke,9608.95,2525.82,3.8043
Feature,13.549987513866443,52.50609086553752,Grünanlage,Biesdorfer Baggersee,Biesdorf/Süd,58356.77,4095.87,14.2477
Feature,13.558846661950987,52.51775188955312,Grünanlage,"Biesdorfer Promenade, Biesdorf/ Nord",zw. Eugen-Roth-Weg u. Blumberger Damm,15828.04,2533.35,6.2479
Feature,13.543235570515646,52.50915200998423,Grünanlage,Weißenhöher Straße/ Märkische Allee,südlich Alt Friedrichsfelde/ Alt Biesdorf,18211.48,1400.88,13.0
Feature,13.575225987797536,52.5325718474742,Grünanlage,Mettlacher Straße,zw. KGA und Siedlungsgebiet,1800.52,379.62,4.743
Feature,13.554811250423876,52.53874644291623,Grünanlage,"Grünzug nördl.Pekrun b.Rebhuhnweg,",Manksweg/Scheibenbergstr./Blenheimstr.,25977.34,1757.0,14.785
Feature,13.574664301608387,52.52056580988519,Grünanlage,"""Wuhlegarten"",",südlich Cecilienstr.bis Altentreptower,289940.15,4766.41,60.8299
Feature,13.550794189287332,52.542719524590034,Grünanlage,"Kiebitzgrund, an der Landsberger Allee",Dreiecksfläche,962.42,147.47,6.526
Feature,13.542370959056258,52.539961665235374,Grünanlage,Bruno-Baum-Straße - Grünzug Teil 1,zw. Poelchaustr. und Landsberger Allee,42354.2,3587.65,11.8055
Feature,13.580192180990426,52.54370214858515,Grünanlage,"""Wiesenpark"" Landsberger Tor, 295",Wuhlepark südl. Landsberger Allee,205956.46,3392.42,60.7109
Feature,13.549906109495739,52.53120129946389,Grünanlage,"Allee der Kosmonauten, am Siedlungsgeb.",zw. Cecilienstr. und Annenstraße,3396.6,509.36,6.6684
Feature,13.579731795902582,52.52767060063924,Grünanlage,"""Rohrbruchpark"" bis an die IGA","Wuhletal, nördl.Cecilienstraße, Stat. 186",38616.36,1154.26,33.4556
Feature,13.562911262365626,52.54376142230252,Grünanlage,Dorf Alt-Marzahn - Am Mühlenberg,Grünanlagen bis Marktplatz,7299.55,1689.86,4.3196
Feature,13.566549239901018,52.53627884116901,Grünanlage,Blumberger Damm 31/ 35,Dreiecksfläche,1436.89,192.39,7.4685
Feature,13.557061084299244,52.51351346826497,Grünanlage,"Busbahnhof Biesdorf, Wuhlegartenweg",Gründurchwegung zur Roßlauer/Hafersteig,4054.2,639.59,6.3388
Feature,13.52125120405114,52.51549488027324,Grünanlage,"Friedrichsfelde/Nord, an der KGA",östl.Rhinstraße u.öffentl.Wegeverbindung,8684.58,1583.77,5.4835
Feature,13.55780277004893,52.53428810025895,Grünanlage,Allee der Kosmonauten/ Elisabethstr.,Grünanlage an der Kreuzung,1533.3,153.51,9.9881
Feature,13.573869535301574,52.5262735526452,Grünanlage,Cecilienstraße 182,"zum Wuhlgarten, zur Garzauer Str.",3473.04,530.87,6.5422
Feature,13.549256279661074,52.49752820110734,Grünanlage,Walslebener Platz,Biesdorf/ Süd,9267.88,397.4,23.3213
Feature,13.558856455065659,52.49602386758762,Grünanlage,"Garziner Platz,",Biesdorf/ Süd,4608.32,682.93,6.7479
Feature,13.528379724892574,52.514591295544285,Grünanlage,Valwiger Teich und Umfeld,"östl. Marzahner Chaussee, Valwiger Str.",2971.53,603.83,4.9211
Feature,13.56815700916729,52.5246834950384,Grünanlage,"Buckower Ring, Streifen am Friedhof",und entlang MEON-Park,4662.57,847.01,5.5047
Feature,13.570901870728015,52.512876731738004,Grünanlage,Altentreptower Str.- südlich bis Bahn,Wäldchen,11804.9,1169.26,10.0961
Feature,13.565280470599014,52.51744169999073,Grünanlage,Wäldchen am Griesinger-Krankenhaus,Warener Straße / Am Schlosshof,14322.05,1134.82,12.6206
Feature,13.563582914110144,52.48985490574957,Grünanlage,Schwabenplatz,Biesdorf/ Süd,2967.4,219.26,13.5337
Feature,13.546109067733637,52.5309249159317,Grünanlage,Grünzug Akazienwäldchen zur Poelchaustr.,zw. Allee d.Kosmonauten/Murtzaner Ring,67002.42,3458.0,19.376
Feature,13.586214448523034,52.533999885156426,Grünanlage,"""Rohrbruchpark"" östlich Kienberg","Wuhletal, östlich Kienberg",77591.69,2535.52,30.6019
Feature,13.556103114246753,52.51263822303297,Grünanlage,"Nordpromenade,",Biesdorf/ Süd,6691.92,589.3,11.3558
Feature,13.55785067751416,52.51013338934322,Grünanlage,Schlosspark Biesdorf,Gartendenkmal,32401.03,1253.25,25.8537
Feature,13.563606980625792,52.538836021523785,Grünanlage,"Grünzug Anger, ab AdK/Bärensteinstr.",entlang Schragenfeldstr./ Kienbergstraße,36998.21,2199.29,16.8228
Feature,13.558655934190803,52.54298280772002,Grünanlage,"Dorf Marzahn, Lesegarten, südlich Dorf",am Rebhuhnweg / an der Blenheimstraße,5592.75,877.02,6.377
Feature,13.566121754262038,52.543896777618606,Grünanlage,Landsberger Allee/ Pöhlbergstraße,Grünanlage am Friedhof u.zur Pöhlebergst,6821.19,604.5,11.284
Feature,13.55735678294659,52.53498709186029,Grünanlage,Vierlandenstraße/ Allee der Kosmonauten,westl. AdK,2118.09,218.43,9.6969
Feature,13.564769658857255,52.53765806606907,Grünanlage,Kienbergstr. 34 bis 64,am Giebel Kita u. hinter 11-Geschossern,9953.44,1106.32,8.9969
Feature,13.543988135704943,52.53443369922819,Grünanlage,Poelchaustraße - nördlich,Grünzug am Siedlungsgebiet,10323.89,1071.74,9.6328
Feature,13.54400111470608,52.538262546932096,Grünanlage,Bruno-Baum-Straße - westl.Seite Teilfl.,breiter Grünstreifen entlang Straße,5595.01,904.16,6.1881
Feature,13.540243854101117,52.530089178755844,Grünanlage,Springpfuhlpark Murtzaner Ring/Märkische,zw.H.-Weigel-Platz und neuem Kaufland,57941.27,3363.58,17.226
Feature,13.55414687980606,52.536542806660215,Grünanlage,Fichtelbergstraße 18/28,zum Salanderweg,6614.65,673.32,9.8239
Feature,13.552734632978853,52.536977536615076,Grünanlage,Grünzug Fichtelbergstr/Adk zur Pekrunstr,"an der alten ""Geißenweide""",18260.37,1902.0,9.6006
Feature,13.542134954753244,52.537161030045816,Grünanlage,Paul-Schwenk-Straße Wohnhof,Hof und Flächen um Kita,8718.85,1257.12,6.9356
Feature,13.559875596185414,52.543560786654055,Grünanlage,Dorf Alt-Marzahn - Dorfanger,Alt-Marzahn,6965.53,621.66,11.2047
Feature,13.558136413274495,52.53771780449225,Grünanlage,Pekrunstraße 51 - 69,breiter Gehölzstreifen,3400.06,602.0,5.6479
Feature,13.572388419862818,52.50785310834932,Grünanlage,Biesdorfer Höhe u. Wuhleniederung,nördl. B1 bis zur U-Bahn,260762.2,5831.26,44.718
Feature,13.543545783852057,52.522969110210404,Grünanlage,Marchwitzastr./ Allee d.Kosmonauten,Heinz-Graffunder-Park,44253.82,3512.23,12.5999
Feature,13.567041277274205,52.53915879229689,Grünanlage,Hain der Freundschaft,zw. Bärensteinstr. u. Kienbergstr.,20832.72,1012.65,20.5725
Feature,13.553158146201504,52.510075286470396,Grünanlage,Park Oberfeldstraße,"Biesdorf/Süd, Oberfeldstraße 1",3694.66,277.09,13.3337
Feature,13.601208109950216,52.53870945010818,Grünanlage,Kurt-Weill-Platz,Henny-Porten-Straße/Janusz-Korczak-Straß,2359.88,198.35,11.8975
Feature,13.54693564730839,52.55109093355371,Grünanlage,Informations- und Erinnerungsort,"NS-Zwangslager Marzahn, O.-Rosenberg-Pl.",922.07,120.3,7.6648
Feature,13.601887444813745,52.49603358290694,Grünanlage,Grünanlage am Elsensee,Goldregenstraße,1013.24,551.69,1.8366
Feature,13.567924819731536,52.52813768522955,Grünanlage,Südlich Cecilienstraße/ Blumberger Damm,neue Öffentliche Grünanlage,4383.4,580.5,7.5511
Feature,13.57839009133108,52.551383849109925,Grünanlage,Stadtplatz am Glambecker Ring,Glambecker Ring/Ringenwalder Straße,6018.07,322.09,18.6845
Feature,13.573926110294938,52.53736033291713,Grünanlage,Erholungspark Marzahn,Eisenacher Straße 99,427026.61,3032.34,140.8242
Feature,13.569679211388038,52.534592732276444,Grünanlage,Grünanlage hinter Alwineweg 7-67,südlich Gottfried-Funeck-Weg,3106.22,769.58,4.0363
Feature,13.61396628014574,52.50520413479375,Grünanlage,Öffentliche Parkanlage B1/B5,Hönower Straße/ Alt- Mahlsdorf,2790.04,257.54,10.8335
Feature,13.584516978440329,52.51931114102364,Grünanlage,"Öffentliche Grünanlage, 2301454",Packet - Park,6959.2,362.23,19.2121
Feature,13.6138453602113,52.5103721831395,Grünanlage,"Öffentliche Grünanlage, 2301453","""Pestalozzitreff""",2873.51,247.7,11.6007
Feature,13.571869913502065,52.49955034158275,Grünanlage,Wuhlewanderweg (östliche der Wuhle),zw.Honsfelder Str und Lenbachstraße,4998.73,831.92,6.0086
Feature,13.555945711877616,52.505899676426026,Grünanlage,Stadtgarten Biesdorf-Süd,Grabensprung/ Minsker Straße,17163.59,1359.14,12.6282
Feature,13.608221920484581,52.50231238693889,Grünanlage,Barnimhang- öff. Durchwegung,zw. Alt-Mahlsdorf und Elsenstraße,24500.26,2997.95,8.1723
Feature,13.579810883534874,52.51827143007345,Grünanlage,Grünfläche Boizenburger Straße,zw.Lubminer Str. und Gärtnerstützpunkt,3269.17,262.4,12.4588
Feature,13.543859280192944,52.51988654194267,Grünanlage,Eugen-Roth-Weg,Grünanlage nach Schulabriss,8072.77,818.47,9.8633
Feature,13.56744883931732,52.47666784450596,Grünanlage,Wuhlegrünzug Damerauer Allee bis Köpenic,Östliche Wuhleseite,6250.91,1727.22,3.6191
Feature,13.567964873918706,52.49059697277674,Grünanlage,Wuhlewanderweg,zw.Heerstraße und Lindenstraße,5855.57,1873.86,3.1249
Feature,13.578584059811654,52.52290136771435,Grünanlage,Wuhle-Naherholungsanlage,zw.Cecilienstr.und Teterower Ring-Sport,30431.52,1942.56,15.6657
Feature,13.62491956605675,52.53665490347378,Grünanlage,Windschutzstreifen (Verlängerung),zw.Jänschwalder Str. und Hoyerswerdaer,8899.49,1191.14,7.4714
Feature,13.627884180609676,52.53808233718935,Grünanlage,Südlich der U-Bahn-Trasse,nach U- Bhf. Hönow,11594.3,1261.49,9.1909
Feature,13.624832397257004,52.533859659265985,Grünanlage,Grünfläche  Jänschwalder Str.,Dreiecksfläche,1039.75,193.59,5.371
Feature,13.598058565622956,52.50199781647603,Grünanlage,Grünfläche Elsenstraße,Elsenstraße/ Kressenweg,4199.8,273.81,15.3386
Feature,13.57714030638565,52.49363415007343,Grünanlage,Gerdaplatz - öff. Platz,Öff. Grünanlage an der Cemnitzer Str.,2320.48,230.67,10.0598
Feature,13.554714461460257,52.56205664316512,Grünanlage,"Hellersdorfer Weg, Kohlbeke","geschütztes, eingezäuntes Feuchtbiotop",26154.26,695.27,37.6173
Feature,13.569171193478402,52.56617230871754,Grünanlage,Clara-Zetkin-Park I,Bereich Flämingstraße/Niemegker Str.,13793.15,1461.7,9.4364
Feature,13.567411521471142,52.55966252932665,Grünanlage,"Wuhletalstraße-an der Gleisschleife, 186",Straßenbahnschleife Wuhletalstraße,17322.86,1694.99,10.22
Feature,13.547780136728752,52.54527012368158,Grünanlage,"Franz-Stenzer-Str. 17/19, Hof",hinter Fr.-Stenzer-Str. 17/19,2778.59,552.95,5.0251
Feature,13.575612961261395,52.5650443588065,Grünanlage,Clara-Zetkin-Park II,Rabensteiner Straße/Borkheider Straße,10106.64,1265.85,7.9841
Feature,13.56589353316467,52.55002612189684,Grünanlage,Rudolf-Leonhard-Straße zum Grohsteig 23,grüne Wegeverbindung zur J.-Petersen-Str,7820.19,749.43,10.4349
Feature,13.564473824908772,52.55291626729525,Grünanlage,Bürgerpark Marzahn - Lärmschutzwall,Max-Herrmann-Straße,4683.54,383.12,12.2246
Feature,13.54697061555747,52.56590862370785,Grünanlage,Hellersdorfer Weg,Fachvermögen des SGA Grün,8281.07,852.68,9.7119
Feature,13.573219319768919,52.5677056930455,Grünanlage,Barnimplatz und Weg entlang Straßenbahn,Havemannstraße und Wittenberger Straße,9910.66,1061.63,9.3353
Feature,13.581998920019291,52.564386186801,Grünanlage,Eichepark an der Kemberger Straße,Kemberger/ Golliner Straße,175751.06,7385.13,23.798
Feature,13.560421993628472,52.55075752432927,Grünanlage,Bürgerpark Marzahn,zw.R.-Wallenberg-Str./Max-Herrmann-Str.,76552.46,2388.18,32.0548
Feature,13.5659000393806,52.55848076648566,Grünanlage,Trusetaler Straße 15 - 55,Grünzug Rückfront Trusetaler,9352.99,744.77,12.5583
Feature,13.531246713527203,52.53685095798773,Grünanlage,Lehmgrube bei Bürknersfelde (ORWO-Teich),mit 26a - Biotop,10181.57,647.57,15.7226
Feature,13.565767876386028,52.54874707442507,Grünanlage,Grohsteig 23/ Jan-Petersen-Straße,mit Rodelberg  hinter dem Grohsteig,6616.91,562.55,11.7623
Feature,13.572740440120182,52.54716725620299,Grünanlage,"Dreiecksfläche ""Landsberger Tor""",Blumberger Damm/ Landsberger Allee,9585.38,535.41,17.903
Feature,13.540065815215536,52.55097755402428,Grünanlage,"Wiesenburger Weg, Grünanl.hinter Friedh.",östlich der Boxberger Straße,71628.39,4854.55,14.7549
Feature,13.563189713631392,52.57025192649687,Grünanlage,"Geraer Ring, Marzahn/West",Grünzug Geraer Ring,12322.95,1502.73,8.2004
Feature,13.562578835948258,52.569156036146126,Grünanlage,Geraer Ring - Lärmschutzwall am Grünzug,Lärmschutzwall,4512.01,631.54,7.1444
Feature,13.574830243991334,52.55980182852275,Grünanlage,Blumberger Damm/ Wuhletalstraße,Grünanlage mit Teich ggü.Kemberger Str.,4553.77,330.61,13.7739
Feature,13.578654925693023,52.55940970030934,Grünanlage,Weidefläche Park am Weidengrund,Blumberger Damm/ Glambecker Ring,50133.88,924.67,54.218
Feature,13.579829511063934,52.5547675832631,Grünanlage,Glambecker Ring/ Parsteiner Ring,Grünzug an den Ahrensfelder Bergen,49907.9,3694.92,13.5072
Feature,13.57056291641132,52.57316572270324,Grünanlage,"Gleisschleife Ahrensfelde, und am Dorf",Klandorfer Straße am Stützpunkt,4088.6,587.76,6.9563
Feature,13.565212337293381,52.562813034900195,Grünanlage,Seelgrabenpark Marzahn/ Nord,"Wuhletalstraße, nördlich",218872.3,8101.84,27.0151
Feature,13.571256865110682,52.5480909800138,Grünanlage,Schönagelstraße/ Blumberger Damm,Kiezpark südlich Turnhalle/ Sportplatz,14131.87,734.97,19.2277
Feature,13.55083465662259,52.56638181602174,Grünanlage,Seelgraben Marzahn/ Westpark,"Dessauer Straße, Geraer Ring - südlich",106028.59,4985.68,21.2666
Feature,13.577146395766974,52.549149087826706,Grünanlage,Brodowiner Ring/Hohensaatener Str.,um RHB Marzahn-Ost,20352.27,1747.01,11.6498
Feature,13.549305967100063,52.550764174584565,Grünanlage,"Raoul-Wallenberg-Straße, nördl./südl.",S-Bahnhofs-Vorplatz,3683.91,369.97,9.9574
Feature,13.583038701497918,52.55552375717537,Grünanlage,Ahrensfelder Berge,Ahrensfelder Berge,300545.43,2304.46,130.4188
Feature,13.563806549820006,52.54512184217373,Grünanlage,Raoul-Wallenberg-Str./Landsberger Allee,Grünanlage an der DEST,2786.91,281.44,9.9024
Feature,13.57128866790353,52.557969505092935,Grünanlage,Schwarzburger Str. 15 - 23,und Grünflächen zur Sitzendorfer Straße,8420.43,801.43,10.5068
Feature,13.553951484585701,52.55035589237913,Grünanlage,Hochzeitspark Marzahn Teil 1,zw. Ludwig-Renn-Straße und A.-Döblin-Straße,5115.48,361.77,14.14
Feature,13.555504450218098,52.560498999876074,Grünanlage,Wolfener/Leunaer/Schkopauer/Nordring,"Grüne Wegeverbindung im Gewerbegebiet, 7.BA",19078.69,4180.26,4.564
Feature,13.554846578264456,52.55703470816217,Grünanlage,S-Bahnhofs-Vorplatz Mehrower Allee,Mehrower Allee/ Märkische Allee,4387.78,364.8,12.0281
Feature,13.563124036704135,52.55452626055125,Grünanlage,Max-Herrmann-Straße - Ringkolonnaden,Ringkolonnaden,13611.05,1674.54,8.1282
Feature,13.569176468398078,52.55318213033522,Grünanlage,Karl-Holtz-Platz,Stadtplatz,5219.66,309.02,16.891
Feature,13.58259928764308,52.549944955131906,Grünanlage,Landsberger Allee 565,Dreiecksfläche Ringenwalder/Brodowiner R,5801.57,630.05,9.2082
Feature,13.548294945039833,52.54656859743932,Grünanlage,Basdorfer Str. 18-34/Mühlenbecker Weg,Franz-Stenzer-Str./Stolzenhagener Str.,5274.96,932.56,5.6564
Feature,13.611983867217337,52.529552485901746,Grünanlage,"Grünanlage WG 3,3 zw.Schleipfuhl u.Kita",Naturschutzzentrum Schleipfuhl,2148.99,197.7,10.8699
Feature,13.584718818297146,52.53730245259072,Grünanlage,Wuhle Eisenacher u.Feld.Ring,(Abschnitt zw. Eisenacher u.Feldberger,59137.06,3695.62,16.0019
Feature,13.595821565053992,52.54766324471983,Grünanlage,"Landsberger Chaussee, 186",Öffentliche Grünanlage,12740.47,1037.86,12.2757
Feature,13.617872600052998,52.53039897312029,Grünanlage,Freifläche an der Frohburger Str.,Frohburger Straße,17016.5,749.13,22.7151
Feature,13.617582699617108,52.5336214342041,Grünanlage,"Parktrilogie, Flächen unter Freileitung",zw.U-Bahn und Riesaer Straße,62405.12,2908.56,21.4557
Feature,13.603896055456632,52.54390956856803,Grünanlage,Grünfläche Tangermünder,Tangermünder Str./Ecke Stendaler Str.,859.42,117.8,7.2957
Feature,13.603810340312313,52.534636480748425,Grünanlage,Regine-Hildebrandt-Park,Riesaer Straße/Mylauer Weg,24061.4,1454.63,16.5413
Feature,13.612824831680777,52.49858993110314,Grünanlage,Grünfläche Hult. Damm/Margaretenstr.,Hultschiner Damm/ Margaretenstraße,3071.31,382.06,8.0389
Feature,13.595892927007098,52.53296381311046,Grünanlage,"Hellersdorfer Graben, 173",(zw.Jugendclub U 5 u.Carola-Neher Str.),29298.17,2334.93,12.5478
Feature,13.592400433428677,52.53015141411272,Grünanlage,Grünanlage Etkaer-Andre-Str.,Etkaer- Andre- Str.,1211.01,151.75,7.9802
Feature,13.598010582305111,52.53372814993091,Grünanlage,"Hellersdorfer Graben, 1247",(zw.Brücke Kastanienallee u.Jug.Club U 5,12540.66,1487.65,8.4298
Feature,13.616672515648006,52.54264822164977,Grünanlage,Freifläche Oschatzer Ring,Oschatzer Ring,4823.07,622.54,7.7474
Feature,13.60204986138128,52.52869866610394,Grünanlage,Windschutzstreifen Gülzower Str.,zw.Gülzower und Glauchauer Str.,25700.5,3892.15,6.6032
Feature,13.62534732132897,52.531205656755134,Grünanlage,"Siedlungsrand zw.U-Bahn u.WG 3,4 Riesaer",zw.Riesaer Str.und Jänschwalder Str.,4602.68,878.67,5.2382
Feature,13.581963152929312,52.5265911143325,Grünanlage,Öst.der Wuhle KNII,(zw.Cecilien Str. u.Hellersdorfer Str.),39299.83,1537.02,25.5688
Feature,13.61323607353241,52.501736144967325,Grünanlage,Gutspark Mahlsdorf,Hultschiner Damm,13300.47,612.76,21.7058
Feature,13.596310088754924,52.49733353520835,Grünanlage,Um Kaulsdorfer Seen,Kaulsdorf Süd,366435.78,7284.69,50.3022
Feature,13.608867272373766,52.539280131456344,Grünanlage,Peter-Weiss-Platz,Naumburger Ring/Qedlinburger Str.,2218.36,186.35,11.9044
Feature,13.62029951525275,52.529008933528516,Grünanlage,Stadtplatz Paul_Levi-Platz,Leisniger Str./ Roßweiner Ring,4035.5,279.06,14.461
Feature,13.606239258561056,52.537966843979596,Grünanlage,Kokoschkaplatz,Kokoschkastraße,916.07,107.32,8.5357
Feature,13.613619013037411,52.541411809556074,Grünanlage,Grünfläche (DEST),Oschatzer Ring,1048.19,250.62,4.1825
Feature,13.615661618038757,52.53833255783048,Grünanlage,Freifläche an der U-Bahn,Weißenfelser Straße/Louis-Lewin-Straße,9980.18,1373.74,7.2649
Feature,13.607357209208674,52.53596955427731,Grünanlage,Kurt-Julius-Goldstein-Park,Riesaer/ Heidenauer Straße,35298.55,1624.19,21.733
Feature,13.612417021449213,52.54233661437904,Grünanlage,Fläche unter der Freileitung,zw.U-Bahn und Hönower Weiherkette,18823.98,1188.5,15.8384
Feature,13.55447874292993,52.533218551446346,Grünanlage,"Elisabethstraße an d. Gleisschleife, Weg",Charlottenstraße zur Annenstraße,5545.85,827.56,6.7015
Feature,13.569773542894174,52.499862575751024,Grünanlage,Schmetterlingswiesen - Brodersengarten,Wuhlegrünzug,105510.41,2992.21,35.2617
Feature,13.524070685743137,52.531369800178766,Grünanlage,Pyramidenring - südlich,Ruderalfläche,3688.71,577.61,6.3861
Feature,13.562706851296204,52.48451126005768,Grünanlage,"Wuhlegrünzug, westlich der Wuhle",zw. Zimmermannstraße u.Bischofstaler Str,22494.23,3458.82,6.5034
Feature,13.546199077165868,52.5646505816836,Grünanlage,"nördlich Nordring, zum Hellersdorfer Wegrdlich Nordring, zum Hellersdorfer Weg",Fläche ehemals P-Null-Station,14755.24,1499.51,9.84
Feature,13.568167195738686,52.498554414712906,Grünanlage,"Binsengrund,",an der Dramburger Straße,23685.81,1651.42,14.3427
Feature,13.574428741197792,52.54433628054182,Grünanlage,Landsberger Tor - Stadtgarten,Wellenpark an der Spitzmühler Straße,13932.01,1107.53,12.5793
Feature,13.573776787804462,52.542630363089,Grünanlage,Altlandsberger Platz- Landsberger Tor,Zinndorfer Straße/Hasenholzer Allee,5906.95,471.44,12.5295
Feature,13.531781040404395,52.551748225567515,Grünanlage,Bitterfelder Straße - südlich,mit Biotopflächen Bitterfelder Teiche,131775.75,4849.19,27.1748
Feature,13.586241841242446,52.527954984736056,Grünanlage,Grünanlage Feldberger Ring,Feldberger Ring,2070.75,227.87,9.0872
Feature,13.611082974091545,52.530715861692975,Grünanlage,Erholungsfläche Hermsdorfer Straße,Hermsdorfer Straße,1371.7,673.34,2.0372
Feature,13.613633767969208,52.537032958526076,Grünanlage,"Grünfläche  ""Hellersdorfer Graben""","Sebnitzer Straße 6, 8",9306.19,455.89,20.4134
Feature,13.593211437510385,52.542580796117846,Grünanlage,Grünfläche Kyritzer Straße,Grünfläche,673.27,202.72,3.3212
Feature,13.565359019264472,52.510278913518164,Grünanlage,Paradiessiedlung Grünanlage,Walsheimer Straße,5851.0,826.56,7.0787
Feature,13.55014653945219,52.55422886125679,Grünanlage,GSG-Weg in südlicher Verlängerung zw.,S-Mehrower bis Otto-Rosenberg-Platz,8350.61,1700.36,4.9111
Feature,13.564346938959735,52.51601501321605,Grünanlage,Biesdorfer Promenade/ Wasserweg,östlich Blumberger Damm,1097.68,248.99,4.4086
Feature,13.614162340047498,52.49873606544365,Grünanlage,Grünanlage an der Rahnsdorfer Str.,Rahnsdorfer Straße,2547.63,254.81,9.9982
Feature,13.609602507315598,52.506548479559534,Grünanlage,Waldowpark,Waldowstraße,13970.73,712.61,19.6051
Feature,13.61602853682378,52.52885902990405,Grünanlage,Grünanlage Waldheimer Str.,Waldheimer/Döbelner Str.,14285.88,720.95,19.8154
Feature,13.611567462058293,52.49982618305094,Grünanlage,Grünanlage um Elsenteich,zw.Elsenstraße und Margaretenstraße,8999.61,814.1,11.0547
Feature,13.592015454045159,52.53455458296827,Grünanlage,Grünfläche Spremberger Str.,Spremberger Straße,1779.13,176.35,10.0884
Feature,13.629800577821856,52.51947003917599,Grünanlage,Frans-Hals-Platz,Frans-Hals-Str./Albrecht-Dürer-Str.,5454.12,318.53,17.1225
Feature,13.623038193431512,52.52803562233711,Grünanlage,Windschutzstreifen,zw.Glauchauer Str.und Riesaer Str.,45755.36,4072.47,11.2353
Feature,13.601934828275827,52.48812246019674,Grünanlage,Durlacher Platz,Durlacher Straße,6469.7,345.22,18.7409
Feature,13.579629235100352,52.523049658404275,Grünanlage,Fläche vor Kleingartenanlage,Teterower Ring,4315.44,461.68,9.3472
Feature,13.584181303046568,52.520734507527806,Grünanlage,Clara-Zetkin-Platz - Stadtplatz,Teterower Ring/ Clara- Zetkin- Platz,5769.59,314.99,18.3168
Feature,13.61092094819048,52.528881894510135,Grünanlage,"Schleipfuhl, 161",Jenaer Straße,40692.59,1402.26,29.0193
Feature,13.58320136611908,52.50887520095605,Grünanlage,Sowjetisches Ehrenmal,Brodauer Str.10/ Waplitzer Straße,1312.22,147.49,8.8972
Feature,13.642584404023319,52.522560358160995,Grünanlage,Graffplatz,Kolberger Straße/Tizianstraße,4450.51,272.22,16.3488
Feature,13.588142094245942,52.509515556993904,Grünanlage,Wilhelmplatz,Mädewalder Weg/ Planitzstraße,9137.14,787.05,11.6093
Feature,13.593300790936972,52.47877807295365,Grünanlage,Körnerplatz,Seestraße/Mechthildstraße,4898.78,695.85,7.04
Feature,13.603997980408476,52.47972134020345,Grünanlage,Ullrichplatz - Teil 1,Ullrichstraße,4748.65,653.31,7.2686
Feature,13.612939235899175,52.52412606939379,Grünanlage,Grünanlage Am Lupinenfeld,Am Lupinenfeld,4367.75,1236.14,3.5334
Feature,13.611424903706784,52.48275413366821,Grünanlage,Lehnitzplatz,Lenitzstraße/ Bütower Straße,9140.46,450.15,20.3052
Feature,13.607407818434645,52.51400484567197,Grünanlage,Alice- Herz- Platz,ehem. Platz 18 Briesner Weg/Hörselbergst,1659.39,185.71,8.9352
Feature,13.610001095349215,52.52157547178787,Grünanlage,Ludwig- Turek- Platz,Reißniger Str./Tolkmittstraße,3271.58,239.06,13.6854
Feature,13.605223494372751,52.50748314356129,Grünanlage,Öffentliche Grünanlage,Gielsdorfer /Dirschauer Str.,650.72,107.37,6.0605
Feature,13.585796518759587,52.54801996061442,Grünanlage,An der Wuhle WG 4,(zw.Land.Allee und Grenze zum Rev.8),16204.28,1590.99,10.185
Feature,13.612076617256175,52.53736560789565,Grünanlage,Südl. der U-Bahn,Sebnitzer Str.,16713.85,1091.0,15.3197
Feature,13.62891932443232,52.541919072309426,Grünanlage,Hönower Weiherkette,zw. Stendaler Str. und Hönow,420143.04,9079.26,46.275
Feature,13.577144115455608,52.516698797240736,Grünanlage,Östlich der Wuhle KN I,zw.Altentreptower und Sportplatz T.R.,61840.09,4194.05,14.7447
Feature,13.582895488340561,52.54232536725561,Grünanlage,Wuhle -Rev.5 bis Eisenacher Str.,Grenze Rev.9 bis an die Eisenacher Str.,104772.93,3875.16,27.037
Feature,13.596643064673591,52.518646716908314,Grünanlage,Freifläche Werner Str.,Werner Straße,55919.35,3226.88,17.3292
Feature,13.579914723783135,52.5266406908326,Grünanlage,West.der Wuhle KNII,(zw.Cecilien Str. u.Rohrbruchpark),33335.47,1778.32,18.7455
Feature,13.576890373618129,52.520770437834344,Grünanlage,Westlich der Wuhle KNI.,Erholungsfläche Westlich der Wuhle,42725.61,2920.21,14.631
Feature,13.578120478184934,52.51361899873937,Grünanlage,Wuhle Parchimer Str.,Wuhlerandbereich,6557.78,617.62,10.6179
Feature,13.613467059055495,52.54086614293849,Grünanlage,Grünanlage Oschatzer Ring,"ehm.Sonderschule,Oschatzer Ring 1",4927.17,371.26,13.2714
Feature,13.610971645184183,52.45716370692989,Grünanlage,Am Wiesenrain/ Erpe Fr GA,LSG,1216.99,242.89,5.0105
Feature,13.540795182984926,52.462046188932135,Grünanlage,An der Wuhlheide 161/ FEZ südlich Eichgestell Ob GA,südlich des Eichgestells,131657.44,6960.37,18.9153
Feature,13.527389395271998,52.4502962351658,Grünanlage,Moosstraße/ Hartriegelstraße Nie GA,Durchgangsweg,5542.0,804.59,6.888
Feature,13.60137675264285,52.440107002855484,Grünanlage,Müggelschlößchenweg/ Alfred-Randt-Straße ggü. Nr. 34 Köp GA,neben Kaufhalle Alfred- Randt-Str,2952.32,356.25,8.2871
Feature,13.713361236151734,52.4285369856517,Grünanlage,Lagunenweg/ Biberpelzstraße Ra GA,Grünanlage mit Biotop,19818.07,778.26,25.4645
Feature,13.504696507665702,52.44974172084427,Grünanlage,Am Haselbusch 2 Jo GA,,2704.11,220.69,12.2531
Feature,13.47999245865265,52.4696000247833,Grünanlage,Kiefholzstraße v.Nr. 148-149a Ba GA,,2811.75,221.49,12.6947
Feature,13.560488448740546,52.44976508144251,Grünanlage,Ernst-Grube-Straße zw. 35 und 39 Köp GA,,3386.16,590.44,5.735
Feature,13.559379450378177,52.453024872033495,Grünanlage,Spindlersfelder Straße/ südlich Spreeufer Köp GA,Spindlerpark,3276.58,402.19,8.1469
Feature,13.485366424079759,52.46464006146733,Grünanlage,Baumschulenstraße 79 Ba GA,Stadtplatz,1282.54,208.16,6.1613
Feature,13.540593852964083,52.42783642894812,Grünanlage,Volmerstraße/ Wilhelm-Ostwald-Straße Ahof GA,Robinienwäldchen 1 und 2,15267.67,931.17,16.3963
Feature,13.526615363152217,52.429968958347885,Grünanlage,Ludwig-Boltzmannstraße/ Linse Ahof GA,,10084.64,578.27,17.4394
Feature,13.539968083491123,52.43430921416711,Grünanlage,Rudower Chaussee/ Franz-Ehrlich-Straße Ahof GA,Eichenwäldchen,7254.72,394.39,18.3947
Feature,13.529373619072327,52.43252654377806,Grünanlage,Newtonstraße/ Aerodynamischer Park Ahof GA,,6330.43,569.01,11.1253
Feature,13.53228792485335,52.43033635727513,Grünanlage,Rudower Chaussee/ Akademieplatz Ahof GA,,1920.01,214.06,8.9693
Feature,13.475092194871674,52.4550080445168,Grünanlage,Späthstraße 80-81/ Arboretum Ba NA,Sen Stadt / Humboldt Uni,33772.55,1385.91,24.3684
Feature,13.635654629924648,52.45374764438361,Grünanlage,Werlseestraße/ Julius-Hart-Straße Fr GA,,7695.31,365.43,21.0582
Feature,13.565445394720825,52.40698731659753,Grünanlage,Höhensteig/ Grünzug Falkenberg Bo GA,alle Bauabschnitte Grünzug Falkenberg zusammen,38602.72,3181.22,12.1346
Feature,13.519614495281338,52.40521554967588,Grünanlage,Schönefelder Chaussee/ Landschaftspark Rudow-Altglienicke Ag NA,Fläche der Autobahn GmbH des Bundes,391970.24,11691.21,33.5269
Feature,13.53999151653731,52.40117816505231,Grünanlage,Weidenweg/ am Wäldchen Ag GA,,622.96,175.85,3.5426
Feature,13.702031961008768,52.43900500241942,Grünanlage,Kolpiner Weg/ NSG Schonungsberg Ra GA,,7564.21,468.31,16.152
Feature,13.52502491499647,52.43806294023983,Grünanlage,Groß-Berliner Damm/ Landschaftspark Jo GA,LSG ehem.Flugfeld Johannisthal Teil1.1,320595.14,8529.26,37.5877
Feature,13.517730128884835,52.43639434063786,Grünanlage,Groß-Berliner Damm/ Naturschutzgebiet Jo GA,NSG im ehem . Flugfeld Johannisthal,242065.81,1922.59,125.906
Feature,13.560519185361168,52.41675071438214,Grünanlage,Am Falkenberg/ Am Pumpwerk Ag GA,Wiese südl Plumpengraben,11357.37,952.46,11.9242
Feature,13.534005466020002,52.40066267268219,Grünanlage,Kirschweg Ag GA,Am Reichsbahnaußenring,7507.4,407.55,18.4209
Feature,13.52478489844278,52.4115554303243,Grünanlage,Schönefelder Chaussee Ag GA,Sonderfall ehem. Friehofserweiterungsfll.,8426.08,400.02,21.0639
Feature,13.466562566610827,52.45887231188927,Grünanlage,Baumschulenstraße/ Chris-Gueffroy-Allee Ba GA,Berliner Mauerweg,35287.6,2841.53,12.4185
Feature,13.58009385668296,52.4543198844054,Grünanlage,Hinter Bellevuepark u. KGA Am Mühlenfließ Köp GA,am Neuhagener Mühlenfließ (Erpe),3249.04,989.46,3.2837
Feature,13.455435307327356,52.49357885589722,Grünanlage,Puschkinallee/ Am Treptower Park AT GA,,2047.49,249.28,8.2135
Feature,13.511707317234256,52.440996603535325,Grünanlage,Segelfliegerdamm Nordwestfuge Jo GA,LSG ehemaliges Flugfeld Johannisthal Teil2,42818.87,1691.99,25.3069
Feature,13.554913016628563,52.41756462627857,Grünanlage,Am Falkenberg 49 Ag GA,NSG Wendeschleife,3683.43,231.94,15.8812
Feature,13.51811675483377,52.45925541100717,Grünanlage,Platz am Kaisersteg 1 Ob (Pacht),Skulpturengarten / Schauhallen,4740.76,384.82,12.3195
Feature,13.560245250874814,52.44191371580243,Grünanlage,Spindlersfelder Straße/ Glienicker Straße Köp GA,zw. Ottomar-Geschke und Glienicker Straße  (Drachenwiese),28015.56,1502.81,18.6421
Feature,13.53415877593177,52.420212945135575,Grünanlage,Zum Alten Windmühlenberg/ Hangkantenpark Ag GA,,15033.32,1299.62,11.5675
Feature,13.568817929470905,52.40841963076662,Grünanlage,Kirchsteig 98 Bo GA,ehemal. ZV-Gelände,35270.79,954.75,36.9423
Feature,13.703533819468383,52.435571859858044,Grünanlage,Fürstenwalder Allee 137/ Grünheider Weg Ra GA,"NSG ""Schulfeld""/Wolterdorfer Dünenzug",53002.5,1703.66,31.1109
Feature,13.578692593972841,52.46298762453076,Grünanlage,Hoernlestraße ggü.Nr.46 Köp GA,neben Kaufhalle,1887.5,218.5,8.6384
Feature,13.494179649819001,52.438140469540954,Grünanlage,Springbornstraße 176-186/ Grünzug Jo GA,Kirschwiese,3063.39,368.81,8.3061
Feature,13.525481871257686,52.41724810209261,Grünanlage,Braunellensteig/ Hornkleepfad Ag GA,A u E Fläche,26107.35,755.21,34.5695
Feature,13.550422699024555,52.39245966598631,Grünanlage,Alexander-Meißner-Straße Bo GA,BBI Business Park,70975.09,3145.88,22.5613
Feature,13.52508454774932,52.418670979039106,Grünanlage,Braunellensteig Ag GA,,3328.51,243.85,13.6496
Feature,13.468902290767998,52.47874909252863,Grünanlage,Kiefholzstraße vor den KGA's Pl GA,,10065.37,1184.36,8.4985
Feature,13.545755601175662,52.40444856114433,Grünanlage,Chorweiler Straße/ Coloniapark Ag GA,,60702.78,2814.12,21.5708
Feature,13.52453908041938,52.40274310523496,Grünanlage,Schönefelder Chaussee/ Promenade Ag GA,mit Hochbeeten und Wasserüberlaufbecken/Kaskad.,19618.03,1864.72,10.5206
Feature,13.540560061497391,52.405724586802414,Grünanlage,Lehmusstraße/ Altglienicker Aue Ag GA,,21251.18,1653.52,12.8521
Feature,13.52449407899173,52.40062099193948,Grünanlage,Siriusstraße/ Uranusstraße Ag GA,Blumenthal,7418.17,734.71,10.0968
Feature,13.541935882291522,52.4048095554687,Grünanlage,Porzer Straße/ am Lärmschutzwall Ag GA,,14406.16,1710.91,8.4202
Feature,13.539139605310833,52.40208877585676,Grünanlage,Nippeser Straße/ Rebenweg Ag GA,"""Am Wäldchen""",3983.1,596.88,6.6732
Feature,13.540789743710649,52.40490419290917,Grünanlage,Lehmusstraße/ am Lärmschutzwall Ag GA,,4813.6,586.66,8.205
Feature,13.530224329040847,52.4087507252857,Grünanlage,Gerosteig /Ortolfstraße Ag GA,,19588.59,1182.22,16.5693
Feature,13.525591188315834,52.407146610617865,Grünanlage,Schönefelder Chaussee/ Venusstraße Ag GA,Volkspark,2415.41,285.07,8.4732
Feature,13.542707781618322,52.40773784031824,Grünanlage,Mohnweg/ Mittelweg Schmuckplatz Ag GA,,1415.12,187.66,7.541
Feature,13.520309195845268,52.42264509960233,Grünanlage,Rudower Straße am Kiessee Ag GA,,11487.02,1127.64,10.1868
Feature,13.562519124720795,52.410884350273484,Grünanlage,Preußenstraße/ Am Falkenberg 110-111 Ag GA,Wiese an der B 96,18712.85,722.4,25.9036
Feature,13.541610960115047,52.41460480942854,Grünanlage,Widosteig/ Doktorpark Ag GA,"Salierstr., Bohnsdorfer Weg",20069.03,621.53,32.29
Feature,13.53571773953002,52.42282922028683,Grünanlage,Semmelweisstraße 34-36 Ag GA,,3332.97,310.8,10.7238
Feature,13.526738055420333,52.415602734399855,Grünanlage,Kasperstraße Ag GA,,4747.15,589.34,8.055
Feature,13.558956938505073,52.4101292367252,Grünanlage,Rosestraße/ Am Winkel Ag GA,,898.47,120.27,7.4704
Feature,13.537903786157147,52.41824780062316,Grünanlage,Lianenweg Ag GA,,871.75,131.86,6.6113
Feature,13.539499998701073,52.41929583980388,Grünanlage,Normannenstraße Ag GA,Alter Friedhof,5037.25,586.31,8.5914
Feature,13.532256670844825,52.40630632052061,Grünanlage,Ortolfstraße 144/148 Ag GA,,1944.62,314.99,6.1736
Feature,13.52024856456377,52.45601384749662,Grünanlage,Hasselwerderstraße/ Hasselwerder Park Nie GA,,12981.05,1763.54,7.3608
Feature,13.522127560462563,52.44995762667833,Grünanlage,Grimaustraße 76-82 Nie GA,am Bahndamm,4487.32,360.17,12.459
Feature,13.523985761536306,52.450640800576934,Grünanlage,Köllnische Straße 34-35a Nie GA,an der Rudower Str.,10986.56,998.87,10.999
Feature,13.498918729244162,52.43914755729096,Grünanlage,"Springbornstraße 144-154, 156/ Grünzug Jo GA",Grüner Anger,15132.49,1702.44,8.8887
Feature,13.506915468591545,52.45259331850027,Grünanlage,Breiter Weg Jo GA,zw.Staudenweg u.Südostallee,4563.87,800.37,5.7022
Feature,13.50892369818836,52.448672817260956,Grünanlage,Johannisthaler Park/ Engelhardstraße Jo GA,,28306.23,990.69,28.5723
Feature,13.506431597209286,52.447859106114635,Grünanlage,Sterndamm 60-62/ Ecke Ellernweg Jo GA,,1688.08,199.94,8.4428
Feature,13.503499925989017,52.44346020159458,Grünanlage,Sterndamm/ Herweghstraße Jo GA,Goldwassergrundstück,1563.81,161.96,9.6558
Feature,13.501013695808078,52.448183890080315,Grünanlage,Ellernweg 29-39/ Königsheideweg Jo GA,,5552.12,524.35,10.5886
Feature,13.503932685003242,52.45382064088285,Grünanlage,Am Alten Fenn/ Verbindung Jo GA,Königsheideweg u. Südostallee,712.4,511.83,1.3919
Feature,13.5041698921993,52.4537051999757,Grünanlage,Südostallee/ Rodelberg Jo GA,,6254.48,423.53,14.7674
Feature,13.49481650062526,52.481405315308415,Grünanlage,Neue Krugallee/ Ufer Plänterwald Pl GA,LSG,29659.44,4812.72,6.1627
Feature,13.489746850458577,52.461872608761546,Grünanlage,Kiefholzstraße 207/ Radenzer Straße Ba GA,Britzer Zweigkanal,7571.12,1232.11,6.1448
Feature,13.495201313491185,52.46801558498246,Grünanlage,Köpenicker Landstraße/ Rodelbergweg Ba GA,,21932.36,893.51,24.5462
Feature,13.48810785911707,52.47417274018231,Grünanlage,Neue Krugallee 142-144 Ba GA,,4444.57,278.86,15.9383
Feature,13.489291359971434,52.46363188534474,Grünanlage,Kiefholzstraße/ Hohenbirker Weg Ba GA,,3833.95,303.16,12.6465
Feature,13.480480019907448,52.46478387737663,Grünanlage,Heidekampweg/ Frauenlobstraße Ba GA,,845.77,124.45,6.796
Feature,13.48294665262103,52.47741946031091,Grünanlage,Willi-Sänger-Straße Pl GA,,10392.78,842.45,12.3364
Feature,13.489134133794538,52.47165283762711,Grünanlage,Köpenicker Landstraße neben 221/ Lakegrund Ba GA,,5690.93,542.58,10.4886
Feature,13.474913999013713,52.4793640034744,Grünanlage,Köpenicker Landstraße/ S-Bhf. Vorplatz Pl GA,S-Bhf.Plänterwald; Vorpl. mit Brunnen,5085.72,281.69,18.0542
Feature,13.474627888011321,52.483346703100615,Grünanlage,Alt-Treptow/ Treptower Park AT GA,einschließlich Insel der Jugend,688183.47,17092.47,40.2624
Feature,13.479275980604882,52.48396648647807,Grünanlage,Neue Krugallee/ Bulgarische Straße Pl GA,neben Rathaus Treptow,2519.87,238.6,10.561
Feature,13.479995656510743,52.479314034969576,Grünanlage,Galileistraße/ Orionstraße Pl GA,,7035.02,540.68,13.0113
Feature,13.463157271234536,52.48293955041163,Grünanlage,Kiefholzstraße/ Puderstraße Pl GA,Japanische Kirschen,7265.28,576.58,12.6006
Feature,13.44176672902413,52.49176839663742,Grünanlage,Lohmühlenstraße/ Lohmühlenufer AT GA,,10578.61,1292.03,8.1876
Feature,13.452887980410207,52.49069975128442,Grünanlage,Lohmühlenstraße/ Görlitzer Bahndamm AT GA,"Sonderfall, angemietet von der Bahn",22047.01,1972.44,11.1776
Feature,13.458409389110134,52.496209801505096,Grünanlage,Martin-Hoffmann-Straße/ Grünes Dreieck AT GA,inkl. Verbindungssteg unter der Elsenbrücke,7895.27,709.91,11.1215
Feature,13.449390746088024,52.49502198353835,Grünanlage,Puschkinallee/ Schlesischer Busch AT GA,,56189.3,2117.91,26.5305
Feature,13.444826038677187,52.49024043988987,Grünanlage,Schmollerplatz AT GA,,5047.49,396.9,12.7174
Feature,13.450981176177287,52.48844982966627,Grünanlage,Wildenbruchstraße/ Wildenbruchpark AT GA,,10187.83,823.0,12.3789
Feature,13.457053762943737,52.49461363227333,Grünanlage,Martin-Hoffmann-Straße/ Durchwegung AT GA,,4619.03,575.07,8.0321
Feature,13.596814908307051,52.45494287113751,Grünanlage,Erpe zw.Bellevuestraße und Grünfließer Gang Köp GA,,5897.4,1644.32,3.5865
Feature,13.573852252329562,52.44597732926397,Grünanlage,Alt-Köpenick/ Luisenhain Köp GA,zw. Lange Brücke und Dammbrücke,13318.66,1103.08,12.0741
Feature,13.604011465821168,52.438563540440626,Grünanlage,Strandschloßweg Köp GA,,5453.93,948.82,5.7482
Feature,13.602726621047186,52.453337988685085,Grünanlage,Stillerzeile 100/ vor der Schule Fr GA,,2652.75,284.8,9.3144
Feature,13.522892598860148,52.47095868827253,Grünanlage,Treskowallee 175-211/ GUS Ob GA,GUS-Flächen,196146.47,4954.93,39.5861
Feature,13.651925175729641,52.37503919107094,Grünanlage,Alt-Schmöckwitz/ Brücke Sch GA,,2363.27,219.44,10.7694
Feature,13.569876142824546,52.444851916525074,Grünanlage,Gutenbergstraße/ Oberspreestraße Köp GA,,1673.14,168.18,9.9485
Feature,13.574710468010824,52.44760771123588,Grünanlage,Uferweg Freiheit Köp GA,,1052.76,437.73,2.4051
Feature,13.583669323915693,52.47064530479872,Grünanlage,Pflanzgartenplatz Köp GA,,3911.12,282.56,13.8415
Feature,13.580315376897433,52.46059232662654,Grünanlage,Mahlsdorfer Straße/ Kaulsdorfer Straße Köp GA,(6a/2-8),3410.37,331.23,10.2962
Feature,13.57320283770968,52.4648664954335,Grünanlage,Am Bahndamm/ Wuhlegrünzug Köp GA,von Am Bahndamm bis Mozartstraße/ Zum Wuhleblick mit Radweg,15044.62,3462.92,4.3445
Feature,13.610042363119634,52.45610576630982,Grünanlage,Stillerzeile/ Neuhagener Mühlenfließ Fr GA,"LSG Am Wiesenrain, paralell zur Stillerzeile",3288.23,736.85,4.4625
Feature,13.582865887077663,52.46277773838628,Grünanlage,Mahlsdorfer Straße/ Gehsener Straße Köp GA,(6b/2-7),2995.56,262.91,11.3941
Feature,13.530262549562542,52.46555960148344,Grünanlage,An der Wuhlheide 161/ Eichgestell Ob GA,,29539.9,4784.09,6.1746
Feature,13.604702899500591,52.45581606517789,Grünanlage,Grünfließer Gang/ LSG Erpetal Fr GA,LSG,51033.01,4058.52,12.5743
Feature,13.61673001244077,52.45245588256501,Grünanlage,Aßmannstraße/ Charlotte-E.-Pauly-Straße Fr GA,(Hinterland),5250.83,666.93,7.8732
Feature,13.620828275435375,52.455020509035826,Grünanlage,Lindenallee 6a Fr GA,(vorher Peter-Hille-Straße 2),1069.16,132.54,8.0666
Feature,13.546472339353796,52.464062763882126,Grünanlage,An der Wuhlheide 161/ FEZ nördlich Eichgestell Ob GA,FEZ- An den Finnenhütten,31899.87,1987.83,16.0476
Feature,13.525332678978634,52.45459419437497,Grünanlage,Uferweg Spreeknie verlängerte Wilhelminenhofstraße Ob GA,,3738.18,1187.07,3.1491
Feature,13.600134171181283,52.43968759675155,Grünanlage,Alfred-Randt-Straße Köp GA,,4082.12,334.99,12.186
Feature,13.639713284631414,52.44812058002733,Grünanlage,Werlseestraße/ Wendeschleife Fr GA,am Müggelseedamm,7082.02,371.35,19.071
Feature,13.63039619802496,52.455610216146425,Grünanlage,Am Goldmannpark Fr GA,,9777.25,796.4,12.2768
Feature,13.627165259360531,52.44481595590422,Grünanlage,Josef-Nawrocki-Straße 24/ Müggelpark Fr GA,(6a/9-2),13264.57,615.59,21.5477
Feature,13.638537034736357,52.44720904031882,Grünanlage,Müggelseedamm/ Kalkseestraße Fr GA,"(6a/9-3), Seeterassen",3146.99,249.11,12.6328
Feature,13.632847197985432,52.44682551482457,Grünanlage,Bruno-Wille-Straße/ Müggelseedamm Fr GA,Bruno-Wille-Steig (Kaisersteg),758.92,123.94,6.1232
Feature,13.62478407042203,52.459097601175216,Grünanlage,Dahlwitzer Landstraße/ Hinter dem Kurpark I Fr GA,ohne waldähnlichen Teil - Gartendenkmal,37467.03,2245.26,16.6872
Feature,13.72640197769921,52.42562471289267,Grünanlage,Dämeritzstraße/ Lindenstraße Ra GA,(6a/8-9),1811.76,284.73,6.363
Feature,13.66325242418212,52.409537854417415,Grünanlage,Krampenburger Weg 13 Mü GA,ehem.Friedhof und Uferbereich ( Ablage ),2635.17,261.6,10.0732
Feature,13.6494819665266,52.37475640476114,Grünanlage,Alt-Schmöckwitz/ Wendeschleife Sch GA,Dorfplatz,1932.65,199.01,9.7114
Feature,13.635323671226875,52.39149771970642,Grünanlage,Vetschauer Allee/ Platz 764 Sch GA,(6a/6-14),2557.1,296.09,8.6363
Feature,13.7124051902784,52.42614797730846,Grünanlage,Biberpelzstraße/ Uferpromenade Ra GA,,4239.58,454.93,9.3191
Feature,13.576387255441169,52.41668683167898,Grünanlage,Kochelseestraße/ ehemaliger Friedhof Gr GA,"Walchensee-,Kochel-,Ammerseestr.",5605.59,381.68,14.6864
Feature,13.600726643084279,52.410660228875436,Grünanlage,Sportpromenade 1 Gr GA,ehemal.Sportlerdenkmal (6a/6-3),5003.17,325.08,15.3906
Feature,13.583707969725282,52.413767566674856,Grünanlage,Regattastraße 176/ Libboldallee Gr GA,(6a/6-12),1089.62,132.31,8.2355
Feature,13.577237473481539,52.41780982632716,Grünanlage,Don-Ugoletti-Platz/ Kochelseestraße Gr GA,Kochelseestraße-Walchenseestraße-Regattastraße 110,9786.61,701.05,13.9599
Feature,13.580041550640791,52.4227023009682,Grünanlage,Schlierseestraße/ Uferpark Gr GA,,21446.41,1263.04,16.9799
Feature,13.630503653870893,52.396595136079384,Grünanlage,Vetschauer Allee/ Rehfeldtstraße/ Karolinenhofweg Sch GA,Dorfanger,5770.07,539.21,10.7009
Feature,13.582678109401472,52.41564744492645,Grünanlage,Regattastraße 155 Gr GA,Dampferanlegestelle,4133.61,374.88,11.0264
Feature,13.595090055745937,52.41431372211471,Grünanlage,Möllhausenufer Köp GA,(6a/4-5),8456.19,544.83,15.5207
Feature,13.588175563049653,52.42185134419107,Grünanlage,Lienhardweg/ Wendenschloßstraße Köp GA,Lienhardplatz (6a/4-4),2560.96,305.83,8.3739
Feature,13.590762780853828,52.440299409211676,Grünanlage,Müggelheimer Damm/ Salvador-Allende-Straße Köp GA,Volkspark,59245.22,2090.24,28.3438
Feature,13.662197648737573,52.41504363834995,Grünanlage,Odernheimer Straße 13 Mü GA,Biotop,38184.15,1465.12,26.0622
Feature,13.589501474049916,52.4447009372783,Grünanlage,Wendenschloßstraße/ Am Amtsgraben Köp GA,Amtsgrabenverrohrung (6b/7-11),19007.5,1491.22,12.7463
Feature,13.587078582244613,52.44482383176403,Grünanlage,Wendenschloßstraße 35/ vor dem Seniorenheim Köp GA,,1540.69,173.78,8.866
Feature,13.575457178478429,52.44411264775632,Grünanlage,Müggelheimer Straße/ Frauentog Köp GA,(6a/3-19),1943.45,525.87,3.6957
Feature,13.582128226744759,52.445435610603006,Grünanlage,Landjägerstraße/ Amtswäldchen Köp GA,,8220.94,835.06,9.8447
Feature,13.597289848033311,52.44927331387937,Grünanlage,Salvador-Allende-Straße/ Uferpromenade Köp GA,,8045.07,1572.78,5.1152
Feature,13.578531381683531,52.4468935646167,Grünanlage,Futranplatz Köp GA,(6a/3-9),3636.21,332.1,10.9492
Feature,13.572896595027212,52.44294466707929,Grünanlage,Müggelheimer Straße/ Schloßinsel Köp GA,,20766.63,688.48,30.1631
Feature,13.575676460688992,52.446960261464405,Grünanlage,Kirchstraße/ Laurentiuskirchplatz Köp GA,"Sonderfall  zur Pflege, Vertrag Stadt und Kirche",2290.66,325.4,7.0394
Feature,13.562477258819056,52.44688465783671,Grünanlage,Ernst-Grube-Straße/ S-Bhf. Spindlersfeld Köp GA,Bahnhofsvorplatz Spindlersfeld,3386.36,288.6,11.7339
Feature,13.561178879361776,52.45304093949694,Grünanlage,Eiselenweg 24 Köp GA,,1517.32,193.34,7.8479
Feature,13.568130037140705,52.455685621262774,Grünanlage,Lindenstraße/ Wuhlewanderweg Köp GA,Zwischen Lindenstraße und Hämmerlingstraße,5990.39,1456.88,4.1118
Feature,13.566435341338154,52.45446687684805,Grünanlage,Lindenstraße/ Wuhlemündung Köp GA,incl. Wuhletalweg mit Radweg,11257.74,555.62,20.2614
Feature,13.572436854996795,52.451904583752714,Grünanlage,Bahnhofstraße/ Maria-Jankowski-Park Köp GA,ehem. Veteranenplatz,9619.84,607.51,15.8349
Feature,13.56163511615599,52.451005636920186,Grünanlage,Am Ernst-Grube-Park Köp GA,Ernst-Grube-Straße,21544.87,889.1,24.2323
Feature,13.574270106911394,52.45126861608952,Grünanlage,Platz des 23. April/ Am Generalshof Köp GA,,22808.5,1974.38,11.5522
Feature,13.56887367032485,52.448638302560326,Grünanlage,Mentzelpark Köp GA,Mentzelstraße,14239.34,873.22,16.3068
Feature,13.584096574248614,52.453319297529426,Grünanlage,Friedrichshagener Straße/ Bellevuepark Köp GA,,92211.3,3711.82,24.8426
Feature,13.563528741397896,52.452657359011425,Grünanlage,Ernst-Grube-Straße/ Eiselenweg Köp GA,Bucheneck (6a/5-9),1251.15,139.98,8.9378
Feature,13.54627847232228,52.45922978148724,Grünanlage,An der Wuhlheide 161/ FEZ Festwiese Ob GA,mit Eingangsbereich Bhf. und altem Hauptweg,137107.61,3573.11,38.3721
Feature,13.524162626329113,52.46621024613621,Grünanlage,An der Wuhlheide 161/ Volkspark Ob GA,Volkspark Wuhlheide,332322.41,8380.35,39.655
Feature,13.50941527458889,52.46985583830656,Grünanlage,Mentelinstraße Ob GA,Mentelinplatz (6a/10-2),1689.46,174.12,9.7028
Feature,13.533499687367524,52.46029811490887,Grünanlage,Waldowstraße/ Treskowstraße Ob GA,Nähe Waldowplatz (6b/10-50),2988.41,240.06,12.4485
Feature,13.519741250143035,52.46405098841943,Grünanlage,Griechische Allee Ob GA,Griechischer Park (6a/10-1),11083.57,1342.92,8.2533
Feature,13.520250926938841,52.43125583635492,Grünanlage,Karl-Ziegler-Straße/ Hermann-Dorner-Allee Ahof GA,Grünzug  Auf dem Oktogon (südwest) Fußgängerzone,11395.31,1097.23,10.3855
Feature,13.496998443476716,52.467956343828924,Grünanlage,Köpenicker Landstraße/ Minna-Todenhagen-Straße Nie GA,alt: Köpenicker Landstraße 297/ Marggraffbrücke Ba GA,12747.71,1180.03,10.8028
Feature,13.522504270637604,52.43831148737525,Grünanlage,Gerhard-Sedelmayr-Straße/ Naturerlebnisraum Jo GA,"""Felsen"" auf Sand Ehem. Flugfeld",15665.62,966.77,16.2041
Feature,13.537346282760442,52.40738112416831,Grünanlage,Mohnweg/ neben Schule Ag GA,Hügellandschaft,602.8,113.79,5.2977
Feature,13.506300217391942,52.437942231862465,Grünanlage,Winckelmannplatz Jo GA,,3463.65,254.01,13.6358
Feature,13.562369061754136,52.45505783013337,Grünanlage,An der Wuhlheide 250-270/ Uferweg Ob GA,Mellowpark,11258.19,1245.75,9.0373
Feature,13.484536723203952,52.46525832102795,Grünanlage,Mörikestraße Hinter Baumschulenstraße Ba KSP,Generationsüberg. hinter  VHS,2373.3,195.23,12.1567
Feature,13.496454156137133,52.5367762819084,Grünanlage,Neustrelitzer Str. 60-70 / Gensler Str. 24-32,,10729.02,559.28,19.1836
Feature,13.498347555830415,52.5388143622577,Grünanlage,Gensler Str. 18 / Ecke  Werneuchner Str.,,1984.85,195.6,10.1475
Feature,13.496185509100254,52.54224451701703,Grünanlage,Freienwalder Platz,,3814.15,377.17,10.1126
Feature,13.49212903203591,52.539493695104326,Grünanlage,Strausberger Platz / Grünanlage,,2571.43,240.26,10.7027
Feature,13.494906339188356,52.536955459405654,Grünanlage,Neustrelitzer Str.36-58 / Zechliner Str. 20-24,Stadtplatz (Fl.St. 269),4974.56,617.32,8.0583
Feature,13.489533236340348,52.547781081434564,Grünanlage,Obersee Park,,49554.59,2182.34,22.7071
Feature,13.49793611318177,52.545597472742884,Grünanlage,Bahnhofstr. / Grünzug,,2101.44,449.96,4.6703
Feature,13.52128125518953,52.552388476401866,Grünanlage,Roderichplatz,,2543.45,215.02,11.829
Feature,13.515134272269961,52.563269548262646,Grünanlage,Wartenberger Str. /Grünanlage,,15878.37,1644.04,9.6582
Feature,13.503986435589491,52.56163556837473,Grünanlage,Rüdickenstr. / Arminstr. / Graben 81,,15198.16,1944.16,7.8174
Feature,13.491881140687909,52.56778053239416,Grünanlage,Ribnitzer Str. / Hohenschönhauser Weg / Grünanlage,,12201.16,594.11,20.5369
Feature,13.524958153838446,52.570432834234836,Grünanlage,Rohrpfuhl / Grünanlage,,42086.08,2514.26,16.7389
Feature,13.554534020555359,52.57841792547473,Grünanlage,Flächen nördl. Zehnrutenweg,Falkenberger Feldmark 8,160840.06,4468.26,35.9962
Feature,13.503989944534602,52.53728408505502,Grünanlage,Joachimsthaler Str. 12-16 / Biesenthaler Str.,,5951.3,626.08,9.5056
Feature,13.490546955359662,52.58031428344987,Grünanlage,Malchower Aue / Nähe Magaretenbrücke,,54741.6,4647.67,11.7783
Feature,13.51273887500569,52.5796691229928,Grünanlage,Flächen südl. Dörferweg bis Hechtgraben,Wartenberger Feldmark,353280.75,6947.45,50.8504
Feature,13.505080975255181,52.535092642337396,Grünanlage,Arendsweg 1,,1520.95,177.31,8.5777
Feature,13.492034557998936,52.53652843600175,Grünanlage,Neustrelitzer Str. 8-22 / Zechliner Str. 8-18,Stadtplatz,4340.78,588.6,7.3747
Feature,13.4982179436316,52.57451801883832,Grünanlage,Zingster Str. 66-80 / Am Berl 13-17 (Wäldchen),,19669.13,948.26,20.7423
Feature,13.507013235657862,52.537498481549235,Grünanlage,"Arendsweg / Grünzug ""Weiße Taube""",,15869.29,1474.94,10.7593
Feature,13.501896006969195,52.537164210462464,Grünanlage,Joachimsthaler  Str. 4-10 / Biesenthaler Str. 2-8,,2475.3,508.18,4.8709
Feature,13.519709085655906,52.567600777671565,Grünanlage,Warnitzer Bogen / GA,,21134.93,675.77,31.2752
Feature,13.502622757921669,52.566101760846685,Grünanlage,Zingster Str. / Vorplatz Schwimmhalle,Premium-Anlage,2235.99,207.25,10.7886
Feature,13.496722441282369,52.57315305261156,Grünanlage,Zingster Str. 58-64,,1803.45,210.9,8.5511
Feature,13.500942043799112,52.57456550046651,Grünanlage,Wustrower Str./Lärmschutzwall,,38610.82,3642.34,10.6006
Feature,13.499127550380226,52.56577848738468,Grünanlage,Barther Pfuhl / Grünanlage,,23922.34,1716.04,13.9404
Feature,13.51843099524181,52.56992199363945,Grünanlage,"Grevesmühlener Str. 36/ alte Ruine ggü. ""Leo""s Hütte/GA",,9287.26,464.24,20.0052
Feature,13.529099064198874,52.56389317156873,Grünanlage,Vincent van Gogh - Str. 33-41 / Grünanlage,,15639.69,897.6,17.4239
Feature,13.486120518186752,52.535182231945974,Grünanlage,Landsberger Allee 225/227 / Stadtplatz,,1881.48,201.16,9.353
Feature,13.495220447330372,52.545934956968345,Grünanlage,Degner Platz,,4117.37,264.27,15.58
Feature,13.480049953302897,52.54928678947486,Grünanlage,Orankesee Park u. Promenade Orankestrand,,27981.05,2575.92,10.8625
Feature,13.488414954897385,52.535486867332615,Grünanlage,Landsberger Allee 227-253 / Grünzug dahinter,,6724.45,1076.22,6.2482
Feature,13.483773537509572,52.547590683350265,Grünanlage,Oberseestr. 5-7,,8323.3,711.98,11.6904
Feature,13.48139473330009,52.53395999592018,Grünanlage,Altenhofer Dreieck / GA,,15270.35,1658.89,9.2052
Feature,13.48018440499654,52.53681259969445,Grünanlage,Altenhofer Str. 1-19 / Mittelstr.,,8674.26,858.9,10.0992
Feature,13.486364046241336,52.540186498391655,Grünanlage,Konrad-Wolf-Str. 92,,1818.51,239.67,7.5874
Feature,13.484688676423882,52.53533995164931,Grünanlage,Altenhofer Str.40 / Landsberger Allee 221/223,,12100.69,787.56,15.3647
Feature,13.498766315676752,52.57252109484283,Grünanlage,Am Berl / Grünanlage,,19605.26,1103.18,17.7716
Feature,13.490692798867196,52.567034507191075,Grünanlage,Hohenschönhauser Weg / Grünanlage (Kletterfelsen),,28008.23,1286.51,21.7708
Feature,13.505937134533536,52.56997020342781,Grünanlage,Wustrower Park,,42102.22,2474.31,17.0158
Feature,13.5069855503125,52.57863889464631,Grünanlage,Hechtgraben / Grünanlage nördl. bis Schnitterinnenweg,,18914.35,1614.45,11.7157
Feature,13.498446017355555,52.57147518589826,Grünanlage,Am Berl / Naturschutzfläche,,7902.03,950.75,8.3114
Feature,13.538665463806037,52.567741313832876,Grünanlage,Falkenberger Krugwiesen I / nördl.Teil / einfach,,230184.29,7858.17,29.2923
Feature,13.544620652639162,52.580653952318265,Grünanlage,Zehnrutenweg,,8595.4,2304.37,3.73
Feature,13.500370730558425,52.537588532595905,Grünanlage,Liebenwalder Str.20/22 / Grünanlage an Schule,,2852.89,466.87,6.1107
Feature,13.500833319199126,52.535730139833085,Grünanlage,Liebenwalder Str. 2-10 / Arendsweg 3-17,Landsberger Allee 291-309,9096.17,1183.38,7.6866
Feature,13.487725167502589,52.57996672658299,Grünanlage,Malchower Aue / NSG,,10021.92,605.43,16.5535
Feature,13.479202633831616,52.535584180722374,Grünanlage,Altenhofer Str. / Ecke Konrad-Wolf-Str. /,Steller Weg,10719.82,1493.41,7.1781
Feature,13.496040075210267,52.563022327076744,Grünanlage,Darßer Straße / Grünanlage,(Schwarzer Weg),36899.55,2795.72,13.1986
Feature,13.49295705987798,52.54463124180948,Grünanlage,Konrad-Wolf-Str.21-22 / Manetstr. 84-86,,1529.13,204.71,7.4696
Feature,13.503785612687354,52.590106491038846,Grünanlage,Flächen zw. der B2 und der Ahornallee,,28377.22,7978.31,3.5568
Feature,13.522532791259023,52.56444482652784,Grünanlage,Randowstr. 29 / Grünanlage,,7932.71,470.67,16.8542
Feature,13.48734299821307,52.58839456604563,Grünanlage,"KGA ""Mageretenhöhe-Nord"" / Grünfläche bis",Stadtbezirksgrenze,18642.87,1814.16,10.2763
Feature,13.515152622061134,52.59227716399014,Grünanlage,Barnimer Dörferweg (Malchow-Wartenberg),,38121.82,3899.05,9.7772
Feature,13.512854180782258,52.56722604083348,Grünanlage,Falkenberger Chaussee. / Egon-Erwin-Kisch Str.,Grünanlage am Bürgeramt,12501.64,688.45,18.159
Feature,13.501538331701747,52.584090919467506,Grünanlage,Margaretenhöhe Nord / an der Ahornallee,,213032.45,8471.06,25.1483
Feature,13.483185403905622,52.58345215322129,Grünanlage,Blankenburger Pflasterweg / Grünanlage,,1048.49,318.23,3.2948
Feature,13.509486304812174,52.57138204613755,Grünanlage,Quartierspark Neubrandenbg. Str./Grün,,24502.6,1555.67,15.7506
Feature,13.498886508905652,52.5839602059192,Grünanlage,Luch Magaretenhöhe / Schutzgebiet,,43073.94,1597.78,26.9586
Feature,13.501318893798134,52.578193097706595,Grünanlage,An der Margaretenhöhe / Fläche beidseitig der Straße,,44389.51,1759.24,25.2322
Feature,13.489573071942662,52.540458511675155,Grünanlage,Küstriner Straße 11-14 / Ehrenmal,,3057.27,268.97,11.3665
Feature,13.499167563016613,52.48313299970613,Grünanlage,Köpenicker Chaussee 20 südlich,,4477.43,678.36,6.6004
Feature,13.50165047834193,52.51733109302548,Grünanlage,Nibelungenpark/ ggü. Hagenstr.28-32,,5965.14,372.62,16.0088
Feature,13.53026445053239,52.50220652399876,Grünanlage,Tierpark Friedrichsfelde,,1307541.88,6394.49,204.4795
Feature,13.506368956903927,52.529899947583615,Grünanlage,Herzbergstr. 79 / nördlich,,8165.13,616.84,13.237
Feature,13.521980107687192,52.49630736878471,Grünanlage,Am Tierpark 70-78,,1989.98,523.72,3.7997
Feature,13.478938677519464,52.509357949065034,Grünanlage,Wilhelm-Guddorf-Str. 20-32,,2315.16,814.02,2.8441
Feature,13.531769271310894,52.56687799655875,Grünanlage,Wartiner Str. 40-50,,1282.47,350.83,3.6556
Feature,13.483000131503262,52.53067862530904,Grünanlage,Elli-Voigt-Str.15-20,,3280.77,431.2,7.6085
Feature,13.531538874152076,52.472947436195454,Grünanlage,Carlsgarten/3. BA,,18911.55,1673.43,11.3011
Feature,13.493882179928223,52.56573567642835,Grünanlage,Ribnitzer Str. 45 / Darßer Str.,,8329.81,944.22,8.8219
Feature,13.49939062897535,52.57576692433588,Grünanlage,Fuß-und Radweg Am Berl,,1333.13,508.8,2.6202
Feature,13.522137248367558,52.56252002061696,Grünanlage,Seehausener Str. 34-44,,1684.78,199.43,8.4478
Feature,13.500344949019718,52.589324212444176,Grünanlage,Radweg Ahornallee,,9040.49,1779.0,5.0818
Feature,13.521351489904,52.477678882211244,Grünanlage,Traberweg zw. Lehndorffstr. u. Eginhardstr.,,3740.88,695.76,5.3767
Feature,13.527483027114453,52.56137264705208,Grünanlage,Zu den Krugwiesen / V.v.Gogh-Str.,,29400.64,1206.74,24.3636
Feature,13.527987500197558,52.56573877960576,Grünanlage,"Biesenbrower Str. 58-72, Welsestr. 37-39",,1561.17,269.41,5.7947
Feature,13.476144412781581,52.526340118593694,Grünanlage,Paul-Junius-Str. 50-64,,3043.1,433.08,7.0267
Feature,13.509893775374808,52.578706799239086,Grünanlage,Grünzug zwischen Hagenower Ring  u.,Schweriner Ring,8843.59,951.34,9.2959
Feature,13.480082823307072,52.57869149867124,Grünanlage,Malchow Dorfstr. 36-38,,789.04,425.83,1.8529
Feature,13.505876747867529,52.500023813214945,Grünanlage,Volkradstr. 22-32 / Passage / hochwertig,Premium-Anlage,3287.46,432.3,7.6045
Feature,13.53099753766485,52.51245221098609,Grünanlage,Gensinger Str. 62-114 (Grünanlage),,9972.88,535.87,18.6105
Feature,13.505608343966767,52.51865479269401,Grünanlage,Grünzug zw. Gotlindestr. & Herzbergstr. 77,Geh- u. Radweg,16928.43,3170.99,5.3385
Feature,13.491668815888847,52.499332735838,Grünanlage,Fischerstr. / Lärmschutzwall,,7975.92,732.7,10.8857
Feature,13.506304273281707,52.56135006637363,Grünanlage,Rüdickenstr. 22 (Grünanlage),,4165.98,502.39,8.2923
Feature,13.525634026506806,52.51268789488753,Grünanlage,Gensinger Str. 56/hinter Sporthalle/GA,,11318.67,1323.9,8.5495
Feature,13.509671736457202,52.49415593532066,Grünanlage,Quartierspark Mellenseestr. / GA,,10528.73,902.17,11.6705
Feature,13.53670574746283,52.57576151224425,Grünanlage,Grüne Trift / Radweg,,2856.64,537.36,5.3161
Feature,13.529450216966588,52.475014539847365,Grünanlage,Carlsgarten / 1. BA / Binnendüne / GA,,72761.35,4744.28,15.3366
Feature,13.487695272999101,52.49145411292433,Grünanlage,Rummelsburger Bucht / G.-Holzmann-Str.,Hauptstr. 13,2906.41,554.71,5.2395
Feature,13.486361058189875,52.49514530893062,Grünanlage,Rummelsburger Bucht / Mittelpromenade,Premium-Anlage,1595.58,168.43,9.4732
Feature,13.535364914883079,52.495008245947,Grünanlage,Robert-Siewert-Str. / Brehmstr.,,5193.09,978.25,5.3085
Feature,13.502375977565597,52.49525510613143,Grünanlage,Dolgenseestr. 34-36 / Am Kraatz-Tränke-Graben,,3600.12,848.07,4.2451
Feature,13.503619986621771,52.50013082983841,Grünanlage,Baikalstr. 1-29,,11871.25,1126.38,10.5393
Feature,13.512793060288857,52.50597007118297,Grünanlage,Zachertstr. / Einbecker Str. / U-Bahnhof,Friedrichsfelde,2778.11,358.0,7.7602
Feature,13.464711557811789,52.52948844460815,Grünanlage,Karl-Lade-Str. 25-55 / LA 132-152,,5659.61,468.73,12.0742
Feature,13.510591265654364,52.5035661886429,Grünanlage,Volkradstr. / Rummelsburger Str. / Hügelbeet,,1562.51,195.93,7.9748
Feature,13.479229131964658,52.49796287000374,Grünanlage,Rummelsburger Bucht / Uferweg / Hauptstr.-E.-Ihrer-Str.,,3055.58,736.24,4.1502
Feature,13.514420914051952,52.52317433609821,Grünanlage,Grenzgraben westlich Zentralfriedhof,,10165.96,1256.85,8.0884
Feature,13.488561227300485,52.511260491726205,Grünanlage,Frankfurter Allee 188-192 / Grünanlage,,4069.84,291.67,13.9535
Feature,13.522000034302197,52.48923323967158,Grünanlage,Hönower Str. 30 / östlich der Kita,,2143.77,198.09,10.8222
Feature,13.529417225001584,52.48128967715949,Grünanlage,Ingelheimer Str. Stadtplatz,,1904.39,281.79,6.7581
Feature,13.477080063934109,52.51228923395148,Grünanlage,Wilhelm -Guddorf-Str. / Mauritiuskirchstr.,,1246.29,135.27,9.2133
Feature,13.47488569939571,52.52632209180759,Grünanlage,Paul-Junius-Str. 37-50 Grünanl. Wolfgangpfuhl,,10464.18,803.18,13.0284
Feature,13.512504120028009,52.50517920411576,Grünanlage,Zachertstr. / Rummelsburger Str.,,1873.71,196.86,9.5181
Feature,13.512679046367596,52.4918582067963,Grünanlage,Hönower Weg / Mellenseestr. 35-38,,5227.21,460.38,11.3541
Feature,13.521933815106635,52.50778796521556,Grünanlage,Köpitzer Str. 5-19 / Charlottenstr. 2-20 /,Schlossachse,5868.42,644.2,9.1097
Feature,13.47649210986171,52.51078307495901,Grünanlage,Wilhelm-Guddorf-Str. 6-32 / Grünzu dahinter,,7839.96,635.64,12.334
Feature,13.520197489908158,52.49080055366517,Grünanlage,"Ilsestr. / Grünfläche an KGA ""Gute Hoffnung""",,1414.09,402.95,3.5093
Feature,13.52462392421795,52.48077404384894,Grünanlage,Treskowallee / Wandlitzstr. /,Hermann-Duncker-Denkmal,1784.77,183.25,9.7394
Feature,13.512207869074972,52.504568711879365,Grünanlage,Rummelsburger Str. 13 / Gesundheitszentrum,,3532.9,474.7,7.4424
Feature,13.509194492568326,52.510984318980874,Grünanlage,Rosenfelder Ring 18 / Alt Friedrichsfelde 115,Löwenberger Str. 2-4,4162.27,272.48,15.2754
Feature,13.5153588712136,52.49547153175195,Grünanlage,Sewanstr. / Schwimmhalle,,1900.86,175.88,10.8075
Feature,13.48123791023667,52.51510704833093,Grünanlage,Rathausstr. / Rudolf-Reusch-Str.1-3,,635.08,119.25,5.3255
Feature,13.482467937822777,52.51186110498563,Grünanlage,Schulze-Boysen-Str. / Brunnenanlage,,2318.67,195.44,11.8641
Feature,13.514347280880244,52.49623917647186,Grünanlage,Sewanstr. 209-219 / Balatonstr. Nr. 50,,7618.1,599.65,12.7043
Feature,13.515055787581524,52.49225298680707,Grünanlage,Hönower Weg / Mellenseestr. 45 - 50,,3941.69,344.97,11.4261
Feature,13.506585108165714,52.49679455854706,Grünanlage,Sewanstr. 124-130 / Dolgenseestr.,,957.51,228.89,4.1833
Feature,13.518404331417955,52.49664759464405,Grünanlage,Erieseering/ Promenade,,1856.22,334.15,5.555
Feature,13.49667448857582,52.49615606150078,Grünanlage,Huronseestr. / Am Kraatzgraben,,7937.81,1942.99,4.0854
Feature,13.47221605093475,52.52536608939465,Grünanlage,Rudolf-Seiffert-Str. / Grünzug,,32123.15,1686.9,19.0427
Feature,13.510309557460054,52.50016442861652,Grünanlage,Volkradstr. / östl. am Kraatzgraben bis Märkische Aue,,7508.68,872.66,8.6044
Feature,13.468928778506184,52.52628457577159,Grünanlage,Rudolf-Seiffert-Str. Hof 6-24,,3804.02,826.1,4.6048
Feature,13.469285948178605,52.533205634225666,Grünanlage,Otto-Marquard-Str. / Grünzug,,13879.83,971.82,14.2823
Feature,13.4772293544146,52.52504416279811,Grünanlage,Alfred-Jung-Str. hinter 16-22,,4292.66,500.28,8.5805
Feature,13.481472681287377,52.52859999364212,Grünanlage,Bernhard-Bästlein-Str.5,,982.77,142.61,6.8913
Feature,13.475091777113525,52.52452984467844,Grünanlage,Paul-Junius-Str.29 - 45,,3535.25,493.67,7.1612
Feature,13.505715495460736,52.507539899746305,Grünanlage,Lincolnstr. 25-27,,1328.72,148.0,8.978
Feature,13.470127238376488,52.52712163657708,Grünanlage,Rudolf-Seiffert-Str. ggü. Nr. 26-28,,3335.95,378.75,8.8077
Feature,13.510173559667335,52.51166613023865,Grünanlage,"Rosenfelder Ring 15 ggü. 145-147, bis 29",,4983.44,556.73,8.9512
Feature,13.511827707231143,52.51140496938241,Grünanlage,Rosenfelder Ring ggü. 28-32,,1516.19,390.56,3.8821
Feature,13.52082335775645,52.50767594109804,Grünanlage,Am Tierpark 9-17 / Köpitzerstr. 13-19,(Maulbeerbaumwäldchen),3771.11,269.73,13.9812
Feature,13.51305281236012,52.50652963466431,Grünanlage,Einbecker Str.113 (Hof),,2936.49,246.96,11.8905
Feature,13.503732654663848,52.531132022815484,Grünanlage,Herzbergstr. 80 / Grünzug ehem. Zeltlager,,30010.58,2994.59,10.0216
Feature,13.540245975808327,52.57015148246315,Grünanlage,Gutspark Falkenberg / Dorfstraße Falkenberg,,28075.68,1257.68,22.3234
Feature,13.47806284550003,52.50841847128806,Grünanlage,Tasdorfer Str. 45-46 / Grünanlage neben Sporthalle,,8145.88,988.44,8.2412
Feature,13.55039208127456,52.56947175790694,Grünanlage,Ahrensfelder Chaussee 41 /Grünanlage,hinter Gymnasium,23561.93,1823.79,12.9192
Feature,13.564469161334905,52.57733334736541,Grünanlage,Gehrensee-Park / einfach / Grünanlage,,57235.09,2776.73,20.6124
Feature,13.5315342475318,52.55961255576399,Grünanlage,Falkenberger Krugwiesen II / südl.Teil / üblich,,125582.72,2238.68,56.0967
Feature,13.52887719895746,52.56227143751786,Grünanlage,Vincent-van-Gogh-Str. 43-47 / Grünanlage,,11208.96,693.33,16.1669
Feature,13.503715619733127,52.57741826038047,Grünanlage,Hagenower Ring / Kirschplantage,,15000.86,1368.24,10.9636
Feature,13.476810949934539,52.5001816078539,Grünanlage,Rummelsburger Bucht / Wasserstadt (Anger),,2335.57,425.33,5.4912
Feature,13.516063528783452,52.498718457387255,Grünanlage,Moldaustr.39-55/Grünzug hint.Upstallweg,,12613.4,920.8,13.6983
Feature,13.51829659439005,52.49948798126533,Grünanlage,Erich-Kurz-Str. 2-4/Grün am Tränkegraben,,3507.59,1065.19,3.2929
Feature,13.518330153582523,52.47721855126552,Grünanlage,Grünfläche an KGA Stallwiese,,17311.41,1893.54,9.1424
Feature,13.471540666928979,52.530388870085005,Grünanlage,Anton-Saefkow-Platz Senkgarten I,Premium-Anlage,2932.92,298.33,9.831
Feature,13.481679352202253,52.50303135496102,Grünanlage,Stadthausstr. / Türrschmidtstr.,Premium-Anlage,2311.68,200.46,11.5318
Feature,13.468867687994413,52.529983396215485,Grünanlage,Franz-Jacob-Str. 33 / Grünanlage,,2577.36,525.69,4.9029
Feature,13.497154613222015,52.49739073094224,Grünanlage,Huronseestr. zw. Nr. 78-82 u. 29-39,,2826.76,600.05,4.7109
Feature,13.52312573814499,52.51120537864379,Grünanlage,"Marzahner Ch./an KGA ""Akazienwäldchen/GA",,2241.19,421.41,5.3183
Feature,13.499367763563791,52.496697481731545,Grünanlage,Salzmannstr. 29-33 / Dolgenseestr. / GA,,2230.95,197.19,11.3135
Feature,13.508976852435643,52.492038812998665,Grünanlage,Hönower Weg/ südl. hinter Dolgenseestr.15-18/GA,,6055.07,848.49,7.1363
Feature,13.520883719688824,52.49649250628294,Grünanlage,Sewanstr. 263-273 / Otto-Schmirgalstr. 8 / Grünanl,,2099.71,522.94,4.0152
Feature,13.485992415746123,52.51161512083217,Grünanlage,Frankfurter  Allee 178-186 / Grünanlage,,1850.9,172.16,10.7509
Feature,13.51120670697055,52.49978889210328,Grünanlage,Moldaustr. 2-37 /Kraatzgraben,,14899.4,1433.59,10.393
Feature,13.484175252845334,52.51926942055961,Grünanlage,Hendrichplatz südl.,,3767.33,415.82,9.06
Feature,13.512401384071222,52.576814007945174,Grünanlage,Treue Herzenspfuhl / Grünanlage,Nähe Schweriner Ring,8682.0,732.71,11.8491
Feature,13.522495444870632,52.574657019668614,Grünanlage,Dorfstr. 19 a-f / Wartenberg,,8087.74,756.88,10.6856
Feature,13.50211251533328,52.497148365141896,Grünanlage,Sewanstr. 44-54 / Michiganseestr. 1-5,,7387.23,1054.52,7.0053
Feature,13.510770997585102,52.57451937433207,Grünanlage,Krummer Pfuhl / Grünanlage,Südlich Ernst-Barlach-Str. 11,8184.42,976.75,8.3792
Feature,13.541431537851777,52.5719957931991,Grünanlage,Gutspark Falkenberg / Große Weite,,71298.16,3688.93,19.3276
Feature,13.500273548165243,52.49656406237852,Grünanlage,Salzmannstr. (südl.) 35 - 39,,2206.94,223.47,9.8759
Feature,13.520101215616913,52.498058998104625,Grünanlage,Erich-Kurz-Str. 9-11 / Upstallweg,,3622.02,435.12,8.3242
Feature,13.516452196270178,52.49735782906273,Grünanlage,Upstallweg / Osterwäldchen,,19439.45,837.13,23.2216
Feature,13.514911353742203,52.57382806328392,Grünanlage,Am Gutshof Wartenberg,,13707.68,1971.95,6.9513
Feature,13.534910537208667,52.588248813676536,Grünanlage,Straße 6 Nr. 23-31 / Grünlage,,1504.45,305.6,4.923
Feature,13.492751035569245,52.57483635852096,Grünanlage,Malchower See Park / Flächen um den See herum,,209711.53,7350.24,28.5312
Feature,13.534078403776022,52.58823112768924,Grünanlage,Straße 2 / Straße 6 Nr. 32 /  Grünanlage,,687.48,192.01,3.5804
Feature,13.487046981729572,52.49225670882295,Grünanlage,Rummelsburger Bucht / G.-Holzmann-Str. 10,,1366.24,245.59,5.563
Feature,13.517145369579756,52.527764770162676,Grünanlage,Rhinstr. 87 - 101 / Grünfläche am Graben,,19791.7,1150.33,17.2052
Feature,13.4888380222681,52.540644387354305,Grünanlage,Strausberger Str. / Reichenberger Str,,2094.52,322.76,6.4894
Feature,13.489816577740845,52.500885425663924,Grünanlage,Blockpark zw. Lückstr. u. Fischerstr.,,8446.42,831.91,10.1531
Feature,13.535243609172438,52.51324489599613,Grünanlage,Gensinger Straße  37-49 (Grünzug),,3054.79,366.94,8.325
Feature,13.50376989278494,52.50124294779133,Grünanlage,"Rummelsburgerstr. 47,49,51",,12433.07,913.47,13.6108
Feature,13.509446019542978,52.516408244805014,Grünanlage,Grünzug zw. Zentralfriedhof & Lindenhof,,15753.1,1976.33,7.9709
Feature,13.51360510696306,52.5149387702876,Grünanlage,verlängerte Gudrunstr. zw. KGA Bielefeld u.KGA Friedrichsfelde Nord,,12466.63,2237.75,5.5711
Feature,13.537934390709436,52.4966383087119,Grünanlage,Zwieseler Str. / Kötzinger Str.,,2943.81,271.18,10.8555
Feature,13.527340246665162,52.57297566342834,Grünanlage,Wartenberger/Falkenberger Luch / westl. KGA 'Am Hechtgraben',,100596.11,2266.53,44.3833
Feature,13.502391708022012,52.569504211187244,Grünanlage,Ahrenshooper Str. 50-52 (Quatierspark),,5774.28,317.22,18.2027
Feature,13.522840142957412,52.55679901502959,Grünanlage,"Arnimstr. / östl. KGA ""Feierabend""",,13232.87,1345.52,9.8348
Feature,13.49400520655635,52.57332888495295,Grünanlage,Zingster Str. / Wendeschleife,,5998.07,506.53,11.8416
Feature,13.51526633206811,52.49440570822806,Grünanlage,Sewanstr. 233-241,,2686.22,240.99,11.1467
Feature,13.554564272087635,52.58265663473491,Grünanlage,Wege an den Falkenbg. Rieselfeldern nördl. Stadtbez.Grenze,,48086.07,9288.5,5.1769
Feature,13.48071862602989,52.573515527063414,Grünanlage,Malchow Dorfstr. 48-51,Weg Malchower Gärten,6135.66,1499.48,4.0919
Feature,13.51709480779452,52.492759030944946,Grünanlage,Hönower Weg / hinter Sewanstr. 240-256,,1766.79,295.44,5.9801
Feature,13.508236216606676,52.554308603296995,Grünanlage,Wartenberger Str./ am Mühlengrundteich I,"in KGA ""Mühlengrund""",1447.29,307.58,4.7054
Feature,13.507526422563457,52.52421168493966,Grünanlage,Allee der Kosmonauten 20 u. 21/ Herzberge,,90061.48,1713.54,52.5586
Feature,13.506582131217689,52.555882916161444,Grünanlage,Str.142 Nr. 24 / am Teich KGALand in Sonne,,3148.3,489.46,6.4322
Feature,13.504980306730458,52.501474761781665,Grünanlage,Rummelsburger Str. / Volkradstr.,,13285.27,1230.99,10.7923
Feature,13.502212399497076,52.54852496995225,Grünanlage,Leuenberger Str. ggü. 4-10,,4800.03,462.75,10.3727
Feature,13.487416904039835,52.56132855906837,Grünanlage,Feldtmannstr. 49-61 / Grünzug,ehem. Industriebahn (NEB),9419.83,926.53,10.1668
Feature,13.486969239570119,52.49320091932188,Grünanlage,Rummelsburger Bucht / Interimslösung,Berlin Campus,9911.38,409.85,24.183
Feature,13.483775790285895,52.493671839552576,Grünanlage,Rummelsburger Bucht / Uferweg / BerlinCampus,,7865.34,683.25,11.5117
Feature,13.526076786065254,52.566126037894804,Grünanlage,Quartierspark Randowstr. 11-13 / Grünanl,,10051.36,880.26,11.4186
Feature,13.482187512636855,52.49474747042621,Grünanlage,Rummelsburger Bucht / Uferweg/ Bolleufer,,13527.12,644.33,20.994
Feature,13.480116103773964,52.49642858747585,Grünanlage,Rummelsburger Bucht / Uferweg / Knabenhäuser,,9860.71,667.16,14.7802
Feature,13.543272629427536,52.58016353106625,Grünanlage,Stegeweg / Fläche für Naturschutzfachl. Kompensationsmaßnahmen,,38274.05,828.06,46.2211
Feature,13.493228196986767,52.520633325892426,Grünanlage,"Rahmengrün an KGA ""Siegfriedslust""",Bornitzstr.,3967.45,526.59,7.5342
Feature,13.498680864149382,52.532556027473035,Grünanlage,"Landsberger Allee/Siegfriedstr./Rahmengrün an KGA ""Weiße Taube""",,18276.81,1867.36,9.7875
Feature,13.50552875297872,52.48115928164479,Grünanlage,"Rahmengrün an KGA ""Am E-Werk""",Hegemeisterweg,10270.81,1829.45,5.6141
Feature,13.50060386380451,52.50005101261065,Grünanlage,Rummelsburger Str. 71-73,(ehemals Friedhof),24603.93,793.28,31.0155
Feature,13.483235964218615,52.515070990254756,Grünanlage,Rudolf Reusch Str. 4-10,ehemals Friedhof,15547.82,568.73,27.3378
Feature,13.490739742219654,52.5189259036762,Grünanlage,Gotlindestr. 80 / ehem. Friedhof,,27817.8,978.98,28.415
Feature,13.516892980447139,52.52268672950975,Grünanlage,Gudrunstr. 20,hinter dem Friedhof,25495.7,935.11,27.265
Feature,13.529831112274316,52.57023825557386,Grünanlage,Falkenberger Chaussee / Dorfstr. Falkenb,,8143.61,460.7,17.6768
Feature,13.538015027844903,52.5819287172303,Grünanlage,Wege zw. Grüner Trift u. Stegeweg,entl. KGA Falkenhöhe,3990.97,2105.35,1.8956
Feature,13.536224031546523,52.58727120816778,Grünanlage,Birkholzer Weg / Straße 2,,3202.28,381.1,8.4028
Feature,13.524607816433718,52.57410389276859,Grünanlage,Am Luchteich östl. Wartenberger Dorfstr. 14-19,,28638.45,1741.8,16.4418
Feature,13.48266089554633,52.4964134589089,Grünanlage,Rummelsburger Bucht / Medallionplatz,,7402.14,361.89,20.4544
Feature,13.498696261009618,52.52991232047072,Grünanlage,Siegfriedstr. / Rheinhardsbrunner Str.,Regenrückhaltebecken/geschütztes Biotop,16601.61,735.07,22.5852
Feature,13.51686695235762,52.511297960908045,Grünanlage,Rosenfelder Ring ggü.50-56,,4594.21,412.69,11.1325
Feature,13.51765209016243,52.53046888818839,Grünanlage,Rhinstr. 121 - 135 / Grünfläche am Graben,,7457.05,1365.0,5.463
Feature,13.499474716319048,52.49475326051724,Grünanlage,Salzmannstr. / östl.,,6057.52,724.98,8.3554
Feature,13.510439480506097,52.491744743207285,Grünanlage,Hönower Weg / Mellenseestraße 9-11 / Grünfläche,,12038.96,847.55,14.2043
Feature,13.475942469318605,52.51308163939399,Grünanlage,Frankfurter Allee / westlich Gürtelstr.,,3654.79,296.05,12.3451
Feature,13.497927601502123,52.51619078710624,Grünanlage,Freiaplatz,,4069.06,402.65,10.1056
Feature,13.476136328983111,52.50304380840102,Grünanlage,"Türrschmidtstr. / Spittastr., Kernhofer Str.",,3366.2,436.4,7.7136
Feature,13.48180182924942,52.51145422327329,Grünanlage,Schulze-Boysen-Str. / Stadtplatz,,1782.9,215.71,8.2651
Feature,13.479538355219727,52.51485339261033,Grünanlage,Rathauspark,Premium-Anlage,16598.94,818.84,20.2714
Feature,13.477477305442868,52.50946280245003,Grünanlage,Tasdorfer Str. 25 / Wartenbergstr. / GA,,4242.55,391.32,10.8416
Feature,13.479607038922708,52.51103164418741,Grünanlage,John-Sieg-Str. 12-16,,1326.66,319.8,4.1483
Feature,13.477102532454612,52.51824982611689,Grünanlage,Stadtpark Lichtenberg,,65608.76,2108.44,31.1172
Feature,13.475048260429025,52.52954181673201,Grünanlage,Fennpfuhlpark,,92071.61,4596.78,20.0296
Feature,13.481161538853234,52.52179730966224,Grünanlage,Gutspark am Loeperplatz / Möllendorfsstr. 34-39,,17005.53,798.61,21.294
Feature,13.508937383266254,52.52151514209399,Grünanlage,Park Herzberge / Allee der Kosmonauten 16,,35355.34,4069.29,8.6883
Feature,13.507528842744156,52.530731888094465,Grünanlage,Park Herzberge nördlich d. Krankenhausschule,,30036.35,1199.67,25.0372
Feature,13.509540525833426,52.530787281459205,Grünanlage,Park Herzberge / Rohrdammweg / Grünzug,,21027.86,2374.83,8.8545
Feature,13.52671431402791,52.49337178224184,Grünanlage,Treskowallee / Gregoroviusweg,Premium-Anlage,1872.79,177.9,10.5274
Feature,13.482451769166747,52.530774943317226,Grünanlage,Bernhard-Bästlein-Str. 33-54,,6559.28,853.92,7.6814
Feature,13.517341830214313,52.50664016672479,Grünanlage,Alfred-Kowalke-Str. 34 / Straße Am Tierpark 22-26,,9952.86,1620.54,6.1417
Feature,13.531860708657383,52.478676234275206,Grünanlage,Stolzenfelsstr. / entlang der Bahn,,5430.13,966.59,5.6178
Feature,13.519753094515929,52.487684852029695,Grünanlage,Sangeallee 32,Premium-Anlage,627.72,113.84,5.5141
Feature,13.467830795548064,52.52726450055337,Grünanlage,Rudolf-Seiffert-Str. ggü.20-22 / Sporthalle,,1008.3,134.09,7.5196
Feature,13.531061913492305,52.48297794512904,Grünanlage,Rheinsteinpark,,16015.34,964.48,16.6051
Feature,13.495666800325932,52.50385862136965,Grünanlage,Münsterlandplatz,,3467.08,284.91,12.169
Feature,13.485791160737811,52.50203482770402,Grünanlage,Nöldnerplatz / Grünfläche,,4229.43,404.25,10.4624
Feature,13.516812925891443,52.480077827107785,Grünanlage,Traberweg / Lehndorffstr. / Liepnitzstr.,,1405.64,336.87,4.1727
Feature,13.502581603012255,52.493503099330795,Grünanlage,Hönower Weg nördl.25-39/Betriebsbhf. Rummelsburg,,48884.7,2298.77,21.2656
Feature,13.513537488032842,52.48109763714117,Grünanlage,Seepark Karlshorst,,18132.61,1045.83,17.3379
Feature,13.492009528568856,52.501416124070786,Grünanlage,Lückstr. 52-53,,1066.98,131.52,8.1128
Feature,13.503529892449567,52.50930349739678,Grünanlage,Zamenhofpark - Rosenfelder Platz,Premium-Anlage,1138.81,151.81,7.5014
Feature,13.55318651141987,52.57300982826029,Grünanlage,Grün um Pachtland - Hahn Hausvaterweg / Zehnrutenweg,,10560.7,2753.09,3.8359
Feature,13.551714081021398,52.57083450933133,Grünanlage,Ahrensfelde Chaussee 43-55,Grünfläche nördl.,6260.37,1312.11,4.7712
Feature,13.54487891726214,52.580158969549004,Grünanlage,Feldhecken / Falkenberger Feldmark,,58342.2,7501.32,7.7776
Feature,13.570986846416442,52.45708733256885,Grünanlage,Lindenstraße - Zuwegung zu Alte Försterei - Köp GA,Uferweg außen an der Wuhle,4096.48,800.63,5.1165
Feature,13.61384468246708,52.50848564131858,Grünanlage,Öffentliche Grünverbindung Hönower Straße,zw.Hönower Str. / An der Schule,1512.68,457.86,3.3038
Feature,13.583014295427573,52.53710755325941,Grünanlage,Kienberg,südl. Eisenacher Straße,23865.74,1351.18,17.6628
Feature,13.586715433621038,52.53267947149778,Grünanlage,Westlich und östlich der Wuhle(Höhe Rohrbruchpark),"Höhe ""Jelena- Santic- Friedenspark """,39800.24,2193.06,18.1483
Feature,13.59918947715949,52.523980692491406,Grünanlage,Iselbergstraße Grünanlage,An der KGA,1622.51,169.92,9.5489
Feature,13.529183372151355,52.458688350389046,Grünanlage,Slabystraße 4/ Bürgerwiese Ob GA,,6257.6,592.05,10.5694
Feature,13.285379559244099,52.53004306435586,Grünanlage,Schleuseninsel - GA,,22112.18,1602.71,13.7967
Feature,13.492828112791152,52.51892516937905,Grünanlage,Gotlindestr. 66 / Grünzug,,2190.55,290.01,7.5534
Feature,13.151299036856571,52.492716473909326,Grünanlage,Landschaftsfriedhof Gatow-Grünanlage,bei Bedarf Erweiterung Friedhof,80541.02,1529.93,52.6436
Feature,13.306143931324396,52.59994919215899,Grünanlage,"Steinbergpark, Rodelbahn",,6893.48,547.5,12.5908
Feature,13.176043000365214,52.49322782431673,Grünanlage,Graben E-Rieselfelder angrenzend,Straße 265,5462.15,1164.69,4.6898
Feature,13.58575315061826,52.529743444314185,Grünanlage,Östlich der WuhleKN II/Entlang der Wuhle,"Teil des Objektes ""Östlich der Wuhle""",1540.3,253.84,6.0679
Feature,13.587213090521187,52.5305874971224,Grünanlage,Östlich der Wuhle-Teilfläche Rohrbruchpark,Teilfläche des Objektes 2300167,2558.44,384.09,6.6611
Feature,13.308322849995092,52.55121778963124,Grünanlage,Zentraler Festplatz,Festplatzumring,115788.77,3009.62,38.4729
Feature,13.313232332920316,52.549000406246556,Grünanlage,Allee du Stade / am Berlin-Spandauer-Schiffffahrtskanal,ehem. Baustoffwerk,10510.75,519.84,20.219
Feature,13.289789987892453,52.54619823775093,Grünanlage,Volkspark Jungfernheide (extensiv),,771292.83,12181.2,63.3183
Feature,13.281030125132181,52.529761887997594,Grünanlage,Spreeuferweg / Spreewiesen - GA,nördlich Kol. Spreewiesen,1939.59,646.15,3.0018
Feature,13.511039001665866,52.524375072381474,Grünanlage,Allee der Kosmonauten 19c,Schlüssel bei Power Usern Hr. Beck,4496.88,320.46,14.0328
Feature,13.544852216368866,52.56168592296594,Grünanlage,Grünanlage Cleantech-Business-Park I,zw. Nordring und Clara-Immerwahr-Straße,18300.85,981.41,18.6475
Feature,13.542421099999551,52.55787138672289,Grünanlage,Grünanlage Cleantech-Business-Park II,südlich der Clara-Immerwahr-Straße,88807.95,2778.03,31.968
Feature,13.437852639619905,52.520629720234915,Grünanlage,"Friedenstraße 83, Pacht",Umweltforum Außenanl.,3116.62,475.16,6.5591
Feature,13.369606479681302,52.49572230237174,Grünanlage,"Gleisdreieck, Kleingärten Rahmengrün","Potsdamer Güterbahnhof, POG",2970.02,530.9,5.5943
Feature,13.618779959144376,52.500237408354394,Grünanlage,Theodorpark (Teil 1),Grünverbindung Theodorstraße,5314.1,555.88,9.5598
Feature,13.50391996393752,52.438283161051444,Grünanlage,Sterndamm neben 241 Jo GA,,9408.92,615.22,15.2935
Feature,13.6215169394985,52.54321170810996,Grünanlage,Grünanlage Hönower Weiherkette,Hönower Weiherkette,14974.93,641.78,23.3335
Feature,13.542147689939032,52.487486065850185,Grünanlage,Regener Str.zw.Nr.46&58/Stadtgarten Gartenstadt,,9195.85,675.53,13.6128
Feature,13.546735605878558,52.48792449325425,Grünanlage,Biesenhorster Sand,,201626.05,4013.61,50.2356
Feature,13.287117344855986,52.50497644905011,Grünanlage,Lietzenseepark/Süd,,31805.3,2300.4,13.826
Feature,13.580042668785696,52.44569541843594,Grünanlage,Alter Markt 1/ Claus-Dieter-Sprink-Weg Köp GA,,1140.95,183.07,6.2322
Feature,13.289946009504954,52.508888546424096,Grünanlage,Lietzenseepark/Nord - Kl. Kaskade,,2248.97,264.02,8.5183
Feature,13.327646289587609,52.48313396230857,Grünanlage,Volkspark Wilmersdorf - Staudengarten,,4528.04,639.03,7.0858
Feature,13.156967915358205,52.520973651440045,Grünanlage,Reimerweg-Amalienhof 2-GA,um die KGA-Amalienhof 2,13210.55,1997.09,6.6149
Feature,13.316817781238633,52.433834401909394,Grünanlage,Eduard-Spranger-Promenade - Teil 1/2,Bereich um Ikarus,5828.73,310.2,18.7905
Feature,13.328905893344754,52.41368893059318,Grünanlage,Lilienthal-Gedenkstätte WG - Teil 1/3,Fliegeberg,21999.26,967.26,22.7438
Feature,13.336512646627945,52.44867310242696,Grünanlage,Stadtpark Steglitz - Teil 1/2,Bereich Rosengarten und Brunnen,15615.5,736.14,21.2126
Feature,13.351505016714478,52.43227213488815,Grünanlage,Gemeindepark Lankwitz - Teil 1/2,,20512.47,1335.77,15.3563
Feature,13.487787707207534,52.397920791236494,Grünanlage,Waßmannsdorfer Chaussee,,9124.81,401.94,22.7017
Feature,13.618637977853941,52.50833571917905,Grünanlage,Grünfläche An der Schule/Landsberger Straße,An der Schule/Landsberger Straße,6785.84,931.68,7.2835
Feature,13.625589955330751,52.50635534072368,Grünanlage,Grünanlage Landsberger Straße,Landsberger Straße(Göppert),6911.06,1548.33,4.4636
Feature,13.170486523887678,52.55282079910409,Grünanlage,Bötzowbahntrasse III parallel-östl.,zw. Pionierstr. bis Falkenseer Chaussee,5000.52,1069.85,4.674
Feature,13.577317563316761,52.502402858732275,Grünanlage,Grüne Aue,Grünzug südlich Alt Biesdorf,15050.37,1196.02,12.5838
Feature,13.353913648718214,52.508056412117924,Grünanlage,Köbisstr.,"an der Köbisstr. Nord ""Canisiusgarten""",2439.92,361.04,6.758
Feature,13.306041793218098,52.548653718540734,Grünanlage,Fernradwanderweg-Berlin-Kopenhagen südl. Festplatz,Gemarkung Charlottenburg WSV-Gelände,1854.55,1254.45,1.4784
Feature,13.366437918589995,52.52196559493832,Grünanlage,Elisabeth-Abegg-Str. neben Nr. 1,Innenhof Polizeiwache A . 34,1085.94,132.64,8.187
Feature,13.305563732706913,52.553128920642756,Grünanlage,Allee du Stade / Kurt-Schumacher-Damm,nördlich Am Festplatz,832.44,137.63,6.0482
Feature,13.721139730672379,52.43843971283493,Grünanlage,Erknerstraße Schönblicker Straße Ra GA,,1347.14,183.67,7.3345
Feature,13.469068315323886,52.490833713284246,Grünanlage,Puschkinallee/ Treptower Park - Rosengarten AT GA,Wasserfontänen im PO 012010,18136.22,771.05,23.5214
Feature,13.387163011779096,52.54757529796,Grünanlage,"Volkspark Humboldthain, Rosengarten",,13239.54,480.1,27.5767
Feature,13.381820045967542,52.54645511536747,Grünanlage,"Volkspark Humboldthain, Bahnfläche",Bahnflächen als Weg genutzt,1167.71,724.27,1.6123
Feature,13.604423085292199,52.440709159734496,Grünanlage,Alfred-Randt-Straße gegenüber Nr. 19 Köp GA,,2804.46,246.25,11.3885
Feature,13.401271412158595,52.54311724353844,Grünanlage,Mauerpark Erweiterungsfläche,,68202.83,1573.17,43.3537
Feature,13.514503895314762,52.57526315534284,Grünanlage,Am Dorfteich Wartenberg / Grünanlage,,821.39,217.71,3.7729
Feature,13.205080888478319,52.52935805405809,Grünanlage,Schlangengraben-Ufergrünstreifen,Bereich KGA Burgwallschanze,1829.03,1075.46,1.7007
Feature,13.513693701536877,52.529633819431126,Grünanlage,GA um Großen Herzbergteich,nördl. Museum Kesselhaus,29079.82,990.77,29.3508
Feature,13.51177041936488,52.52730723487491,Grünanlage,GA Herzberge / südl. Museum Kesselhaus,,1577.26,181.8,8.6758
Feature,13.51166725735547,52.5268173818112,Grünanlage,GA Herzberge / ggü. Haus 50,,1599.39,177.4,9.0158
Feature,13.513175333250823,52.52622971269602,Grünanlage,GA um Kleinen Herzbergteich,östl. Haus 12,2743.63,763.04,3.5957
Feature,13.297174379323422,52.539691773000285,Grünanlage,Heckerdamm 236/Am Heidebusch - GA,(Alt: Am Heidebusch - Grünanlage),1136.75,140.87,8.0696
Feature,13.153634465286613,52.52660638240759,Grünanlage,Spieroweg-NER,Naturerlebnisraum,10188.97,492.11,20.7046
Feature,13.475793900670123,52.48872281979647,Grünanlage,Puschkinallee/ Treptower Park - Sommerblumengarten AT GA,,6784.58,462.6,14.6661
Feature,13.475360814628038,52.48995224055486,Grünanlage,Puschkinallee/ Treptower Park - Staudengarten AT GA,(Lichtungsgarten),4365.51,585.36,7.4578
Feature,13.473471987648969,52.49072153903641,Grünanlage,Puschkinallee/ Treptower Park - Heidegarten AT GA,(eingezäunter Garten),4009.67,295.18,13.584
Feature,13.148435948411205,52.523842517907774,Grünanlage,Richard-Münch-Straße GA,um SP- Blauer Platz,1013.97,335.82,3.0194
Feature,13.31406273510111,52.49120567822382,Grünanlage,Preußenpark - Park Café,Fehrbelliner Platz 8,2535.87,209.29,12.1167
Feature,13.36416120244595,52.481178119360344,Grünanlage,Kitty-Kuse-Platz,,2597.61,249.11,10.4277
Feature,13.574395799192349,52.51055615619792,Grünanlage,Grünflächen entlang der Wuhle,südlich der Altentreptower Straße,13188.3,1289.89,10.2244
Feature,13.207510083386,52.541035114828084,Grünanlage,Oranienburger Tor,Wröhmännerpark angrenzend,7010.51,404.61,17.3266
Feature,13.528082381748664,52.575177895450615,Grünanlage,"Weg zur Straße ""Am Hechtgraben"" / GA",,3594.89,1030.57,3.4883
Feature,13.174703527229976,52.494801413809874,Grünanlage,Rieselfelder-ehem Jacubeit-Fläche,,22497.68,915.37,24.5778
Feature,13.356366183126077,52.52642441410288,Grünanlage,Fritz-Schloß-Park,"Minigolfanlage (PO 213010, BG 200)",2453.17,222.47,11.027
Feature,13.620683008215487,52.458279498407464,Grünanlage,Dahlwitzer Landstraße/ Hinter dem Kurpark II Fr GA,waldähnlicher Teil - Gartendenkmal,59445.09,1299.17,45.7563
Feature,13.106595805105854,52.417949377304836,Grünanlage,Landschaftspark Glienicke N - Teil 2/2,,412215.96,3560.01,115.7906
Feature,13.358267017061463,52.43769865819273,Grünanlage,Lanke-Aue WG,Alt-Lankwitz 53 - 57,3093.82,281.24,11.0004
Feature,13.581508142810254,52.448850783474974,Grünanlage,Am Krusenick Köp GA,Wasserfläche - Altarm der Spree,6269.42,318.05,19.7122
Feature,13.637498236780527,52.51946000118315,Grünanlage,Grünzug Landsberger Straße,Stralsunder Straße,5014.96,731.68,6.854
Feature,13.397458476026488,52.60450394520374,Grünanlage,Botanische Anlage Blankenfelde I,Historische Achse und Arboretum,27301.12,1286.02,21.2291
Feature,13.400193934043907,52.603903372921145,Grünanlage,Botanische Anlage Blankenfelde III,Ackerflächen,41606.91,2111.78,19.7023
Feature,13.389876169609005,52.56982454162996,Grünanlage,Bürgerpark Niederschönhausen,Cottastraße,39655.43,1857.04,21.3541
Feature,13.371806686971565,52.506110360789776,Grünanlage,Potsdamer Platz Areal Urbane Gewässer,"Pianobecken, Gewässer Marlene-Dietrich-Platz bis Potsdamer Str.",10530.11,1344.28,7.8332
Feature,13.618621452541072,52.53855609744427,Grünanlage,Hellersdorfer Graben(Albert-Kuntz-Straße),zw.Fußgängerbrücke und Louis-Lewin-Straße,4954.18,688.18,7.199
Feature,13.621904931789038,52.53878948898442,Grünanlage,Hellersdorfer Graben (Louis-Lewin-Straße),zw.Louis-Lewin-Straße und Hoyerswerdaer Straße,7892.52,647.39,12.1912
Feature,13.621950996144694,52.51573875544799,Grünanlage,Mahlsdorfer Grünzug,Sudermannstraße,2307.42,254.09,9.0809
Feature,13.517108821453668,52.49490760161125,Grünanlage,Sewanstr. 257,,2644.37,300.31,8.8053
Feature,13.3391523766707,52.482125984346425,Grünanlage,Rudolph-Wilde-Park (West) - Gartendenkmal,westl. Carl-Zuckmayer-Brücke,40528.47,1320.7,30.6872
Feature,13.517990461002725,52.57757061408854,Grünanlage,nördl.Fennpfuhlweg 85 & Lindenberger Str.29,,727.86,158.92,4.58
Feature,13.527666408786748,52.55374518636009,Grünanlage,Grünanlage Gehrenseestraße,bis zu den Bitterfelder Teichen,24682.57,1179.94,20.9186
Feature,13.434646389469753,52.52751935039908,Grünanlage,Volkspark Friedrichshain Staudengarten,Staudenbeete und umgebende Wege,1631.47,184.73,8.8319
Feature,13.180968408364908,52.48239555718145,Grünanlage,Groß-Glienicker Weg Ecke Kladower Damm,Dreiecksfläche,12889.27,629.75,20.4674
Feature,13.370593311971634,52.515157814203256,Grünanlage,Großer Tiergarten - Venusbecken,Venusbecken ohne Bassin,4894.0,885.09,5.5294
Feature,13.117052166008829,52.45880758640664,Grünanlage,Verlängerte Uferpromenade-GA I,Gr-Gl-See ggü Badestelle sog Moorloch,53180.44,941.0,56.515
Feature,13.37626577610217,52.51741328879685,Grünanlage,Großer Tiergarten - Sinti und Roma,Mahnmal,1867.84,248.32,7.5217
Feature,13.356950779807557,52.513803165036514,Grünanlage,Großer Tiergarten - Rosengarten,,3734.86,304.54,12.2638
Feature,13.348028862042941,52.51680550574445,Grünanlage,Großer Tiergarten Formalgarten,im Englischen Garten,1743.41,172.06,10.1327
Feature,13.364433433669602,52.51089084677049,Grünanlage,Großer Tiergarten - Luiseninsel,,6802.87,554.5,12.2685
Feature,13.242218971682922,52.52443919263411,Grünanlage,Murellenweg-Baumannsche Wiese-GA,Am U-Bhf Ruhleben,32432.9,1135.84,28.5542
Feature,13.383052747790305,52.48853137513311,Grünanlage,"Viktoriapark, Rosengarten","Rosenbeete, Stauden und angr. Wege",2688.07,224.47,11.9752
Feature,13.630006571433848,52.42693014841882,Grünanlage,Wanderweg am Müggelsee Köp GA,Uferweg,958.78,346.49,2.7671
Feature,13.273612526119846,52.48796934316274,Grünanlage,Koenigsallee 27a/27c - GA,Grünanlage Koenigssee,3213.5,423.55,7.5871
Feature,13.715313241519496,52.42998975645027,Grünanlage,Wolfgang-Steinitz-Straße/ Lagunenweg Ra GA,naturnahe Parkanlage,21423.17,1312.28,16.3251
Feature,13.497759661038309,52.46154401581205,Grünanlage,Rixdorfer Straße Ba GA,ehemaliges Friedhofsgelände am Bahndamm,41363.96,1165.5,35.4904
Feature,13.162190793614283,52.45812245653845,Grünanlage,Gutspark Neukladow-Nutzungsfläche,Wasser-und Schifffahrtsamt,10521.19,836.87,12.572
Feature,13.449981373491811,52.60949621601439,Grünanlage,Am Brendegraben,,18911.53,2948.03,6.415
Feature,13.49214336494178,52.52179485135125,Grünanlage,Ruschestr. bis Siegfriedstr. / Grünzug,,8617.67,1881.32,4.5807
Feature,13.552701568975055,52.46899402710708,Grünanlage,Am Bahnhof Wuhlheide Ob GA,,3181.14,990.84,3.2105
Feature,13.510981291263487,52.45996996546976,Grünanlage,Obrikatstraße Nie GA,vorher Schnellerstraße 136 Nie GA,5331.23,541.54,9.8445
Feature,13.151837691742978,52.496367967802634,Grünanlage,Landschaftsfriedhof Gatow-Graben,,3196.66,498.91,6.4072
Feature,13.150756837850158,52.4831993178981,Grünanlage,Verbindungsweg zw Str 269 und GrGlienicker Weg,,9995.49,1799.83,5.5536
Feature,13.1541378337283,52.48890960751994,Grünanlage,Straße 269-Grünwegeverbindung,zw Potsdamer Chaussee und Melsunger Str,23096.75,4119.29,5.607
Feature,13.47206222376759,52.53005317216187,Grünanlage,Anton-Saefkow-Platz Senkgarten II,,1024.34,199.87,5.1249
Feature,13.617402307453048,52.54249703213694,Grünanlage,Grünanlage Wurzener Straße,Wurzener Straße,2043.21,213.14,9.5863
Feature,13.173016549533115,52.49171539048327,Grünanlage,Straße 265-Grünfläche,,8133.81,1759.73,4.6222
Feature,13.616056397836402,52.50088242557796,Grünanlage,Theodorpark (Teil 2),Grünverbindung Theodorstraße,3186.58,360.12,8.8486
Feature,13.343679739901138,52.51970400437706,Grünanlage,Bartningallee hintere Erschließung,Fläche nördl.Bartningallee 5 - 9,1880.76,450.14,4.1781
Feature,13.43799463921241,52.5990287451,Grünanlage,Parkgraben,,6873.32,988.81,6.9511
Feature,13.3799751441281,52.489178986359924,Grünanlage,"Viktoriapark, Tiergehege",,1189.36,213.24,5.5776
Feature,13.427308782549478,52.5278826916411,Grünanlage,"Volkspark Friedrichshain, Märchenbrunnen",,9112.09,729.41,12.4924
Feature,13.432644321068445,52.49833236063343,Grünanlage,Görlitzer Park Fläche BBB,Teilfläche auf Spreewaldbad,1035.93,274.25,3.7773
Feature,13.555663846287553,52.55229969922769,Grünanlage,Grünzug Alfred-Döblin-Str. zur L.-Renn-Str.,und Walter Felsenstein-Straße,44487.83,3399.99,13.0847
Feature,13.559846191962025,52.511142402644886,Grünanlage,Schlosspark Biesdorf,Gartendenkmal,100377.51,1839.9,54.5559
Feature,13.41312839305827,52.49545005076525,Grünanlage,"Fraenkelufer, Grünanl.",Admiralbrücke bis Erkelenzdamm,1163.06,450.59,2.5812
Feature,13.394971079156033,52.37882667228225,Grünanlage,Mahlower Seegraben,zw. Weberstr. und Löwenbrucher Weg,634.53,222.12,2.8567
Feature,13.42328788783551,52.49946537779986,Grünanlage,Skalitzer Str. 121,"Çetin-Mert-Park, Ecke Mariannenstr.",3299.8,382.9,8.6178
Feature,13.579075614067927,52.53205205700975,Grünanlage,Kienbergterrassen und Platz am See,,23905.12,1968.7,12.1426
Feature,13.58122210078444,52.5344046409446,Grünanlage,Plateau,,10435.01,774.63,13.471
Feature,13.579664579553993,52.534463887708476,Grünanlage,Kienberg südlich BMG und BMG 1,,211421.24,4973.14,42.5126
Feature,13.583487425764044,52.533877658019215,Grünanlage,Kienberg/Wuhletal,,139234.21,4210.86,33.0655
Feature,13.589071718667748,52.53154067825748,Grünanlage,J.S.Friedenspark,,83091.39,2907.72,28.5761
Feature,13.587530681413368,52.52984367336395,Grünanlage,Märkischer Garten mit Festplatz,,5474.65,526.35,10.4011
Feature,13.523090524548072,52.44689159961091,Grünanlage,Groß-Berliner Damm Gleislinse Jo GA,von S-Bhf.-Schöneweide nach S-Bhf.-Adlershof,32857.35,2305.0,14.2548
Feature,13.176649866387638,52.482512534146615,Grünanlage,Straße 264,,3561.91,682.23,5.221
Feature,13.56148333637975,52.55306151187243,Grünanlage,Ringkolonnaden - DEGEWO-Fläche,"Teilung 31.01.2019, 1. Teilfläche",4637.87,610.66,7.5948
Feature,13.50153875497136,52.495891146173044,Grünanlage,Dolgenseestr. 43 / Rodelberg / GA,,6734.39,413.49,16.2868
Feature,13.133192777095363,52.53213651088761,Grünanlage,Bullengrabengrünzug VI-Metropolitan Park,ehem  Krankenhaus Staaken-West,15629.06,1185.97,13.1783
Feature,13.517416679206756,52.5707141412385,Grünanlage,Grevesmühlener Str. 43 / GA hinter 'Leo's Hütte',,1203.79,376.15,3.2003
Feature,13.167810874657544,52.528288037887954,Grünanlage,Egelpfuhlgraben-Grünzug-Erweiterungsflächen,,29455.94,1138.32,25.8768
Feature,13.20060291886114,52.53261693976119,Grünanlage,Ufergrünzug Dischinger Brücke bis DB-Brücke,Sternbergpromenade,3400.47,536.39,6.3396
Feature,13.468846762278114,52.499386589689905,Grünanlage,"Kynaststr. 4, 5",am Uferweg Paul-und-Paula-Ufer,2101.4,206.37,10.1825
Feature,13.371145232338389,52.51433035465619,Grünanlage,Großer Tiergarten - Steppengarten,,2253.6,206.34,10.922
Feature,13.347124881201559,52.5176127685901,Grünanlage,Großer Tiergarten - Steingarten,im Englischen Garten,824.83,157.85,5.2253
Feature,13.571452040957634,52.54824343972307,Grünanlage,Paradiesgärten Schönagelstraße,Kiezpark Schönagelstraße,815.45,113.17,7.2053
Feature,13.513879303665867,52.57856336627348,Grünanlage,Fennpfuhlweg 65 / GA hinter Sportanlage Wartenberg,,5584.42,842.55,6.628
Feature,13.339571949104464,52.510028684147876,Grünanlage,Gartenufer,am Landwehrkanal,4036.71,1098.38,3.6751
Feature,13.506888423882076,52.47833886355985,Grünanlage,Hegemeisterweg 1,,3874.99,423.3,9.1542
Feature,13.6137935588641,52.50226463771521,Grünanlage,Um Gründerzeitmuseum,Gutspark Mahlsdorf,3470.84,371.85,9.3339
Feature,13.430357705345802,52.415987253215896,Grünanlage,Lindholzweg - Grünanlage,,1536.83,183.52,8.374
Feature,13.439180029055834,52.447574070037454,Grünanlage,Gutspark Britz Rosarium,,8923.55,445.39,20.0351
Feature,13.438486403213082,52.445571190730604,Grünanlage,Gutshof Britz - Teil 2,,22921.64,2337.4,9.8065
Feature,13.400574699543926,52.532272025336376,Grünanlage,Volkspark am Weinbergsweg,Nordwestteil Brunnenstr./Veteranenberg,25454.63,1762.13,14.4454
Feature,13.180793245355028,52.48432235570081,Grünanlage,Windmühlenberg-Erweiterungsfläche,südl Bockwindmühle Gatow,4100.96,260.39,15.7493
Feature,13.522642440392831,52.57606337693422,Grünanlage,Am Wartenberger Luch / nördlich Nr. 3-41,,4492.24,733.94,6.1207
Feature,13.504321412302748,52.58528938273218,Grünanlage,Ahornallee / Wartenberger Feldmark,,30577.44,6394.69,4.7817
Feature,13.506203150530629,52.59172702178298,Grünanlage,Landmarke / Wartenberger Feldmark,,13926.34,546.97,25.4607
Feature,13.507203382358377,52.58771081394245,Grünanlage,Schälingsweg / Wartenberger Feldmark,,22200.72,879.1,25.254
Feature,13.506420633112542,52.58225927479859,Grünanlage,Wiesenweg / Wartenberger Feldmark,,2931.16,989.55,2.9621
Feature,13.509836597482083,52.587241163479085,Grünanlage,Wartenberger Feldmarkweg,,25742.86,3290.57,7.8232
Feature,13.313257760030362,52.62424031066049,Grünanlage,Cecilienplatz,,2484.57,468.08,5.308
Feature,13.515887409855033,52.584764039999996,Grünanlage,Pappelweg / Wartenberger Feldmark,,7278.54,2793.22,2.6058
Feature,13.341584711895822,52.52591787088582,Grünanlage,Kleiner Tiergarten West,westlich der Stromstraße,9095.0,446.86,20.353
Feature,13.38773745923932,52.546067677763226,Grünanlage,"Volkspark Humboldthain, Gewässerlauf",,2351.99,408.01,5.7645
Feature,13.610964946249142,52.459161207643284,Grünanlage,Spitzwegerichweg Pappeln Fr GA,Zwischen KGA Erpetal und Weide B,983.66,257.7,3.8171
Feature,13.373814018544266,52.53592498173336,Grünanlage,Park an der Südpanke,nördlich Ida-von-Arnim-Str,4188.49,431.24,9.7127
Feature,13.177736981415382,52.48590110170294,Grünanlage,Windmühlenberg-NSG-33,zw. Am Berghang und An den Berggärten,50557.33,1021.84,49.4768
Feature,13.517540747704942,52.407274544299995,Grünanlage,Landschaftspark Rudow-Altglienicke,,222194.55,3027.63,73.3889
Feature,13.425714820398484,52.46142936901424,Grünanlage,Carl-Weder-Park,,52056.92,3508.36,14.838
Feature,13.424423973568473,52.47202323716684,Grünanlage,Anita-Berber-Park,,63789.11,1351.06,47.2141
Feature,13.344690048809143,52.50875705547965,Grünanlage,Corneliusufer,Uferweg am Landwehrkanal,1509.87,388.44,3.887
Feature,13.547554695347987,52.4171059537939,Grünanlage,Germanenplatz Ag GA,,1723.09,252.49,6.8245
Feature,13.195051423374439,52.545534362408695,Grünanlage,Grünanlage-II Falkenseer Damm  Ackerstr,,1279.12,214.1,5.9745
Feature,13.3314331386072,52.55469172025302,Grünanlage,Volkspark Rehberge,Weg zur Freilichtbühne,1135.63,298.94,3.7988
Feature,13.311576792645829,52.549809090893945,Grünanlage,Biotopfläche Allee du Stade,,20167.4,712.9,28.2891
Feature,13.38399221727976,52.58322545174003,Grünanlage,westl. Zingergraben,,772.18,301.52,2.5609
Feature,13.579764070198866,52.561704320882455,Grünanlage,Eichepark Beweidungsflächen,ehem.Teilfläche vom Eichepark (00151),148144.12,3602.02,41.1281
Feature,13.563504271351407,52.544021727944745,Grünanlage,Mühle Dorf Alt-Marzahn,,2029.09,175.86,11.5379
Feature,13.581822199591473,52.55876028296947,Grünanlage,Um Ahrensfelder Berge,,54007.55,6002.87,8.997
Feature,13.53988958857546,52.57655937237791,Grünanlage,Fläche westlich des Tierfriedhofs,Falkenberg,16076.33,1024.51,15.6917
Feature,13.542155001699715,52.5783339769545,Grünanlage,Fläche nordwestlich des Tierheims,,32759.45,808.11,40.5384
Feature,13.524938387738798,52.47092938757111,Grünanlage,Treskowallee 175-211/ Weg und Bäume Ob GA,Radweg,16506.89,2183.69,7.5592
Feature,13.562311177873168,52.57755144278243,Grünanlage,Gehrensee-Park / üblich / Grünanlage,,45428.86,2261.72,20.086
Feature,13.472228415146509,52.51526480064355,Grünanlage,Schleidenplatz,,1226.72,294.42,4.1666
Feature,13.503976626324848,52.528828372941284,Grünanlage,Herzbergstr. 80 / Weidefläche ehem. Zeltlager,,13130.91,547.17,23.998
Feature,13.505302495204242,52.520441376933874,Grünanlage,Weidefläche zw. Gotlindestr. & Herzbergstr.,,21815.61,874.59,24.9438
Feature,13.517066834555873,52.52530171156599,Grünanlage,Grünfläche hinter Rhinstr. 51-77/am Südbecken,,14167.75,1346.76,10.5199
Feature,13.372787386268717,52.504971488081196,Grünanlage,Potsdamer Platzareal Urbane Gewässer,Wasserbecken Reichpietschufer,731.76,223.17,3.2789
Feature,13.494539408422654,52.57570454427636,Grünanlage,Weidefläche zw. Zingster Str. und Wartenberger Weg,,79822.29,1289.69,61.8925
Feature,13.487743873527801,52.57047067714501,Grünanlage,Malchower See Park / HSH Weg,,87848.45,2424.32,36.2364
Feature,13.562613234661058,52.544261029972354,Grünanlage,Dorf Alt -Marzahn Weideflächen,,9935.56,923.89,10.7541
Feature,13.518569071590258,52.562671543105935,Grünanlage,Pablo-Picasso-Str. neben 12,,10043.55,522.22,19.2324
Feature,13.137755007481012,52.552520920215514,Grünanlage,Grünzug Albrechtshof-Landesgrenze,Grünes Band-Radweg der Sympathie,22996.92,1525.69,15.0731
Feature,13.178781231174296,52.484385290422715,Grünanlage,Windmühlenberg,,27880.62,992.72,28.0851
Feature,13.147696759849415,52.55890148600963,Grünanlage,Spektegrünzug D-Weide,,57179.86,1236.6,46.2395
Feature,13.145601364850592,52.52018166589263,Grünanlage,Hahneberg-GA Hänge und Weiden,,414574.58,17803.31,23.2864
Feature,13.211116806669196,52.54547842369069,Grünanlage,Frieda-Arnheim-Promenade-GA,zw Brauereihof-Triftstaße an der Havel,2963.96,422.11,7.0218
Feature,13.517058731755544,52.41795682326107,Grünanlage,Rudower Höhe-West,,26242.0,873.94,30.0272
Feature,13.5205014265994,52.42029064473875,Grünanlage,Rudower Höhe Trapez,,2192.81,336.55,6.5156
Feature,13.293603389046535,52.54477437157336,Grünanlage,Volkspark Jungfernheide -  ehem. Wildgehege,Ehem. Wildgehege,58638.65,1391.12,42.1522
Feature,13.14516899557973,52.530403359674125,Grünanlage,Bullengrabengrünzug IV-Stieglake,Stieglakebecken bis Brunsbütteler Damm,65796.54,2668.12,24.6603
Feature,13.327882866376816,52.413855047610674,Grünanlage,Lilienthal-Gedenkstätte WG - Teil 3/3,Spiegelbecken,3502.09,281.64,12.4345
Feature,13.516807019331575,52.486696571623675,Grünanlage,Sangeallee 50 / GA temporär,,1606.46,193.77,8.2904
Feature,13.624675897057498,52.500092402940126,Grünanlage,Grünverbindung (Porta),,3023.34,261.61,11.5569
Feature,13.57036502583324,52.45622266145098,Grünanlage,Cardinalplatz 1C Wuhlegarten Köp GA,Interkultureller Garten,4736.72,277.96,17.0409
Feature,13.581085689075094,52.523424205180525,Grünanlage,Öffentliche Grünanlage,Teterower Ring (168),4101.91,390.13,10.5142
Feature,13.49971082948485,52.46742212575034,Grünanlage,"Köpenicker Landstraße 
Minna-Todenhagen-Straße Nie SOP",im Bau - gehört zu PO 050071,2821.29,463.93,6.0813
Feature,13.500438862336587,52.475560487801935,Grünanlage,Nalepastraße an der KGA Wilhelmstrand / Bunker,Bunker,757.19,111.23,6.8072
Feature,13.219728668468855,52.60755431577097,Grünanlage,"Grabens. Hlgs., Heiligenseegraben",,1205.58,247.36,4.8738
Feature,13.503519901691822,52.47081540727364,Grünanlage,Minna-Todenhagen-Straße Ob GA,,4364.59,656.18,6.6515
Feature,13.366793378070552,52.52761862470218,Grünanlage,Geschichtspark Vorflächen,Flächen vor ehemaliger Friedhofsmauer,7501.73,733.86,10.2222
Feature,13.275765515402508,52.58337381494729,Grünanlage,"Borsigdamm, am Borsighafen",,17384.48,1938.9,8.9661
Feature,13.274466777393494,52.58678990302413,Grünanlage,Greenwichpromenade hochwertig,,10527.59,1263.68,8.3309
Feature,13.365303381915787,52.52773763717155,Grünanlage,Geschichtspark Zufahrt Lehrter Str. 5 b - d,,1036.6,327.36,3.1665
Feature,13.547671416662391,52.408409619451064,Grünanlage,Malvenweg/ Kleiner Mohnweg (Gabione) Ag GA,,1420.78,430.98,3.2966
Feature,13.367970508974828,52.55233179335887,Grünanlage,Nauener Platz,Baustelleneinrichtung Süd auf Grünanlage,654.14,106.26,6.156
Feature,13.510240517127327,52.47209691709215,Grünanlage,Mentelinstraße/ Wattstraße Ob GA,eingezäunte Fläche Zugang über Wattstraße ggü. Heckenweg,1927.48,286.28,6.7329
Feature,13.484620612939912,52.63503432669083,Grünanlage,Moorlinse,"Moorlinse südl, Am Sandhaus. westl. kleine Wiltbergstraße",64616.35,12880.34,5.0167
Feature,13.430873009861374,52.412392491099666,Grünanlage,Buckower Felder-Mauerweg,,9743.16,1610.88,6.0483
Feature,13.38760452188188,52.50121970931919,Grünanlage,Stresemannstr. zw. 38-44,Wilhelmstr. zw. 131 und 138,3797.02,586.74,6.4713
Feature,13.11721177763949,52.46022824286492,Grünanlage,Verlängerte Uferpromenade-GA II,ggü Badestelle sog.Moorloch,30391.98,1064.56,28.5488
Feature,13.129332914293297,52.5333867442763,Grünanlage,Staaken West-I-Zauneidechsenhabitat,Am Zeppelinpark,9298.32,438.23,21.2178
Feature,13.134413829411104,52.53024679054002,Grünanlage,Staaken West-II-GA,Am Zepplinpark,10102.28,756.64,13.3515
Feature,13.148291676856148,52.528555757630755,Grünanlage,Bullengrabengrünzug VII-histor sog Grohmannfläche,LPV-Pflege südl Stieglakebecken,27321.07,1016.99,26.8646
Feature,13.203025715451563,52.513549245656094,Grünanlage,Grimnitzseepark-Havelspitze,Grimnitzgraben,2105.54,373.39,5.639
Feature,13.238186567357415,52.54679915192858,Grünanlage,Haselhorster Damm-Saatwinkler Damm-GA,an der Weihnachtskirche,1223.78,263.19,4.6498
Feature,13.576351295716847,52.56012480675082,Grünanlage,Park am Weidengrund,,44028.96,2458.05,17.9122
Feature,13.52717680059964,52.46991759757433,Grünanlage,Treskowallee 175-211/ Biotopfläche Ob GA,GUS-Flächen,55371.36,2132.89,25.9607
Feature,13.505965852876745,52.499465744440194,Grünanlage,Volkradstr. 22-32 / Passage / üblich,,11080.02,587.37,18.8639
Feature,13.335670124666965,52.51122288612539,Grünanlage,Schleusenkrug,Pachtfläche,1053.52,183.53,5.7404
Feature,13.3598737186176,52.547525078270446,Grünanlage,Leopoldplatz an der Alten Nazarethkirche,,821.63,196.25,4.1867
Feature,13.567139974594745,52.46908810013036,Grünanlage,Hoppendorfer Straße/ Wuhlegrünzug Köp GA,von Mozartstraße/ Zum Wuhleblick bis Bischoftaler Straße mit Radweg,17224.12,3348.85,5.1433
Feature,13.365801579299541,52.53145194724026,Grünanlage,Lisa-Fittko-Str./ George-Stephenson-Str.,Grünanlage,942.1,126.18,7.4661
Feature,13.584121279806757,52.53250065848874,Grünanlage,Kienberg/Wuhletal,15 Ergänzung,3813.64,883.2,4.318
Feature,13.583799290569797,52.414516331200275,Grünanlage,Regattastraße Uferweg Gr GA,ohne Pflege,765.23,231.77,3.3016
Feature,13.52650186027465,52.55630953874246,Grünanlage,Gehrenseestr. / zw. S-Bhf und P.-Picasso-Str.,,1706.56,340.04,5.0187
Feature,13.42821231687157,52.50916794684366,Grünanlage,Spreeuferpromenade Paula-Thiede Ufer,,756.75,220.87,3.4263
Feature,13.112898685480035,52.45676346726284,Grünanlage,Verlängerte Uferpromenade II,Groß-Glienicker-See,1116.8,152.82,7.3081
Feature,13.506470264262049,52.47686238498629,Grünanlage,Gleyeweg / Rummelsburger Landstraße,,1461.54,430.9,3.3919
Feature,13.60429763656801,52.47959890612659,Grünanlage,Ullrichplatz - Teil 2,Ullrichstraße,1310.83,152.3,8.607
Feature,13.354197678247239,52.50617583376264,Grünanlage,Herkulesufer,,1244.61,500.6,2.4862
Feature,13.594813309704557,52.54272091718284,Grünanlage,Grünanlage Havelländer Ring,,2293.38,263.43,8.7057
Feature,13.304510559825989,52.521923299213995,Grünanlage,Sömmeringstr. 5a - Grünanlage,Österreichgarten,2154.14,349.47,6.164
Feature,13.525019592353882,52.5658130993136,Grünanlage,Quartierspark Randowstr. 11-13 / GA hochwertig,Premium-Anlage,1205.33,143.0,8.4286
Feature,13.38284535769355,52.50087969386129,Grünanlage,Möckernstr. 131/ Kleinbeerenstr.,Durchwegung Hallesche Str. neben 20,1619.78,256.09,6.325
Feature,13.516543254589584,52.45701195480382,Grünanlage,Helga-Hahnemann-Straße Nie GA,im Bau/ B-Plan XV-11,3517.28,251.94,13.9609
Feature,13.554070453918518,52.55105283397638,Grünanlage,Hochzeitspark Marzahn Teil 2,zw. Ludwig-Renn-Straße und A.-Döblin-Straße,16478.51,798.31,20.6419
Feature,13.539617498030925,52.53684855751488,Grünanlage,Bruno-Baum-Straße - Grünzug Teil 2,zw. Poelchaustr. und Landsberger Allee,5124.84,406.47,12.608
Feature,13.317467572037831,52.59081602653931,Grünanlage,Kesselpfuhlgraben,,4316.96,981.8,4.397
Feature,13.36430194912627,52.52072139598508,Grünanlage,Moabiter Werder Bundeskanzleramt,,27112.2,1953.16,13.8812
Feature,13.61206272885616,52.45997584401428,Grünanlage,Spitzwegerichweg Fr GA,Zwischen KGA Erpetal und Weide B,2252.18,577.93,3.897
Feature,13.595014391382426,52.452671426274215,Grünanlage,Neuhagener Fließ Köp GA,südlich Fürstenwalder Damm/ Freiarmbrücke,606.48,255.94,2.3696
Feature,13.623822545369812,52.4655237873417,Grünanlage,Am Neuhagener Mühlenfließ Fr GA,LSG von Landesgrenze bis Brücke Hauptweg KGA Wiesengrund,9488.35,2059.43,4.6073
Feature,13.621544807474589,52.46411686028692,Grünanlage,Am Neuhagener Mühlenfließ Fr GA,LSG von Brücke Hauptweg KGA Wiesengrund bis Brücke KGA Am Kurpark,5913.05,1970.72,3.0005
Feature,13.619104169315081,52.460381596865524,Grünanlage,Erpetal/ Neuhagener Mühlenfließ Fr GA,LSG von Brücke KGA Am Kurpark bis Hinter dem Kurpark (Straße),11025.86,3208.55,3.4364
Feature,13.610268406792978,52.4572569037864,Grünanlage,Am Wiesenrain Fr GA,westlich von 110021,3321.17,246.44,13.4764
Feature,13.60477535985603,52.45650667480094,Grünanlage,Neuhagener Mühlenfließ Erpe Fr GA,LSG von Am Wiesenrain bis Brücke Grillenweg/ einschl. Grillenweg,16992.92,1994.28,8.5208
Feature,13.480099647478742,52.481477691160336,Grünanlage,Am Plänterwald/ Orionstraße Pl GA,Innenhof,4568.73,407.03,11.2245
Feature,13.526753060506675,52.46879851132757,Grünanlage,An der Wuhlheide 81/ Modellpark Ob GA,nur Bäume,6998.64,354.6,19.7369
Feature,13.537356037692561,52.52226645037623,Grünanlage,Grünanlage Klüsserather Weg,ehemals Teilfläche KGA Steintal,1208.23,173.13,6.9789
Feature,13.329220545662015,52.53869090058156,Grünanlage,Seestraße südlich am Westhafenkanal,,3274.71,352.21,9.2977
Feature,13.567160834762252,52.437252972950525,Grünanlage,Mahlower Straße Vollkropfwiesen Gr GA,,10323.16,765.74,13.4812
Feature,13.66442699902545,52.40998382178337,Grünanlage,An der Großen Krampe/ Gosener Damm Mü GA,,1589.21,280.83,5.659
Feature,13.161350252532722,52.50362725299212,Grünanlage,Potsdamer Chaussee-Grünstreifen vor Rieslfelder,zw Graben A und Graben G und zw Radweg und BWB-Rieselfelder,10384.2,1235.69,8.4035
Feature,13.528663607731806,52.43507962019523,Grünanlage,Katharina-Boll-Dornberger-Straße Ahof GA,Anger,2291.89,252.29,9.0842
Feature,13.284089912069328,52.41942637106416,Grünanlage,Platz der US-Berlin-Brigaden WG,,2183.99,556.72,3.923
Feature,13.333016368300873,52.52131369701311,Grünanlage,Levetzowstr./Jagowstr. Mahnmahl,,838.18,153.91,5.4459
Feature,13.504079820546501,52.52354867938837,Grünanlage,Weideflächen zw. Siegfriedstraße 60 & Herzbergstr. 77,,11565.82,1742.07,6.6391
Feature,13.507366967133104,52.52219577079433,Grünanlage,Weideflächen Herzberge,Schlüssel bei Fr. Müller,72285.07,2215.42,32.6282
Feature,13.54410921014218,52.49255767374151,Grünanlage,Weideflächen Biesenhorster Sand,,34750.14,1039.08,33.4431
Feature,13.219278219272695,52.54140577725002,Grünanlage,Zitadelle III-Motorworld Manufaktur Berlin,Zitadellengrünzug-Umfeld,3862.55,558.84,6.9118
Feature,13.441091139682998,52.513932368317526,Grünanlage,Straße der Pariser Kommune 22-32,Fredersdorfer Str. neben 28,1307.44,339.74,3.8484
Feature,13.449236235352625,52.51514381076098,Grünanlage,Lasdehner Str./ Hildegard-Jadamowitz-Str.,,622.71,198.48,3.1374
Feature,13.214145667944052,52.53945567340181,Grünanlage,Zitadelle II-östl Glacis Wladimir-Gall-Weg,Zitadellen-Vorgelände-Umfeld,20261.25,1119.68,18.0956
Feature,13.575425833832279,52.4579924086867,Grünanlage,Hämmerlingstraße/ Wuhlewanderweg Köp GA,Hämmerlingstraße zum Forum,3671.39,1314.25,2.7935
Feature,13.310109054091065,52.5487985918928,Grünanlage,Allée Du Stade Verbindung Fernradweg,,1828.68,463.73,3.9434
Feature,13.504072868393719,52.530335313338924,Grünanlage,NER Herzberge - ehem. Zeltlager,,16863.76,523.56,32.2099
Feature,13.282831289923623,52.53670619069537,Grünanlage,Charlottenburg Nord - Halemweg - Grünanlage,Halemweg - westl. Heilmannring,9142.95,1345.47,6.7954
Feature,13.383011987068041,52.48790401760101,Grünanlage,"Viktoriapark, Wolfsschlucht",,4958.83,332.3,14.9229
Feature,13.477837180641332,52.510957405991064,Grünanlage,Wilhelm-Guddorf-Str. 10-18,,5762.75,621.4,9.2738
Feature,13.387827225374416,52.503665253383495,Grünanlage,Wilhelmstr. vor 20-24,,2788.23,318.13,8.7645
Feature,13.52551302420616,52.435056694157815,Grünanlage,Katharina-Boll-Dornberger-Straße /Karl-Ziegler-Straße Ahof GA,"Grünzug Oktogon Nord
 ""Fußgängerzone""",8370.66,1148.61,7.2877
Feature,13.49977958600757,52.581007175001126,Grünanlage,Priesterkuten / Wartenberger Feldmark,,12821.46,502.98,25.4911
Feature,13.519885245013048,52.559094655584,Grünanlage,Wartenberger Str. Wegeverbindung,,17100.16,934.31,18.3025
Feature,13.363165867443408,52.53154179773826,Grünanlage,Döberitzer Grünzug Nord,,15679.81,1217.35,12.8803
Feature,13.492431697512773,52.51864676047631,Grünanlage,Gotlindestr. 80 / Staudengarten,Premium-Anlage,866.56,135.98,6.3728
Feature,13.365648446119529,52.528778837752256,Grünanlage,Döberitzer Grünzug Süd,zw. Lehrter Str. Stichstr. und Minna-Cauer-Str.,3183.02,366.54,8.6839
Feature,13.720602744013405,52.439081351364486,Grünanlage,Dagobert-Wiesmüller-Platz Ra GA,Boule-Anlage im PO 120012,626.47,149.17,4.1997
Feature,13.403892347680026,52.39098531808323,Grünanlage,Lichtenrader Graben West  GA - (verrohrt),,1254.28,312.39,4.0152
Feature,13.142347955084507,52.45384284151737,Grünanlage,Kladower Damm zw. 386-390,Erschließungsgrünanlage,1650.71,303.76,5.4342
Feature,13.145549135478044,52.45265412884973,Grünanlage,Alt-Kladow-Kriegerdenmal Grünanlage,,1511.17,235.41,6.4192
Feature,13.379278769864564,52.595130242911495,Grünanlage,Friedrich-Engels-Straße h.175,,722.32,137.28,5.2617
Feature,13.416024472673785,52.39275553338086,Grünanlage,Volkspark Lichtenrade - GA (ungewidmet),,6023.81,397.47,15.1552
Feature,13.369250250580505,52.51473859005613,Grünanlage,Großer Tiergarten - Floraplatz,Amazone zu Pferde,7491.2,466.08,16.0729
Feature,13.511734174525877,52.482962437052294,Grünanlage,Parkstadt Blockdammweg / hint. G.-Klingenberg-Str. 3-21,,13992.5,1203.51,11.6264
Feature,13.375658919052192,52.55128163901132,Grünanlage,Brunnenplatz,hinter Amtsgericht,11974.61,1070.75,11.1834
Feature,13.352555059048283,52.556494258303196,Grünanlage,Schillerpark,vordere Bastion,5345.34,345.8,15.4577
Feature,13.17040997794601,52.49315538430659,Grünanlage,Fläche G-Gatow,zw Graben L und E und südl Rieselfeldabfanggraben,122066.75,5515.03,22.1335
